uf,municipio,evento,data_referencia,vitima
PR,ABATIÁ,Feminicídio,1/1/2025,0
PR,ABATIÁ,Feminicídio,1/2/2025,0
PR,ABATIÁ,Feminicídio,1/3/2025,0
PR,ABATIÁ,Feminicídio,1/4/2025,0
PR,ABATIÁ,Feminicídio,1/5/2025,0
PR,ABATIÁ,Feminicídio,1/6/2025,0
PR,ABATIÁ,Feminicídio,1/7/2025,0
PR,ABATIÁ,Feminicídio,1/8/2025,0
PR,ABATIÁ,Feminicídio,1/9/2025,0
PR,ABATIÁ,Feminicídio,1/10/2025,0
PR,ABATIÁ,Feminicídio,1/11/2025,0
PR,ABATIÁ,Feminicídio,1/12/2025,0
PR,ABATIÁ,Tentativa de feminicídio,1/1/2025,0
PR,ABATIÁ,Tentativa de feminicídio,1/2/2025,0
PR,ABATIÁ,Tentativa de feminicídio,1/3/2025,0
PR,ABATIÁ,Tentativa de feminicídio,1/4/2025,0
PR,ABATIÁ,Tentativa de feminicídio,1/5/2025,0
PR,ABATIÁ,Tentativa de feminicídio,1/6/2025,0
PR,ABATIÁ,Tentativa de feminicídio,1/7/2025,0
PR,ABATIÁ,Tentativa de feminicídio,1/8/2025,0
PR,ABATIÁ,Tentativa de feminicídio,1/9/2025,1
PR,ABATIÁ,Tentativa de feminicídio,1/10/2025,0
PR,ABATIÁ,Tentativa de feminicídio,1/11/2025,0
PR,ABATIÁ,Tentativa de feminicídio,1/12/2025,0
PR,ADRIANÓPOLIS,Feminicídio,1/1/2025,0
PR,ADRIANÓPOLIS,Feminicídio,1/2/2025,0
PR,ADRIANÓPOLIS,Feminicídio,1/3/2025,0
PR,ADRIANÓPOLIS,Feminicídio,1/4/2025,0
PR,ADRIANÓPOLIS,Feminicídio,1/5/2025,0
PR,ADRIANÓPOLIS,Feminicídio,1/6/2025,0
PR,ADRIANÓPOLIS,Feminicídio,1/7/2025,0
PR,ADRIANÓPOLIS,Feminicídio,1/8/2025,0
PR,ADRIANÓPOLIS,Feminicídio,1/9/2025,0
PR,ADRIANÓPOLIS,Feminicídio,1/10/2025,0
PR,ADRIANÓPOLIS,Feminicídio,1/11/2025,0
PR,ADRIANÓPOLIS,Feminicídio,1/12/2025,0
PR,ADRIANÓPOLIS,Tentativa de feminicídio,1/1/2025,0
PR,ADRIANÓPOLIS,Tentativa de feminicídio,1/2/2025,0
PR,ADRIANÓPOLIS,Tentativa de feminicídio,1/3/2025,0
PR,ADRIANÓPOLIS,Tentativa de feminicídio,1/4/2025,0
PR,ADRIANÓPOLIS,Tentativa de feminicídio,1/5/2025,0
PR,ADRIANÓPOLIS,Tentativa de feminicídio,1/6/2025,0
PR,ADRIANÓPOLIS,Tentativa de feminicídio,1/7/2025,0
PR,ADRIANÓPOLIS,Tentativa de feminicídio,1/8/2025,0
PR,ADRIANÓPOLIS,Tentativa de feminicídio,1/9/2025,0
PR,ADRIANÓPOLIS,Tentativa de feminicídio,1/10/2025,0
PR,ADRIANÓPOLIS,Tentativa de feminicídio,1/11/2025,0
PR,ADRIANÓPOLIS,Tentativa de feminicídio,1/12/2025,0
PR,AGUDOS DO SUL,Feminicídio,1/1/2025,0
PR,AGUDOS DO SUL,Feminicídio,1/2/2025,0
PR,AGUDOS DO SUL,Feminicídio,1/3/2025,0
PR,AGUDOS DO SUL,Feminicídio,1/4/2025,0
PR,AGUDOS DO SUL,Feminicídio,1/5/2025,0
PR,AGUDOS DO SUL,Feminicídio,1/6/2025,0
PR,AGUDOS DO SUL,Feminicídio,1/7/2025,0
PR,AGUDOS DO SUL,Feminicídio,1/8/2025,0
PR,AGUDOS DO SUL,Feminicídio,1/9/2025,0
PR,AGUDOS DO SUL,Feminicídio,1/10/2025,0
PR,AGUDOS DO SUL,Feminicídio,1/11/2025,0
PR,AGUDOS DO SUL,Feminicídio,1/12/2025,0
PR,AGUDOS DO SUL,Tentativa de feminicídio,1/1/2025,0
PR,AGUDOS DO SUL,Tentativa de feminicídio,1/2/2025,0
PR,AGUDOS DO SUL,Tentativa de feminicídio,1/3/2025,0
PR,AGUDOS DO SUL,Tentativa de feminicídio,1/4/2025,0
PR,AGUDOS DO SUL,Tentativa de feminicídio,1/5/2025,0
PR,AGUDOS DO SUL,Tentativa de feminicídio,1/6/2025,0
PR,AGUDOS DO SUL,Tentativa de feminicídio,1/7/2025,0
PR,AGUDOS DO SUL,Tentativa de feminicídio,1/8/2025,0
PR,AGUDOS DO SUL,Tentativa de feminicídio,1/9/2025,0
PR,AGUDOS DO SUL,Tentativa de feminicídio,1/10/2025,0
PR,AGUDOS DO SUL,Tentativa de feminicídio,1/11/2025,0
PR,AGUDOS DO SUL,Tentativa de feminicídio,1/12/2025,0
PR,ALMIRANTE TAMANDARÉ,Feminicídio,1/1/2025,0
PR,ALMIRANTE TAMANDARÉ,Feminicídio,1/2/2025,1
PR,ALMIRANTE TAMANDARÉ,Feminicídio,1/3/2025,0
PR,ALMIRANTE TAMANDARÉ,Feminicídio,1/4/2025,0
PR,ALMIRANTE TAMANDARÉ,Feminicídio,1/5/2025,0
PR,ALMIRANTE TAMANDARÉ,Feminicídio,1/6/2025,0
PR,ALMIRANTE TAMANDARÉ,Feminicídio,1/7/2025,0
PR,ALMIRANTE TAMANDARÉ,Feminicídio,1/8/2025,0
PR,ALMIRANTE TAMANDARÉ,Feminicídio,1/9/2025,0
PR,ALMIRANTE TAMANDARÉ,Feminicídio,1/10/2025,0
PR,ALMIRANTE TAMANDARÉ,Feminicídio,1/11/2025,0
PR,ALMIRANTE TAMANDARÉ,Feminicídio,1/12/2025,0
PR,ALMIRANTE TAMANDARÉ,Tentativa de feminicídio,1/1/2025,0
PR,ALMIRANTE TAMANDARÉ,Tentativa de feminicídio,1/2/2025,0
PR,ALMIRANTE TAMANDARÉ,Tentativa de feminicídio,1/3/2025,1
PR,ALMIRANTE TAMANDARÉ,Tentativa de feminicídio,1/4/2025,0
PR,ALMIRANTE TAMANDARÉ,Tentativa de feminicídio,1/5/2025,0
PR,ALMIRANTE TAMANDARÉ,Tentativa de feminicídio,1/6/2025,0
PR,ALMIRANTE TAMANDARÉ,Tentativa de feminicídio,1/7/2025,0
PR,ALMIRANTE TAMANDARÉ,Tentativa de feminicídio,1/8/2025,0
PR,ALMIRANTE TAMANDARÉ,Tentativa de feminicídio,1/9/2025,0
PR,ALMIRANTE TAMANDARÉ,Tentativa de feminicídio,1/10/2025,0
PR,ALMIRANTE TAMANDARÉ,Tentativa de feminicídio,1/11/2025,0
PR,ALMIRANTE TAMANDARÉ,Tentativa de feminicídio,1/12/2025,1
PR,ALTAMIRA DO PARANÁ,Feminicídio,1/1/2025,0
PR,ALTAMIRA DO PARANÁ,Feminicídio,1/2/2025,0
PR,ALTAMIRA DO PARANÁ,Feminicídio,1/3/2025,0
PR,ALTAMIRA DO PARANÁ,Feminicídio,1/4/2025,0
PR,ALTAMIRA DO PARANÁ,Feminicídio,1/5/2025,0
PR,ALTAMIRA DO PARANÁ,Feminicídio,1/6/2025,0
PR,ALTAMIRA DO PARANÁ,Feminicídio,1/7/2025,0
PR,ALTAMIRA DO PARANÁ,Feminicídio,1/8/2025,0
PR,ALTAMIRA DO PARANÁ,Feminicídio,1/9/2025,0
PR,ALTAMIRA DO PARANÁ,Feminicídio,1/10/2025,0
PR,ALTAMIRA DO PARANÁ,Feminicídio,1/11/2025,0
PR,ALTAMIRA DO PARANÁ,Feminicídio,1/12/2025,0
PR,ALTAMIRA DO PARANÁ,Tentativa de feminicídio,1/1/2025,0
PR,ALTAMIRA DO PARANÁ,Tentativa de feminicídio,1/2/2025,0
PR,ALTAMIRA DO PARANÁ,Tentativa de feminicídio,1/3/2025,0
PR,ALTAMIRA DO PARANÁ,Tentativa de feminicídio,1/4/2025,0
PR,ALTAMIRA DO PARANÁ,Tentativa de feminicídio,1/5/2025,0
PR,ALTAMIRA DO PARANÁ,Tentativa de feminicídio,1/6/2025,0
PR,ALTAMIRA DO PARANÁ,Tentativa de feminicídio,1/7/2025,0
PR,ALTAMIRA DO PARANÁ,Tentativa de feminicídio,1/8/2025,0
PR,ALTAMIRA DO PARANÁ,Tentativa de feminicídio,1/9/2025,0
PR,ALTAMIRA DO PARANÁ,Tentativa de feminicídio,1/10/2025,0
PR,ALTAMIRA DO PARANÁ,Tentativa de feminicídio,1/11/2025,0
PR,ALTAMIRA DO PARANÁ,Tentativa de feminicídio,1/12/2025,0
PR,ALTO PARANÁ,Feminicídio,1/1/2025,0
PR,ALTO PARANÁ,Feminicídio,1/2/2025,0
PR,ALTO PARANÁ,Feminicídio,1/3/2025,0
PR,ALTO PARANÁ,Feminicídio,1/4/2025,0
PR,ALTO PARANÁ,Feminicídio,1/5/2025,0
PR,ALTO PARANÁ,Feminicídio,1/6/2025,0
PR,ALTO PARANÁ,Feminicídio,1/7/2025,0
PR,ALTO PARANÁ,Feminicídio,1/8/2025,0
PR,ALTO PARANÁ,Feminicídio,1/9/2025,0
PR,ALTO PARANÁ,Feminicídio,1/10/2025,0
PR,ALTO PARANÁ,Feminicídio,1/11/2025,0
PR,ALTO PARANÁ,Feminicídio,1/12/2025,0
PR,ALTO PARANÁ,Tentativa de feminicídio,1/1/2025,0
PR,ALTO PARANÁ,Tentativa de feminicídio,1/2/2025,0
PR,ALTO PARANÁ,Tentativa de feminicídio,1/3/2025,0
PR,ALTO PARANÁ,Tentativa de feminicídio,1/4/2025,0
PR,ALTO PARANÁ,Tentativa de feminicídio,1/5/2025,0
PR,ALTO PARANÁ,Tentativa de feminicídio,1/6/2025,0
PR,ALTO PARANÁ,Tentativa de feminicídio,1/7/2025,0
PR,ALTO PARANÁ,Tentativa de feminicídio,1/8/2025,0
PR,ALTO PARANÁ,Tentativa de feminicídio,1/9/2025,0
PR,ALTO PARANÁ,Tentativa de feminicídio,1/10/2025,0
PR,ALTO PARANÁ,Tentativa de feminicídio,1/11/2025,0
PR,ALTO PARANÁ,Tentativa de feminicídio,1/12/2025,0
PR,ALTO PARAÍSO,Feminicídio,1/1/2025,0
PR,ALTO PARAÍSO,Feminicídio,1/2/2025,0
PR,ALTO PARAÍSO,Feminicídio,1/3/2025,0
PR,ALTO PARAÍSO,Feminicídio,1/4/2025,0
PR,ALTO PARAÍSO,Feminicídio,1/5/2025,0
PR,ALTO PARAÍSO,Feminicídio,1/6/2025,0
PR,ALTO PARAÍSO,Feminicídio,1/7/2025,0
PR,ALTO PARAÍSO,Feminicídio,1/8/2025,0
PR,ALTO PARAÍSO,Feminicídio,1/9/2025,0
PR,ALTO PARAÍSO,Feminicídio,1/10/2025,0
PR,ALTO PARAÍSO,Feminicídio,1/11/2025,0
PR,ALTO PARAÍSO,Feminicídio,1/12/2025,0
PR,ALTO PARAÍSO,Tentativa de feminicídio,1/1/2025,0
PR,ALTO PARAÍSO,Tentativa de feminicídio,1/2/2025,0
PR,ALTO PARAÍSO,Tentativa de feminicídio,1/3/2025,0
PR,ALTO PARAÍSO,Tentativa de feminicídio,1/4/2025,0
PR,ALTO PARAÍSO,Tentativa de feminicídio,1/5/2025,0
PR,ALTO PARAÍSO,Tentativa de feminicídio,1/6/2025,0
PR,ALTO PARAÍSO,Tentativa de feminicídio,1/7/2025,0
PR,ALTO PARAÍSO,Tentativa de feminicídio,1/8/2025,0
PR,ALTO PARAÍSO,Tentativa de feminicídio,1/9/2025,0
PR,ALTO PARAÍSO,Tentativa de feminicídio,1/10/2025,0
PR,ALTO PARAÍSO,Tentativa de feminicídio,1/11/2025,0
PR,ALTO PARAÍSO,Tentativa de feminicídio,1/12/2025,0
PR,ALTO PIQUIRI,Feminicídio,1/1/2025,0
PR,ALTO PIQUIRI,Feminicídio,1/2/2025,0
PR,ALTO PIQUIRI,Feminicídio,1/3/2025,0
PR,ALTO PIQUIRI,Feminicídio,1/4/2025,0
PR,ALTO PIQUIRI,Feminicídio,1/5/2025,0
PR,ALTO PIQUIRI,Feminicídio,1/6/2025,0
PR,ALTO PIQUIRI,Feminicídio,1/7/2025,0
PR,ALTO PIQUIRI,Feminicídio,1/8/2025,0
PR,ALTO PIQUIRI,Feminicídio,1/9/2025,0
PR,ALTO PIQUIRI,Feminicídio,1/10/2025,0
PR,ALTO PIQUIRI,Feminicídio,1/11/2025,0
PR,ALTO PIQUIRI,Feminicídio,1/12/2025,0
PR,ALTO PIQUIRI,Tentativa de feminicídio,1/1/2025,0
PR,ALTO PIQUIRI,Tentativa de feminicídio,1/2/2025,0
PR,ALTO PIQUIRI,Tentativa de feminicídio,1/3/2025,0
PR,ALTO PIQUIRI,Tentativa de feminicídio,1/4/2025,0
PR,ALTO PIQUIRI,Tentativa de feminicídio,1/5/2025,0
PR,ALTO PIQUIRI,Tentativa de feminicídio,1/6/2025,0
PR,ALTO PIQUIRI,Tentativa de feminicídio,1/7/2025,0
PR,ALTO PIQUIRI,Tentativa de feminicídio,1/8/2025,0
PR,ALTO PIQUIRI,Tentativa de feminicídio,1/9/2025,0
PR,ALTO PIQUIRI,Tentativa de feminicídio,1/10/2025,0
PR,ALTO PIQUIRI,Tentativa de feminicídio,1/11/2025,0
PR,ALTO PIQUIRI,Tentativa de feminicídio,1/12/2025,0
PR,ALTÔNIA,Feminicídio,1/1/2025,0
PR,ALTÔNIA,Feminicídio,1/2/2025,0
PR,ALTÔNIA,Feminicídio,1/3/2025,0
PR,ALTÔNIA,Feminicídio,1/4/2025,0
PR,ALTÔNIA,Feminicídio,1/5/2025,0
PR,ALTÔNIA,Feminicídio,1/6/2025,0
PR,ALTÔNIA,Feminicídio,1/7/2025,0
PR,ALTÔNIA,Feminicídio,1/8/2025,0
PR,ALTÔNIA,Feminicídio,1/9/2025,0
PR,ALTÔNIA,Feminicídio,1/10/2025,0
PR,ALTÔNIA,Feminicídio,1/11/2025,0
PR,ALTÔNIA,Feminicídio,1/12/2025,0
PR,ALTÔNIA,Tentativa de feminicídio,1/1/2025,0
PR,ALTÔNIA,Tentativa de feminicídio,1/2/2025,0
PR,ALTÔNIA,Tentativa de feminicídio,1/3/2025,0
PR,ALTÔNIA,Tentativa de feminicídio,1/4/2025,0
PR,ALTÔNIA,Tentativa de feminicídio,1/5/2025,0
PR,ALTÔNIA,Tentativa de feminicídio,1/6/2025,0
PR,ALTÔNIA,Tentativa de feminicídio,1/7/2025,0
PR,ALTÔNIA,Tentativa de feminicídio,1/8/2025,0
PR,ALTÔNIA,Tentativa de feminicídio,1/9/2025,0
PR,ALTÔNIA,Tentativa de feminicídio,1/10/2025,0
PR,ALTÔNIA,Tentativa de feminicídio,1/11/2025,0
PR,ALTÔNIA,Tentativa de feminicídio,1/12/2025,0
PR,ALVORADA DO SUL,Feminicídio,1/1/2025,0
PR,ALVORADA DO SUL,Feminicídio,1/2/2025,0
PR,ALVORADA DO SUL,Feminicídio,1/3/2025,0
PR,ALVORADA DO SUL,Feminicídio,1/4/2025,0
PR,ALVORADA DO SUL,Feminicídio,1/5/2025,0
PR,ALVORADA DO SUL,Feminicídio,1/6/2025,0
PR,ALVORADA DO SUL,Feminicídio,1/7/2025,0
PR,ALVORADA DO SUL,Feminicídio,1/8/2025,0
PR,ALVORADA DO SUL,Feminicídio,1/9/2025,0
PR,ALVORADA DO SUL,Feminicídio,1/10/2025,0
PR,ALVORADA DO SUL,Feminicídio,1/11/2025,0
PR,ALVORADA DO SUL,Feminicídio,1/12/2025,0
PR,ALVORADA DO SUL,Tentativa de feminicídio,1/1/2025,0
PR,ALVORADA DO SUL,Tentativa de feminicídio,1/2/2025,0
PR,ALVORADA DO SUL,Tentativa de feminicídio,1/3/2025,0
PR,ALVORADA DO SUL,Tentativa de feminicídio,1/4/2025,0
PR,ALVORADA DO SUL,Tentativa de feminicídio,1/5/2025,0
PR,ALVORADA DO SUL,Tentativa de feminicídio,1/6/2025,0
PR,ALVORADA DO SUL,Tentativa de feminicídio,1/7/2025,0
PR,ALVORADA DO SUL,Tentativa de feminicídio,1/8/2025,0
PR,ALVORADA DO SUL,Tentativa de feminicídio,1/9/2025,0
PR,ALVORADA DO SUL,Tentativa de feminicídio,1/10/2025,0
PR,ALVORADA DO SUL,Tentativa de feminicídio,1/11/2025,0
PR,ALVORADA DO SUL,Tentativa de feminicídio,1/12/2025,0
PR,AMAPORÃ,Feminicídio,1/1/2025,0
PR,AMAPORÃ,Feminicídio,1/2/2025,0
PR,AMAPORÃ,Feminicídio,1/3/2025,0
PR,AMAPORÃ,Feminicídio,1/4/2025,0
PR,AMAPORÃ,Feminicídio,1/5/2025,0
PR,AMAPORÃ,Feminicídio,1/6/2025,0
PR,AMAPORÃ,Feminicídio,1/7/2025,0
PR,AMAPORÃ,Feminicídio,1/8/2025,0
PR,AMAPORÃ,Feminicídio,1/9/2025,0
PR,AMAPORÃ,Feminicídio,1/10/2025,0
PR,AMAPORÃ,Feminicídio,1/11/2025,0
PR,AMAPORÃ,Feminicídio,1/12/2025,0
PR,AMAPORÃ,Tentativa de feminicídio,1/1/2025,0
PR,AMAPORÃ,Tentativa de feminicídio,1/2/2025,0
PR,AMAPORÃ,Tentativa de feminicídio,1/3/2025,0
PR,AMAPORÃ,Tentativa de feminicídio,1/4/2025,0
PR,AMAPORÃ,Tentativa de feminicídio,1/5/2025,0
PR,AMAPORÃ,Tentativa de feminicídio,1/6/2025,0
PR,AMAPORÃ,Tentativa de feminicídio,1/7/2025,0
PR,AMAPORÃ,Tentativa de feminicídio,1/8/2025,0
PR,AMAPORÃ,Tentativa de feminicídio,1/9/2025,0
PR,AMAPORÃ,Tentativa de feminicídio,1/10/2025,0
PR,AMAPORÃ,Tentativa de feminicídio,1/11/2025,0
PR,AMAPORÃ,Tentativa de feminicídio,1/12/2025,0
PR,AMPÉRE,Feminicídio,1/1/2025,0
PR,AMPÉRE,Feminicídio,1/2/2025,0
PR,AMPÉRE,Feminicídio,1/3/2025,0
PR,AMPÉRE,Feminicídio,1/4/2025,0
PR,AMPÉRE,Feminicídio,1/5/2025,0
PR,AMPÉRE,Feminicídio,1/6/2025,0
PR,AMPÉRE,Feminicídio,1/7/2025,0
PR,AMPÉRE,Feminicídio,1/8/2025,0
PR,AMPÉRE,Feminicídio,1/9/2025,0
PR,AMPÉRE,Feminicídio,1/10/2025,0
PR,AMPÉRE,Feminicídio,1/11/2025,0
PR,AMPÉRE,Feminicídio,1/12/2025,0
PR,AMPÉRE,Tentativa de feminicídio,1/1/2025,0
PR,AMPÉRE,Tentativa de feminicídio,1/2/2025,0
PR,AMPÉRE,Tentativa de feminicídio,1/3/2025,0
PR,AMPÉRE,Tentativa de feminicídio,1/4/2025,0
PR,AMPÉRE,Tentativa de feminicídio,1/5/2025,0
PR,AMPÉRE,Tentativa de feminicídio,1/6/2025,0
PR,AMPÉRE,Tentativa de feminicídio,1/7/2025,0
PR,AMPÉRE,Tentativa de feminicídio,1/8/2025,0
PR,AMPÉRE,Tentativa de feminicídio,1/9/2025,0
PR,AMPÉRE,Tentativa de feminicídio,1/10/2025,0
PR,AMPÉRE,Tentativa de feminicídio,1/11/2025,0
PR,AMPÉRE,Tentativa de feminicídio,1/12/2025,0
PR,ANAHY,Feminicídio,1/1/2025,0
PR,ANAHY,Feminicídio,1/2/2025,0
PR,ANAHY,Feminicídio,1/3/2025,0
PR,ANAHY,Feminicídio,1/4/2025,0
PR,ANAHY,Feminicídio,1/5/2025,0
PR,ANAHY,Feminicídio,1/6/2025,0
PR,ANAHY,Feminicídio,1/7/2025,0
PR,ANAHY,Feminicídio,1/8/2025,0
PR,ANAHY,Feminicídio,1/9/2025,0
PR,ANAHY,Feminicídio,1/10/2025,0
PR,ANAHY,Feminicídio,1/11/2025,0
PR,ANAHY,Feminicídio,1/12/2025,0
PR,ANAHY,Tentativa de feminicídio,1/1/2025,0
PR,ANAHY,Tentativa de feminicídio,1/2/2025,0
PR,ANAHY,Tentativa de feminicídio,1/3/2025,0
PR,ANAHY,Tentativa de feminicídio,1/4/2025,0
PR,ANAHY,Tentativa de feminicídio,1/5/2025,0
PR,ANAHY,Tentativa de feminicídio,1/6/2025,0
PR,ANAHY,Tentativa de feminicídio,1/7/2025,0
PR,ANAHY,Tentativa de feminicídio,1/8/2025,0
PR,ANAHY,Tentativa de feminicídio,1/9/2025,0
PR,ANAHY,Tentativa de feminicídio,1/10/2025,0
PR,ANAHY,Tentativa de feminicídio,1/11/2025,0
PR,ANAHY,Tentativa de feminicídio,1/12/2025,0
PR,ANDIRÁ,Feminicídio,1/1/2025,0
PR,ANDIRÁ,Feminicídio,1/2/2025,0
PR,ANDIRÁ,Feminicídio,1/3/2025,0
PR,ANDIRÁ,Feminicídio,1/4/2025,0
PR,ANDIRÁ,Feminicídio,1/5/2025,0
PR,ANDIRÁ,Feminicídio,1/6/2025,0
PR,ANDIRÁ,Feminicídio,1/7/2025,0
PR,ANDIRÁ,Feminicídio,1/8/2025,0
PR,ANDIRÁ,Feminicídio,1/9/2025,0
PR,ANDIRÁ,Feminicídio,1/10/2025,0
PR,ANDIRÁ,Feminicídio,1/11/2025,0
PR,ANDIRÁ,Feminicídio,1/12/2025,0
PR,ANDIRÁ,Tentativa de feminicídio,1/1/2025,0
PR,ANDIRÁ,Tentativa de feminicídio,1/2/2025,1
PR,ANDIRÁ,Tentativa de feminicídio,1/3/2025,0
PR,ANDIRÁ,Tentativa de feminicídio,1/4/2025,0
PR,ANDIRÁ,Tentativa de feminicídio,1/5/2025,0
PR,ANDIRÁ,Tentativa de feminicídio,1/6/2025,0
PR,ANDIRÁ,Tentativa de feminicídio,1/7/2025,0
PR,ANDIRÁ,Tentativa de feminicídio,1/8/2025,0
PR,ANDIRÁ,Tentativa de feminicídio,1/9/2025,0
PR,ANDIRÁ,Tentativa de feminicídio,1/10/2025,0
PR,ANDIRÁ,Tentativa de feminicídio,1/11/2025,0
PR,ANDIRÁ,Tentativa de feminicídio,1/12/2025,0
PR,ANTONINA,Feminicídio,1/1/2025,0
PR,ANTONINA,Feminicídio,1/2/2025,0
PR,ANTONINA,Feminicídio,1/3/2025,0
PR,ANTONINA,Feminicídio,1/4/2025,0
PR,ANTONINA,Feminicídio,1/5/2025,0
PR,ANTONINA,Feminicídio,1/6/2025,0
PR,ANTONINA,Feminicídio,1/7/2025,0
PR,ANTONINA,Feminicídio,1/8/2025,0
PR,ANTONINA,Feminicídio,1/9/2025,0
PR,ANTONINA,Feminicídio,1/10/2025,0
PR,ANTONINA,Feminicídio,1/11/2025,0
PR,ANTONINA,Feminicídio,1/12/2025,0
PR,ANTONINA,Tentativa de feminicídio,1/1/2025,0
PR,ANTONINA,Tentativa de feminicídio,1/2/2025,0
PR,ANTONINA,Tentativa de feminicídio,1/3/2025,0
PR,ANTONINA,Tentativa de feminicídio,1/4/2025,0
PR,ANTONINA,Tentativa de feminicídio,1/5/2025,0
PR,ANTONINA,Tentativa de feminicídio,1/6/2025,0
PR,ANTONINA,Tentativa de feminicídio,1/7/2025,0
PR,ANTONINA,Tentativa de feminicídio,1/8/2025,0
PR,ANTONINA,Tentativa de feminicídio,1/9/2025,0
PR,ANTONINA,Tentativa de feminicídio,1/10/2025,0
PR,ANTONINA,Tentativa de feminicídio,1/11/2025,0
PR,ANTONINA,Tentativa de feminicídio,1/12/2025,0
PR,ANTÔNIO OLINTO,Feminicídio,1/1/2025,0
PR,ANTÔNIO OLINTO,Feminicídio,1/2/2025,0
PR,ANTÔNIO OLINTO,Feminicídio,1/3/2025,0
PR,ANTÔNIO OLINTO,Feminicídio,1/4/2025,0
PR,ANTÔNIO OLINTO,Feminicídio,1/5/2025,0
PR,ANTÔNIO OLINTO,Feminicídio,1/6/2025,0
PR,ANTÔNIO OLINTO,Feminicídio,1/7/2025,0
PR,ANTÔNIO OLINTO,Feminicídio,1/8/2025,0
PR,ANTÔNIO OLINTO,Feminicídio,1/9/2025,0
PR,ANTÔNIO OLINTO,Feminicídio,1/10/2025,0
PR,ANTÔNIO OLINTO,Feminicídio,1/11/2025,0
PR,ANTÔNIO OLINTO,Feminicídio,1/12/2025,0
PR,ANTÔNIO OLINTO,Tentativa de feminicídio,1/1/2025,0
PR,ANTÔNIO OLINTO,Tentativa de feminicídio,1/2/2025,0
PR,ANTÔNIO OLINTO,Tentativa de feminicídio,1/3/2025,0
PR,ANTÔNIO OLINTO,Tentativa de feminicídio,1/4/2025,0
PR,ANTÔNIO OLINTO,Tentativa de feminicídio,1/5/2025,0
PR,ANTÔNIO OLINTO,Tentativa de feminicídio,1/6/2025,0
PR,ANTÔNIO OLINTO,Tentativa de feminicídio,1/7/2025,0
PR,ANTÔNIO OLINTO,Tentativa de feminicídio,1/8/2025,0
PR,ANTÔNIO OLINTO,Tentativa de feminicídio,1/9/2025,0
PR,ANTÔNIO OLINTO,Tentativa de feminicídio,1/10/2025,0
PR,ANTÔNIO OLINTO,Tentativa de feminicídio,1/11/2025,0
PR,ANTÔNIO OLINTO,Tentativa de feminicídio,1/12/2025,0
PR,APUCARANA,Feminicídio,1/1/2025,0
PR,APUCARANA,Feminicídio,1/2/2025,0
PR,APUCARANA,Feminicídio,1/3/2025,0
PR,APUCARANA,Feminicídio,1/4/2025,0
PR,APUCARANA,Feminicídio,1/5/2025,0
PR,APUCARANA,Feminicídio,1/6/2025,0
PR,APUCARANA,Feminicídio,1/7/2025,0
PR,APUCARANA,Feminicídio,1/8/2025,0
PR,APUCARANA,Feminicídio,1/9/2025,0
PR,APUCARANA,Feminicídio,1/10/2025,0
PR,APUCARANA,Feminicídio,1/11/2025,0
PR,APUCARANA,Feminicídio,1/12/2025,0
PR,APUCARANA,Tentativa de feminicídio,1/1/2025,2
PR,APUCARANA,Tentativa de feminicídio,1/2/2025,0
PR,APUCARANA,Tentativa de feminicídio,1/3/2025,1
PR,APUCARANA,Tentativa de feminicídio,1/4/2025,0
PR,APUCARANA,Tentativa de feminicídio,1/5/2025,0
PR,APUCARANA,Tentativa de feminicídio,1/6/2025,0
PR,APUCARANA,Tentativa de feminicídio,1/7/2025,0
PR,APUCARANA,Tentativa de feminicídio,1/8/2025,0
PR,APUCARANA,Tentativa de feminicídio,1/9/2025,1
PR,APUCARANA,Tentativa de feminicídio,1/10/2025,0
PR,APUCARANA,Tentativa de feminicídio,1/11/2025,0
PR,APUCARANA,Tentativa de feminicídio,1/12/2025,0
PR,ARAPONGAS,Feminicídio,1/1/2025,0
PR,ARAPONGAS,Feminicídio,1/2/2025,0
PR,ARAPONGAS,Feminicídio,1/3/2025,0
PR,ARAPONGAS,Feminicídio,1/4/2025,0
PR,ARAPONGAS,Feminicídio,1/5/2025,1
PR,ARAPONGAS,Feminicídio,1/6/2025,0
PR,ARAPONGAS,Feminicídio,1/7/2025,0
PR,ARAPONGAS,Feminicídio,1/8/2025,0
PR,ARAPONGAS,Feminicídio,1/9/2025,0
PR,ARAPONGAS,Feminicídio,1/10/2025,0
PR,ARAPONGAS,Feminicídio,1/11/2025,0
PR,ARAPONGAS,Feminicídio,1/12/2025,0
PR,ARAPONGAS,Tentativa de feminicídio,1/1/2025,2
PR,ARAPONGAS,Tentativa de feminicídio,1/2/2025,2
PR,ARAPONGAS,Tentativa de feminicídio,1/3/2025,0
PR,ARAPONGAS,Tentativa de feminicídio,1/4/2025,0
PR,ARAPONGAS,Tentativa de feminicídio,1/5/2025,0
PR,ARAPONGAS,Tentativa de feminicídio,1/6/2025,0
PR,ARAPONGAS,Tentativa de feminicídio,1/7/2025,0
PR,ARAPONGAS,Tentativa de feminicídio,1/8/2025,0
PR,ARAPONGAS,Tentativa de feminicídio,1/9/2025,0
PR,ARAPONGAS,Tentativa de feminicídio,1/10/2025,2
PR,ARAPONGAS,Tentativa de feminicídio,1/11/2025,0
PR,ARAPONGAS,Tentativa de feminicídio,1/12/2025,1
PR,ARAPOTI,Feminicídio,1/1/2025,0
PR,ARAPOTI,Feminicídio,1/2/2025,0
PR,ARAPOTI,Feminicídio,1/3/2025,0
PR,ARAPOTI,Feminicídio,1/4/2025,0
PR,ARAPOTI,Feminicídio,1/5/2025,0
PR,ARAPOTI,Feminicídio,1/6/2025,0
PR,ARAPOTI,Feminicídio,1/7/2025,0
PR,ARAPOTI,Feminicídio,1/8/2025,0
PR,ARAPOTI,Feminicídio,1/9/2025,0
PR,ARAPOTI,Feminicídio,1/10/2025,0
PR,ARAPOTI,Feminicídio,1/11/2025,0
PR,ARAPOTI,Feminicídio,1/12/2025,0
PR,ARAPOTI,Tentativa de feminicídio,1/1/2025,0
PR,ARAPOTI,Tentativa de feminicídio,1/2/2025,0
PR,ARAPOTI,Tentativa de feminicídio,1/3/2025,0
PR,ARAPOTI,Tentativa de feminicídio,1/4/2025,0
PR,ARAPOTI,Tentativa de feminicídio,1/5/2025,0
PR,ARAPOTI,Tentativa de feminicídio,1/6/2025,0
PR,ARAPOTI,Tentativa de feminicídio,1/7/2025,0
PR,ARAPOTI,Tentativa de feminicídio,1/8/2025,0
PR,ARAPOTI,Tentativa de feminicídio,1/9/2025,0
PR,ARAPOTI,Tentativa de feminicídio,1/10/2025,0
PR,ARAPOTI,Tentativa de feminicídio,1/11/2025,0
PR,ARAPOTI,Tentativa de feminicídio,1/12/2025,0
PR,ARAPUÃ,Feminicídio,1/1/2025,0
PR,ARAPUÃ,Feminicídio,1/2/2025,0
PR,ARAPUÃ,Feminicídio,1/3/2025,0
PR,ARAPUÃ,Feminicídio,1/4/2025,0
PR,ARAPUÃ,Feminicídio,1/5/2025,0
PR,ARAPUÃ,Feminicídio,1/6/2025,0
PR,ARAPUÃ,Feminicídio,1/7/2025,0
PR,ARAPUÃ,Feminicídio,1/8/2025,0
PR,ARAPUÃ,Feminicídio,1/9/2025,0
PR,ARAPUÃ,Feminicídio,1/10/2025,0
PR,ARAPUÃ,Feminicídio,1/11/2025,0
PR,ARAPUÃ,Feminicídio,1/12/2025,0
PR,ARAPUÃ,Tentativa de feminicídio,1/1/2025,0
PR,ARAPUÃ,Tentativa de feminicídio,1/2/2025,0
PR,ARAPUÃ,Tentativa de feminicídio,1/3/2025,0
PR,ARAPUÃ,Tentativa de feminicídio,1/4/2025,0
PR,ARAPUÃ,Tentativa de feminicídio,1/5/2025,0
PR,ARAPUÃ,Tentativa de feminicídio,1/6/2025,0
PR,ARAPUÃ,Tentativa de feminicídio,1/7/2025,0
PR,ARAPUÃ,Tentativa de feminicídio,1/8/2025,0
PR,ARAPUÃ,Tentativa de feminicídio,1/9/2025,0
PR,ARAPUÃ,Tentativa de feminicídio,1/10/2025,0
PR,ARAPUÃ,Tentativa de feminicídio,1/11/2025,0
PR,ARAPUÃ,Tentativa de feminicídio,1/12/2025,0
PR,ARARUNA,Feminicídio,1/1/2025,0
PR,ARARUNA,Feminicídio,1/2/2025,0
PR,ARARUNA,Feminicídio,1/3/2025,0
PR,ARARUNA,Feminicídio,1/4/2025,0
PR,ARARUNA,Feminicídio,1/5/2025,0
PR,ARARUNA,Feminicídio,1/6/2025,0
PR,ARARUNA,Feminicídio,1/7/2025,0
PR,ARARUNA,Feminicídio,1/8/2025,0
PR,ARARUNA,Feminicídio,1/9/2025,0
PR,ARARUNA,Feminicídio,1/10/2025,0
PR,ARARUNA,Feminicídio,1/11/2025,0
PR,ARARUNA,Feminicídio,1/12/2025,0
PR,ARARUNA,Tentativa de feminicídio,1/1/2025,0
PR,ARARUNA,Tentativa de feminicídio,1/2/2025,0
PR,ARARUNA,Tentativa de feminicídio,1/3/2025,0
PR,ARARUNA,Tentativa de feminicídio,1/4/2025,0
PR,ARARUNA,Tentativa de feminicídio,1/5/2025,0
PR,ARARUNA,Tentativa de feminicídio,1/6/2025,0
PR,ARARUNA,Tentativa de feminicídio,1/7/2025,0
PR,ARARUNA,Tentativa de feminicídio,1/8/2025,0
PR,ARARUNA,Tentativa de feminicídio,1/9/2025,0
PR,ARARUNA,Tentativa de feminicídio,1/10/2025,0
PR,ARARUNA,Tentativa de feminicídio,1/11/2025,0
PR,ARARUNA,Tentativa de feminicídio,1/12/2025,0
PR,ARAUCÁRIA,Feminicídio,1/1/2025,0
PR,ARAUCÁRIA,Feminicídio,1/2/2025,0
PR,ARAUCÁRIA,Feminicídio,1/3/2025,0
PR,ARAUCÁRIA,Feminicídio,1/4/2025,0
PR,ARAUCÁRIA,Feminicídio,1/5/2025,0
PR,ARAUCÁRIA,Feminicídio,1/6/2025,0
PR,ARAUCÁRIA,Feminicídio,1/7/2025,0
PR,ARAUCÁRIA,Feminicídio,1/8/2025,0
PR,ARAUCÁRIA,Feminicídio,1/9/2025,0
PR,ARAUCÁRIA,Feminicídio,1/10/2025,1
PR,ARAUCÁRIA,Feminicídio,1/11/2025,0
PR,ARAUCÁRIA,Feminicídio,1/12/2025,0
PR,ARAUCÁRIA,Tentativa de feminicídio,1/1/2025,0
PR,ARAUCÁRIA,Tentativa de feminicídio,1/2/2025,0
PR,ARAUCÁRIA,Tentativa de feminicídio,1/3/2025,0
PR,ARAUCÁRIA,Tentativa de feminicídio,1/4/2025,0
PR,ARAUCÁRIA,Tentativa de feminicídio,1/5/2025,2
PR,ARAUCÁRIA,Tentativa de feminicídio,1/6/2025,1
PR,ARAUCÁRIA,Tentativa de feminicídio,1/7/2025,0
PR,ARAUCÁRIA,Tentativa de feminicídio,1/8/2025,1
PR,ARAUCÁRIA,Tentativa de feminicídio,1/9/2025,0
PR,ARAUCÁRIA,Tentativa de feminicídio,1/10/2025,1
PR,ARAUCÁRIA,Tentativa de feminicídio,1/11/2025,0
PR,ARAUCÁRIA,Tentativa de feminicídio,1/12/2025,0
PR,ARIRANHA DO IVAÍ,Feminicídio,1/1/2025,0
PR,ARIRANHA DO IVAÍ,Feminicídio,1/2/2025,0
PR,ARIRANHA DO IVAÍ,Feminicídio,1/3/2025,0
PR,ARIRANHA DO IVAÍ,Feminicídio,1/4/2025,0
PR,ARIRANHA DO IVAÍ,Feminicídio,1/5/2025,0
PR,ARIRANHA DO IVAÍ,Feminicídio,1/6/2025,0
PR,ARIRANHA DO IVAÍ,Feminicídio,1/7/2025,0
PR,ARIRANHA DO IVAÍ,Feminicídio,1/8/2025,0
PR,ARIRANHA DO IVAÍ,Feminicídio,1/9/2025,0
PR,ARIRANHA DO IVAÍ,Feminicídio,1/10/2025,0
PR,ARIRANHA DO IVAÍ,Feminicídio,1/11/2025,0
PR,ARIRANHA DO IVAÍ,Feminicídio,1/12/2025,0
PR,ARIRANHA DO IVAÍ,Tentativa de feminicídio,1/1/2025,0
PR,ARIRANHA DO IVAÍ,Tentativa de feminicídio,1/2/2025,0
PR,ARIRANHA DO IVAÍ,Tentativa de feminicídio,1/3/2025,0
PR,ARIRANHA DO IVAÍ,Tentativa de feminicídio,1/4/2025,0
PR,ARIRANHA DO IVAÍ,Tentativa de feminicídio,1/5/2025,0
PR,ARIRANHA DO IVAÍ,Tentativa de feminicídio,1/6/2025,0
PR,ARIRANHA DO IVAÍ,Tentativa de feminicídio,1/7/2025,0
PR,ARIRANHA DO IVAÍ,Tentativa de feminicídio,1/8/2025,0
PR,ARIRANHA DO IVAÍ,Tentativa de feminicídio,1/9/2025,0
PR,ARIRANHA DO IVAÍ,Tentativa de feminicídio,1/10/2025,0
PR,ARIRANHA DO IVAÍ,Tentativa de feminicídio,1/11/2025,0
PR,ARIRANHA DO IVAÍ,Tentativa de feminicídio,1/12/2025,0
PR,ASSAÍ,Feminicídio,1/1/2025,0
PR,ASSAÍ,Feminicídio,1/2/2025,0
PR,ASSAÍ,Feminicídio,1/3/2025,0
PR,ASSAÍ,Feminicídio,1/4/2025,0
PR,ASSAÍ,Feminicídio,1/5/2025,0
PR,ASSAÍ,Feminicídio,1/6/2025,0
PR,ASSAÍ,Feminicídio,1/7/2025,0
PR,ASSAÍ,Feminicídio,1/8/2025,0
PR,ASSAÍ,Feminicídio,1/9/2025,0
PR,ASSAÍ,Feminicídio,1/10/2025,0
PR,ASSAÍ,Feminicídio,1/11/2025,0
PR,ASSAÍ,Feminicídio,1/12/2025,0
PR,ASSAÍ,Tentativa de feminicídio,1/1/2025,0
PR,ASSAÍ,Tentativa de feminicídio,1/2/2025,0
PR,ASSAÍ,Tentativa de feminicídio,1/3/2025,0
PR,ASSAÍ,Tentativa de feminicídio,1/4/2025,0
PR,ASSAÍ,Tentativa de feminicídio,1/5/2025,0
PR,ASSAÍ,Tentativa de feminicídio,1/6/2025,0
PR,ASSAÍ,Tentativa de feminicídio,1/7/2025,0
PR,ASSAÍ,Tentativa de feminicídio,1/8/2025,0
PR,ASSAÍ,Tentativa de feminicídio,1/9/2025,0
PR,ASSAÍ,Tentativa de feminicídio,1/10/2025,0
PR,ASSAÍ,Tentativa de feminicídio,1/11/2025,0
PR,ASSAÍ,Tentativa de feminicídio,1/12/2025,0
PR,ASSIS CHATEAUBRIAND,Feminicídio,1/1/2025,0
PR,ASSIS CHATEAUBRIAND,Feminicídio,1/2/2025,0
PR,ASSIS CHATEAUBRIAND,Feminicídio,1/3/2025,0
PR,ASSIS CHATEAUBRIAND,Feminicídio,1/4/2025,0
PR,ASSIS CHATEAUBRIAND,Feminicídio,1/5/2025,0
PR,ASSIS CHATEAUBRIAND,Feminicídio,1/6/2025,0
PR,ASSIS CHATEAUBRIAND,Feminicídio,1/7/2025,0
PR,ASSIS CHATEAUBRIAND,Feminicídio,1/8/2025,0
PR,ASSIS CHATEAUBRIAND,Feminicídio,1/9/2025,0
PR,ASSIS CHATEAUBRIAND,Feminicídio,1/10/2025,0
PR,ASSIS CHATEAUBRIAND,Feminicídio,1/11/2025,0
PR,ASSIS CHATEAUBRIAND,Feminicídio,1/12/2025,0
PR,ASSIS CHATEAUBRIAND,Tentativa de feminicídio,1/1/2025,0
PR,ASSIS CHATEAUBRIAND,Tentativa de feminicídio,1/2/2025,0
PR,ASSIS CHATEAUBRIAND,Tentativa de feminicídio,1/3/2025,0
PR,ASSIS CHATEAUBRIAND,Tentativa de feminicídio,1/4/2025,0
PR,ASSIS CHATEAUBRIAND,Tentativa de feminicídio,1/5/2025,0
PR,ASSIS CHATEAUBRIAND,Tentativa de feminicídio,1/6/2025,0
PR,ASSIS CHATEAUBRIAND,Tentativa de feminicídio,1/7/2025,0
PR,ASSIS CHATEAUBRIAND,Tentativa de feminicídio,1/8/2025,0
PR,ASSIS CHATEAUBRIAND,Tentativa de feminicídio,1/9/2025,0
PR,ASSIS CHATEAUBRIAND,Tentativa de feminicídio,1/10/2025,0
PR,ASSIS CHATEAUBRIAND,Tentativa de feminicídio,1/11/2025,0
PR,ASSIS CHATEAUBRIAND,Tentativa de feminicídio,1/12/2025,0
PR,ASTORGA,Feminicídio,1/1/2025,0
PR,ASTORGA,Feminicídio,1/2/2025,0
PR,ASTORGA,Feminicídio,1/3/2025,0
PR,ASTORGA,Feminicídio,1/4/2025,0
PR,ASTORGA,Feminicídio,1/5/2025,0
PR,ASTORGA,Feminicídio,1/6/2025,0
PR,ASTORGA,Feminicídio,1/7/2025,0
PR,ASTORGA,Feminicídio,1/8/2025,0
PR,ASTORGA,Feminicídio,1/9/2025,0
PR,ASTORGA,Feminicídio,1/10/2025,0
PR,ASTORGA,Feminicídio,1/11/2025,0
PR,ASTORGA,Feminicídio,1/12/2025,0
PR,ASTORGA,Tentativa de feminicídio,1/1/2025,0
PR,ASTORGA,Tentativa de feminicídio,1/2/2025,0
PR,ASTORGA,Tentativa de feminicídio,1/3/2025,0
PR,ASTORGA,Tentativa de feminicídio,1/4/2025,0
PR,ASTORGA,Tentativa de feminicídio,1/5/2025,0
PR,ASTORGA,Tentativa de feminicídio,1/6/2025,0
PR,ASTORGA,Tentativa de feminicídio,1/7/2025,0
PR,ASTORGA,Tentativa de feminicídio,1/8/2025,0
PR,ASTORGA,Tentativa de feminicídio,1/9/2025,0
PR,ASTORGA,Tentativa de feminicídio,1/10/2025,0
PR,ASTORGA,Tentativa de feminicídio,1/11/2025,0
PR,ASTORGA,Tentativa de feminicídio,1/12/2025,0
PR,ATALAIA,Feminicídio,1/1/2025,0
PR,ATALAIA,Feminicídio,1/2/2025,0
PR,ATALAIA,Feminicídio,1/3/2025,0
PR,ATALAIA,Feminicídio,1/4/2025,0
PR,ATALAIA,Feminicídio,1/5/2025,0
PR,ATALAIA,Feminicídio,1/6/2025,0
PR,ATALAIA,Feminicídio,1/7/2025,0
PR,ATALAIA,Feminicídio,1/8/2025,0
PR,ATALAIA,Feminicídio,1/9/2025,0
PR,ATALAIA,Feminicídio,1/10/2025,0
PR,ATALAIA,Feminicídio,1/11/2025,0
PR,ATALAIA,Feminicídio,1/12/2025,0
PR,ATALAIA,Tentativa de feminicídio,1/1/2025,0
PR,ATALAIA,Tentativa de feminicídio,1/2/2025,0
PR,ATALAIA,Tentativa de feminicídio,1/3/2025,0
PR,ATALAIA,Tentativa de feminicídio,1/4/2025,0
PR,ATALAIA,Tentativa de feminicídio,1/5/2025,0
PR,ATALAIA,Tentativa de feminicídio,1/6/2025,0
PR,ATALAIA,Tentativa de feminicídio,1/7/2025,0
PR,ATALAIA,Tentativa de feminicídio,1/8/2025,0
PR,ATALAIA,Tentativa de feminicídio,1/9/2025,0
PR,ATALAIA,Tentativa de feminicídio,1/10/2025,0
PR,ATALAIA,Tentativa de feminicídio,1/11/2025,0
PR,ATALAIA,Tentativa de feminicídio,1/12/2025,0
PR,BALSA NOVA,Feminicídio,1/1/2025,0
PR,BALSA NOVA,Feminicídio,1/2/2025,0
PR,BALSA NOVA,Feminicídio,1/3/2025,0
PR,BALSA NOVA,Feminicídio,1/4/2025,0
PR,BALSA NOVA,Feminicídio,1/5/2025,0
PR,BALSA NOVA,Feminicídio,1/6/2025,0
PR,BALSA NOVA,Feminicídio,1/7/2025,0
PR,BALSA NOVA,Feminicídio,1/8/2025,0
PR,BALSA NOVA,Feminicídio,1/9/2025,0
PR,BALSA NOVA,Feminicídio,1/10/2025,0
PR,BALSA NOVA,Feminicídio,1/11/2025,0
PR,BALSA NOVA,Feminicídio,1/12/2025,0
PR,BALSA NOVA,Tentativa de feminicídio,1/1/2025,0
PR,BALSA NOVA,Tentativa de feminicídio,1/2/2025,0
PR,BALSA NOVA,Tentativa de feminicídio,1/3/2025,0
PR,BALSA NOVA,Tentativa de feminicídio,1/4/2025,0
PR,BALSA NOVA,Tentativa de feminicídio,1/5/2025,0
PR,BALSA NOVA,Tentativa de feminicídio,1/6/2025,0
PR,BALSA NOVA,Tentativa de feminicídio,1/7/2025,0
PR,BALSA NOVA,Tentativa de feminicídio,1/8/2025,0
PR,BALSA NOVA,Tentativa de feminicídio,1/9/2025,0
PR,BALSA NOVA,Tentativa de feminicídio,1/10/2025,0
PR,BALSA NOVA,Tentativa de feminicídio,1/11/2025,0
PR,BALSA NOVA,Tentativa de feminicídio,1/12/2025,0
PR,BANDEIRANTES,Feminicídio,1/1/2025,0
PR,BANDEIRANTES,Feminicídio,1/2/2025,0
PR,BANDEIRANTES,Feminicídio,1/3/2025,0
PR,BANDEIRANTES,Feminicídio,1/4/2025,0
PR,BANDEIRANTES,Feminicídio,1/5/2025,0
PR,BANDEIRANTES,Feminicídio,1/6/2025,0
PR,BANDEIRANTES,Feminicídio,1/7/2025,0
PR,BANDEIRANTES,Feminicídio,1/8/2025,0
PR,BANDEIRANTES,Feminicídio,1/9/2025,0
PR,BANDEIRANTES,Feminicídio,1/10/2025,0
PR,BANDEIRANTES,Feminicídio,1/11/2025,0
PR,BANDEIRANTES,Feminicídio,1/12/2025,0
PR,BANDEIRANTES,Tentativa de feminicídio,1/1/2025,0
PR,BANDEIRANTES,Tentativa de feminicídio,1/2/2025,0
PR,BANDEIRANTES,Tentativa de feminicídio,1/3/2025,0
PR,BANDEIRANTES,Tentativa de feminicídio,1/4/2025,0
PR,BANDEIRANTES,Tentativa de feminicídio,1/5/2025,0
PR,BANDEIRANTES,Tentativa de feminicídio,1/6/2025,0
PR,BANDEIRANTES,Tentativa de feminicídio,1/7/2025,0
PR,BANDEIRANTES,Tentativa de feminicídio,1/8/2025,0
PR,BANDEIRANTES,Tentativa de feminicídio,1/9/2025,0
PR,BANDEIRANTES,Tentativa de feminicídio,1/10/2025,1
PR,BANDEIRANTES,Tentativa de feminicídio,1/11/2025,0
PR,BANDEIRANTES,Tentativa de feminicídio,1/12/2025,0
PR,BARBOSA FERRAZ,Feminicídio,1/1/2025,0
PR,BARBOSA FERRAZ,Feminicídio,1/2/2025,0
PR,BARBOSA FERRAZ,Feminicídio,1/3/2025,0
PR,BARBOSA FERRAZ,Feminicídio,1/4/2025,0
PR,BARBOSA FERRAZ,Feminicídio,1/5/2025,0
PR,BARBOSA FERRAZ,Feminicídio,1/6/2025,0
PR,BARBOSA FERRAZ,Feminicídio,1/7/2025,0
PR,BARBOSA FERRAZ,Feminicídio,1/8/2025,0
PR,BARBOSA FERRAZ,Feminicídio,1/9/2025,0
PR,BARBOSA FERRAZ,Feminicídio,1/10/2025,0
PR,BARBOSA FERRAZ,Feminicídio,1/11/2025,0
PR,BARBOSA FERRAZ,Feminicídio,1/12/2025,0
PR,BARBOSA FERRAZ,Tentativa de feminicídio,1/1/2025,0
PR,BARBOSA FERRAZ,Tentativa de feminicídio,1/2/2025,0
PR,BARBOSA FERRAZ,Tentativa de feminicídio,1/3/2025,0
PR,BARBOSA FERRAZ,Tentativa de feminicídio,1/4/2025,0
PR,BARBOSA FERRAZ,Tentativa de feminicídio,1/5/2025,0
PR,BARBOSA FERRAZ,Tentativa de feminicídio,1/6/2025,0
PR,BARBOSA FERRAZ,Tentativa de feminicídio,1/7/2025,0
PR,BARBOSA FERRAZ,Tentativa de feminicídio,1/8/2025,0
PR,BARBOSA FERRAZ,Tentativa de feminicídio,1/9/2025,0
PR,BARBOSA FERRAZ,Tentativa de feminicídio,1/10/2025,0
PR,BARBOSA FERRAZ,Tentativa de feminicídio,1/11/2025,0
PR,BARBOSA FERRAZ,Tentativa de feminicídio,1/12/2025,0
PR,BARRA DO JACARÉ,Feminicídio,1/1/2025,0
PR,BARRA DO JACARÉ,Feminicídio,1/2/2025,0
PR,BARRA DO JACARÉ,Feminicídio,1/3/2025,0
PR,BARRA DO JACARÉ,Feminicídio,1/4/2025,0
PR,BARRA DO JACARÉ,Feminicídio,1/5/2025,0
PR,BARRA DO JACARÉ,Feminicídio,1/6/2025,0
PR,BARRA DO JACARÉ,Feminicídio,1/7/2025,0
PR,BARRA DO JACARÉ,Feminicídio,1/8/2025,0
PR,BARRA DO JACARÉ,Feminicídio,1/9/2025,0
PR,BARRA DO JACARÉ,Feminicídio,1/10/2025,0
PR,BARRA DO JACARÉ,Feminicídio,1/11/2025,0
PR,BARRA DO JACARÉ,Feminicídio,1/12/2025,0
PR,BARRA DO JACARÉ,Tentativa de feminicídio,1/1/2025,0
PR,BARRA DO JACARÉ,Tentativa de feminicídio,1/2/2025,0
PR,BARRA DO JACARÉ,Tentativa de feminicídio,1/3/2025,0
PR,BARRA DO JACARÉ,Tentativa de feminicídio,1/4/2025,0
PR,BARRA DO JACARÉ,Tentativa de feminicídio,1/5/2025,0
PR,BARRA DO JACARÉ,Tentativa de feminicídio,1/6/2025,0
PR,BARRA DO JACARÉ,Tentativa de feminicídio,1/7/2025,0
PR,BARRA DO JACARÉ,Tentativa de feminicídio,1/8/2025,0
PR,BARRA DO JACARÉ,Tentativa de feminicídio,1/9/2025,0
PR,BARRA DO JACARÉ,Tentativa de feminicídio,1/10/2025,0
PR,BARRA DO JACARÉ,Tentativa de feminicídio,1/11/2025,0
PR,BARRA DO JACARÉ,Tentativa de feminicídio,1/12/2025,0
PR,BARRACÃO,Feminicídio,1/1/2025,0
PR,BARRACÃO,Feminicídio,1/2/2025,0
PR,BARRACÃO,Feminicídio,1/3/2025,1
PR,BARRACÃO,Feminicídio,1/4/2025,0
PR,BARRACÃO,Feminicídio,1/5/2025,0
PR,BARRACÃO,Feminicídio,1/6/2025,0
PR,BARRACÃO,Feminicídio,1/7/2025,0
PR,BARRACÃO,Feminicídio,1/8/2025,0
PR,BARRACÃO,Feminicídio,1/9/2025,0
PR,BARRACÃO,Feminicídio,1/10/2025,0
PR,BARRACÃO,Feminicídio,1/11/2025,0
PR,BARRACÃO,Feminicídio,1/12/2025,0
PR,BARRACÃO,Tentativa de feminicídio,1/1/2025,0
PR,BARRACÃO,Tentativa de feminicídio,1/2/2025,0
PR,BARRACÃO,Tentativa de feminicídio,1/3/2025,0
PR,BARRACÃO,Tentativa de feminicídio,1/4/2025,0
PR,BARRACÃO,Tentativa de feminicídio,1/5/2025,0
PR,BARRACÃO,Tentativa de feminicídio,1/6/2025,0
PR,BARRACÃO,Tentativa de feminicídio,1/7/2025,0
PR,BARRACÃO,Tentativa de feminicídio,1/8/2025,0
PR,BARRACÃO,Tentativa de feminicídio,1/9/2025,0
PR,BARRACÃO,Tentativa de feminicídio,1/10/2025,0
PR,BARRACÃO,Tentativa de feminicídio,1/11/2025,0
PR,BARRACÃO,Tentativa de feminicídio,1/12/2025,0
PR,BELA VISTA DA CAROBA,Feminicídio,1/1/2025,0
PR,BELA VISTA DA CAROBA,Feminicídio,1/2/2025,0
PR,BELA VISTA DA CAROBA,Feminicídio,1/3/2025,0
PR,BELA VISTA DA CAROBA,Feminicídio,1/4/2025,0
PR,BELA VISTA DA CAROBA,Feminicídio,1/5/2025,0
PR,BELA VISTA DA CAROBA,Feminicídio,1/6/2025,0
PR,BELA VISTA DA CAROBA,Feminicídio,1/7/2025,0
PR,BELA VISTA DA CAROBA,Feminicídio,1/8/2025,0
PR,BELA VISTA DA CAROBA,Feminicídio,1/9/2025,0
PR,BELA VISTA DA CAROBA,Feminicídio,1/10/2025,0
PR,BELA VISTA DA CAROBA,Feminicídio,1/11/2025,0
PR,BELA VISTA DA CAROBA,Feminicídio,1/12/2025,0
PR,BELA VISTA DA CAROBA,Tentativa de feminicídio,1/1/2025,0
PR,BELA VISTA DA CAROBA,Tentativa de feminicídio,1/2/2025,0
PR,BELA VISTA DA CAROBA,Tentativa de feminicídio,1/3/2025,0
PR,BELA VISTA DA CAROBA,Tentativa de feminicídio,1/4/2025,0
PR,BELA VISTA DA CAROBA,Tentativa de feminicídio,1/5/2025,0
PR,BELA VISTA DA CAROBA,Tentativa de feminicídio,1/6/2025,0
PR,BELA VISTA DA CAROBA,Tentativa de feminicídio,1/7/2025,0
PR,BELA VISTA DA CAROBA,Tentativa de feminicídio,1/8/2025,0
PR,BELA VISTA DA CAROBA,Tentativa de feminicídio,1/9/2025,0
PR,BELA VISTA DA CAROBA,Tentativa de feminicídio,1/10/2025,0
PR,BELA VISTA DA CAROBA,Tentativa de feminicídio,1/11/2025,0
PR,BELA VISTA DA CAROBA,Tentativa de feminicídio,1/12/2025,0
PR,BELA VISTA DO PARAÍSO,Feminicídio,1/1/2025,0
PR,BELA VISTA DO PARAÍSO,Feminicídio,1/2/2025,0
PR,BELA VISTA DO PARAÍSO,Feminicídio,1/3/2025,0
PR,BELA VISTA DO PARAÍSO,Feminicídio,1/4/2025,0
PR,BELA VISTA DO PARAÍSO,Feminicídio,1/5/2025,0
PR,BELA VISTA DO PARAÍSO,Feminicídio,1/6/2025,0
PR,BELA VISTA DO PARAÍSO,Feminicídio,1/7/2025,0
PR,BELA VISTA DO PARAÍSO,Feminicídio,1/8/2025,0
PR,BELA VISTA DO PARAÍSO,Feminicídio,1/9/2025,0
PR,BELA VISTA DO PARAÍSO,Feminicídio,1/10/2025,0
PR,BELA VISTA DO PARAÍSO,Feminicídio,1/11/2025,0
PR,BELA VISTA DO PARAÍSO,Feminicídio,1/12/2025,0
PR,BELA VISTA DO PARAÍSO,Tentativa de feminicídio,1/1/2025,0
PR,BELA VISTA DO PARAÍSO,Tentativa de feminicídio,1/2/2025,0
PR,BELA VISTA DO PARAÍSO,Tentativa de feminicídio,1/3/2025,0
PR,BELA VISTA DO PARAÍSO,Tentativa de feminicídio,1/4/2025,0
PR,BELA VISTA DO PARAÍSO,Tentativa de feminicídio,1/5/2025,0
PR,BELA VISTA DO PARAÍSO,Tentativa de feminicídio,1/6/2025,0
PR,BELA VISTA DO PARAÍSO,Tentativa de feminicídio,1/7/2025,0
PR,BELA VISTA DO PARAÍSO,Tentativa de feminicídio,1/8/2025,0
PR,BELA VISTA DO PARAÍSO,Tentativa de feminicídio,1/9/2025,0
PR,BELA VISTA DO PARAÍSO,Tentativa de feminicídio,1/10/2025,0
PR,BELA VISTA DO PARAÍSO,Tentativa de feminicídio,1/11/2025,0
PR,BELA VISTA DO PARAÍSO,Tentativa de feminicídio,1/12/2025,0
PR,BITURUNA,Feminicídio,1/1/2025,0
PR,BITURUNA,Feminicídio,1/2/2025,0
PR,BITURUNA,Feminicídio,1/3/2025,0
PR,BITURUNA,Feminicídio,1/4/2025,0
PR,BITURUNA,Feminicídio,1/5/2025,0
PR,BITURUNA,Feminicídio,1/6/2025,0
PR,BITURUNA,Feminicídio,1/7/2025,0
PR,BITURUNA,Feminicídio,1/8/2025,0
PR,BITURUNA,Feminicídio,1/9/2025,0
PR,BITURUNA,Feminicídio,1/10/2025,0
PR,BITURUNA,Feminicídio,1/11/2025,0
PR,BITURUNA,Feminicídio,1/12/2025,0
PR,BITURUNA,Tentativa de feminicídio,1/1/2025,0
PR,BITURUNA,Tentativa de feminicídio,1/2/2025,0
PR,BITURUNA,Tentativa de feminicídio,1/3/2025,0
PR,BITURUNA,Tentativa de feminicídio,1/4/2025,0
PR,BITURUNA,Tentativa de feminicídio,1/5/2025,0
PR,BITURUNA,Tentativa de feminicídio,1/6/2025,0
PR,BITURUNA,Tentativa de feminicídio,1/7/2025,0
PR,BITURUNA,Tentativa de feminicídio,1/8/2025,0
PR,BITURUNA,Tentativa de feminicídio,1/9/2025,0
PR,BITURUNA,Tentativa de feminicídio,1/10/2025,0
PR,BITURUNA,Tentativa de feminicídio,1/11/2025,0
PR,BITURUNA,Tentativa de feminicídio,1/12/2025,0
PR,BOA ESPERANÇA,Feminicídio,1/1/2025,0
PR,BOA ESPERANÇA,Feminicídio,1/2/2025,0
PR,BOA ESPERANÇA,Feminicídio,1/3/2025,0
PR,BOA ESPERANÇA,Feminicídio,1/4/2025,0
PR,BOA ESPERANÇA,Feminicídio,1/5/2025,0
PR,BOA ESPERANÇA,Feminicídio,1/6/2025,0
PR,BOA ESPERANÇA,Feminicídio,1/7/2025,0
PR,BOA ESPERANÇA,Feminicídio,1/8/2025,0
PR,BOA ESPERANÇA,Feminicídio,1/9/2025,0
PR,BOA ESPERANÇA,Feminicídio,1/10/2025,0
PR,BOA ESPERANÇA,Feminicídio,1/11/2025,0
PR,BOA ESPERANÇA,Feminicídio,1/12/2025,0
PR,BOA ESPERANÇA,Tentativa de feminicídio,1/1/2025,0
PR,BOA ESPERANÇA,Tentativa de feminicídio,1/2/2025,0
PR,BOA ESPERANÇA,Tentativa de feminicídio,1/3/2025,0
PR,BOA ESPERANÇA,Tentativa de feminicídio,1/4/2025,0
PR,BOA ESPERANÇA,Tentativa de feminicídio,1/5/2025,0
PR,BOA ESPERANÇA,Tentativa de feminicídio,1/6/2025,0
PR,BOA ESPERANÇA,Tentativa de feminicídio,1/7/2025,0
PR,BOA ESPERANÇA,Tentativa de feminicídio,1/8/2025,0
PR,BOA ESPERANÇA,Tentativa de feminicídio,1/9/2025,0
PR,BOA ESPERANÇA,Tentativa de feminicídio,1/10/2025,0
PR,BOA ESPERANÇA,Tentativa de feminicídio,1/11/2025,0
PR,BOA ESPERANÇA,Tentativa de feminicídio,1/12/2025,0
PR,BOA ESPERANÇA DO IGUAÇU,Feminicídio,1/1/2025,0
PR,BOA ESPERANÇA DO IGUAÇU,Feminicídio,1/2/2025,0
PR,BOA ESPERANÇA DO IGUAÇU,Feminicídio,1/3/2025,0
PR,BOA ESPERANÇA DO IGUAÇU,Feminicídio,1/4/2025,0
PR,BOA ESPERANÇA DO IGUAÇU,Feminicídio,1/5/2025,0
PR,BOA ESPERANÇA DO IGUAÇU,Feminicídio,1/6/2025,0
PR,BOA ESPERANÇA DO IGUAÇU,Feminicídio,1/7/2025,0
PR,BOA ESPERANÇA DO IGUAÇU,Feminicídio,1/8/2025,0
PR,BOA ESPERANÇA DO IGUAÇU,Feminicídio,1/9/2025,0
PR,BOA ESPERANÇA DO IGUAÇU,Feminicídio,1/10/2025,0
PR,BOA ESPERANÇA DO IGUAÇU,Feminicídio,1/11/2025,0
PR,BOA ESPERANÇA DO IGUAÇU,Feminicídio,1/12/2025,0
PR,BOA ESPERANÇA DO IGUAÇU,Tentativa de feminicídio,1/1/2025,0
PR,BOA ESPERANÇA DO IGUAÇU,Tentativa de feminicídio,1/2/2025,0
PR,BOA ESPERANÇA DO IGUAÇU,Tentativa de feminicídio,1/3/2025,0
PR,BOA ESPERANÇA DO IGUAÇU,Tentativa de feminicídio,1/4/2025,0
PR,BOA ESPERANÇA DO IGUAÇU,Tentativa de feminicídio,1/5/2025,0
PR,BOA ESPERANÇA DO IGUAÇU,Tentativa de feminicídio,1/6/2025,0
PR,BOA ESPERANÇA DO IGUAÇU,Tentativa de feminicídio,1/7/2025,0
PR,BOA ESPERANÇA DO IGUAÇU,Tentativa de feminicídio,1/8/2025,0
PR,BOA ESPERANÇA DO IGUAÇU,Tentativa de feminicídio,1/9/2025,0
PR,BOA ESPERANÇA DO IGUAÇU,Tentativa de feminicídio,1/10/2025,0
PR,BOA ESPERANÇA DO IGUAÇU,Tentativa de feminicídio,1/11/2025,0
PR,BOA ESPERANÇA DO IGUAÇU,Tentativa de feminicídio,1/12/2025,0
PR,BOA VENTURA DE SÃO ROQUE,Feminicídio,1/1/2025,0
PR,BOA VENTURA DE SÃO ROQUE,Feminicídio,1/2/2025,0
PR,BOA VENTURA DE SÃO ROQUE,Feminicídio,1/3/2025,0
PR,BOA VENTURA DE SÃO ROQUE,Feminicídio,1/4/2025,0
PR,BOA VENTURA DE SÃO ROQUE,Feminicídio,1/5/2025,0
PR,BOA VENTURA DE SÃO ROQUE,Feminicídio,1/6/2025,0
PR,BOA VENTURA DE SÃO ROQUE,Feminicídio,1/7/2025,0
PR,BOA VENTURA DE SÃO ROQUE,Feminicídio,1/8/2025,0
PR,BOA VENTURA DE SÃO ROQUE,Feminicídio,1/9/2025,0
PR,BOA VENTURA DE SÃO ROQUE,Feminicídio,1/10/2025,0
PR,BOA VENTURA DE SÃO ROQUE,Feminicídio,1/11/2025,0
PR,BOA VENTURA DE SÃO ROQUE,Feminicídio,1/12/2025,0
PR,BOA VENTURA DE SÃO ROQUE,Tentativa de feminicídio,1/1/2025,0
PR,BOA VENTURA DE SÃO ROQUE,Tentativa de feminicídio,1/2/2025,0
PR,BOA VENTURA DE SÃO ROQUE,Tentativa de feminicídio,1/3/2025,0
PR,BOA VENTURA DE SÃO ROQUE,Tentativa de feminicídio,1/4/2025,0
PR,BOA VENTURA DE SÃO ROQUE,Tentativa de feminicídio,1/5/2025,0
PR,BOA VENTURA DE SÃO ROQUE,Tentativa de feminicídio,1/6/2025,0
PR,BOA VENTURA DE SÃO ROQUE,Tentativa de feminicídio,1/7/2025,0
PR,BOA VENTURA DE SÃO ROQUE,Tentativa de feminicídio,1/8/2025,0
PR,BOA VENTURA DE SÃO ROQUE,Tentativa de feminicídio,1/9/2025,0
PR,BOA VENTURA DE SÃO ROQUE,Tentativa de feminicídio,1/10/2025,0
PR,BOA VENTURA DE SÃO ROQUE,Tentativa de feminicídio,1/11/2025,0
PR,BOA VENTURA DE SÃO ROQUE,Tentativa de feminicídio,1/12/2025,0
PR,BOA VISTA DA APARECIDA,Feminicídio,1/1/2025,0
PR,BOA VISTA DA APARECIDA,Feminicídio,1/2/2025,0
PR,BOA VISTA DA APARECIDA,Feminicídio,1/3/2025,0
PR,BOA VISTA DA APARECIDA,Feminicídio,1/4/2025,0
PR,BOA VISTA DA APARECIDA,Feminicídio,1/5/2025,0
PR,BOA VISTA DA APARECIDA,Feminicídio,1/6/2025,0
PR,BOA VISTA DA APARECIDA,Feminicídio,1/7/2025,0
PR,BOA VISTA DA APARECIDA,Feminicídio,1/8/2025,0
PR,BOA VISTA DA APARECIDA,Feminicídio,1/9/2025,0
PR,BOA VISTA DA APARECIDA,Feminicídio,1/10/2025,0
PR,BOA VISTA DA APARECIDA,Feminicídio,1/11/2025,0
PR,BOA VISTA DA APARECIDA,Feminicídio,1/12/2025,1
PR,BOA VISTA DA APARECIDA,Tentativa de feminicídio,1/1/2025,0
PR,BOA VISTA DA APARECIDA,Tentativa de feminicídio,1/2/2025,0
PR,BOA VISTA DA APARECIDA,Tentativa de feminicídio,1/3/2025,0
PR,BOA VISTA DA APARECIDA,Tentativa de feminicídio,1/4/2025,0
PR,BOA VISTA DA APARECIDA,Tentativa de feminicídio,1/5/2025,0
PR,BOA VISTA DA APARECIDA,Tentativa de feminicídio,1/6/2025,0
PR,BOA VISTA DA APARECIDA,Tentativa de feminicídio,1/7/2025,0
PR,BOA VISTA DA APARECIDA,Tentativa de feminicídio,1/8/2025,0
PR,BOA VISTA DA APARECIDA,Tentativa de feminicídio,1/9/2025,0
PR,BOA VISTA DA APARECIDA,Tentativa de feminicídio,1/10/2025,0
PR,BOA VISTA DA APARECIDA,Tentativa de feminicídio,1/11/2025,0
PR,BOA VISTA DA APARECIDA,Tentativa de feminicídio,1/12/2025,0
PR,BOCAIÚVA DO SUL,Feminicídio,1/1/2025,0
PR,BOCAIÚVA DO SUL,Feminicídio,1/2/2025,0
PR,BOCAIÚVA DO SUL,Feminicídio,1/3/2025,0
PR,BOCAIÚVA DO SUL,Feminicídio,1/4/2025,0
PR,BOCAIÚVA DO SUL,Feminicídio,1/5/2025,0
PR,BOCAIÚVA DO SUL,Feminicídio,1/6/2025,0
PR,BOCAIÚVA DO SUL,Feminicídio,1/7/2025,0
PR,BOCAIÚVA DO SUL,Feminicídio,1/8/2025,0
PR,BOCAIÚVA DO SUL,Feminicídio,1/9/2025,0
PR,BOCAIÚVA DO SUL,Feminicídio,1/10/2025,0
PR,BOCAIÚVA DO SUL,Feminicídio,1/11/2025,0
PR,BOCAIÚVA DO SUL,Feminicídio,1/12/2025,0
PR,BOCAIÚVA DO SUL,Tentativa de feminicídio,1/1/2025,0
PR,BOCAIÚVA DO SUL,Tentativa de feminicídio,1/2/2025,0
PR,BOCAIÚVA DO SUL,Tentativa de feminicídio,1/3/2025,0
PR,BOCAIÚVA DO SUL,Tentativa de feminicídio,1/4/2025,0
PR,BOCAIÚVA DO SUL,Tentativa de feminicídio,1/5/2025,0
PR,BOCAIÚVA DO SUL,Tentativa de feminicídio,1/6/2025,0
PR,BOCAIÚVA DO SUL,Tentativa de feminicídio,1/7/2025,0
PR,BOCAIÚVA DO SUL,Tentativa de feminicídio,1/8/2025,0
PR,BOCAIÚVA DO SUL,Tentativa de feminicídio,1/9/2025,0
PR,BOCAIÚVA DO SUL,Tentativa de feminicídio,1/10/2025,0
PR,BOCAIÚVA DO SUL,Tentativa de feminicídio,1/11/2025,0
PR,BOCAIÚVA DO SUL,Tentativa de feminicídio,1/12/2025,0
PR,BOM JESUS DO SUL,Feminicídio,1/1/2025,0
PR,BOM JESUS DO SUL,Feminicídio,1/2/2025,0
PR,BOM JESUS DO SUL,Feminicídio,1/3/2025,0
PR,BOM JESUS DO SUL,Feminicídio,1/4/2025,0
PR,BOM JESUS DO SUL,Feminicídio,1/5/2025,0
PR,BOM JESUS DO SUL,Feminicídio,1/6/2025,0
PR,BOM JESUS DO SUL,Feminicídio,1/7/2025,0
PR,BOM JESUS DO SUL,Feminicídio,1/8/2025,0
PR,BOM JESUS DO SUL,Feminicídio,1/9/2025,0
PR,BOM JESUS DO SUL,Feminicídio,1/10/2025,0
PR,BOM JESUS DO SUL,Feminicídio,1/11/2025,0
PR,BOM JESUS DO SUL,Feminicídio,1/12/2025,0
PR,BOM JESUS DO SUL,Tentativa de feminicídio,1/1/2025,0
PR,BOM JESUS DO SUL,Tentativa de feminicídio,1/2/2025,0
PR,BOM JESUS DO SUL,Tentativa de feminicídio,1/3/2025,0
PR,BOM JESUS DO SUL,Tentativa de feminicídio,1/4/2025,0
PR,BOM JESUS DO SUL,Tentativa de feminicídio,1/5/2025,0
PR,BOM JESUS DO SUL,Tentativa de feminicídio,1/6/2025,0
PR,BOM JESUS DO SUL,Tentativa de feminicídio,1/7/2025,0
PR,BOM JESUS DO SUL,Tentativa de feminicídio,1/8/2025,0
PR,BOM JESUS DO SUL,Tentativa de feminicídio,1/9/2025,0
PR,BOM JESUS DO SUL,Tentativa de feminicídio,1/10/2025,0
PR,BOM JESUS DO SUL,Tentativa de feminicídio,1/11/2025,0
PR,BOM JESUS DO SUL,Tentativa de feminicídio,1/12/2025,0
PR,BOM SUCESSO,Feminicídio,1/1/2025,0
PR,BOM SUCESSO,Feminicídio,1/2/2025,0
PR,BOM SUCESSO,Feminicídio,1/3/2025,0
PR,BOM SUCESSO,Feminicídio,1/4/2025,0
PR,BOM SUCESSO,Feminicídio,1/5/2025,0
PR,BOM SUCESSO,Feminicídio,1/6/2025,0
PR,BOM SUCESSO,Feminicídio,1/7/2025,0
PR,BOM SUCESSO,Feminicídio,1/8/2025,0
PR,BOM SUCESSO,Feminicídio,1/9/2025,0
PR,BOM SUCESSO,Feminicídio,1/10/2025,0
PR,BOM SUCESSO,Feminicídio,1/11/2025,0
PR,BOM SUCESSO,Feminicídio,1/12/2025,0
PR,BOM SUCESSO,Tentativa de feminicídio,1/1/2025,0
PR,BOM SUCESSO,Tentativa de feminicídio,1/2/2025,0
PR,BOM SUCESSO,Tentativa de feminicídio,1/3/2025,0
PR,BOM SUCESSO,Tentativa de feminicídio,1/4/2025,0
PR,BOM SUCESSO,Tentativa de feminicídio,1/5/2025,0
PR,BOM SUCESSO,Tentativa de feminicídio,1/6/2025,0
PR,BOM SUCESSO,Tentativa de feminicídio,1/7/2025,0
PR,BOM SUCESSO,Tentativa de feminicídio,1/8/2025,0
PR,BOM SUCESSO,Tentativa de feminicídio,1/9/2025,0
PR,BOM SUCESSO,Tentativa de feminicídio,1/10/2025,0
PR,BOM SUCESSO,Tentativa de feminicídio,1/11/2025,0
PR,BOM SUCESSO,Tentativa de feminicídio,1/12/2025,0
PR,BOM SUCESSO DO SUL,Feminicídio,1/1/2025,0
PR,BOM SUCESSO DO SUL,Feminicídio,1/2/2025,0
PR,BOM SUCESSO DO SUL,Feminicídio,1/3/2025,0
PR,BOM SUCESSO DO SUL,Feminicídio,1/4/2025,0
PR,BOM SUCESSO DO SUL,Feminicídio,1/5/2025,0
PR,BOM SUCESSO DO SUL,Feminicídio,1/6/2025,0
PR,BOM SUCESSO DO SUL,Feminicídio,1/7/2025,0
PR,BOM SUCESSO DO SUL,Feminicídio,1/8/2025,0
PR,BOM SUCESSO DO SUL,Feminicídio,1/9/2025,0
PR,BOM SUCESSO DO SUL,Feminicídio,1/10/2025,0
PR,BOM SUCESSO DO SUL,Feminicídio,1/11/2025,0
PR,BOM SUCESSO DO SUL,Feminicídio,1/12/2025,0
PR,BOM SUCESSO DO SUL,Tentativa de feminicídio,1/1/2025,0
PR,BOM SUCESSO DO SUL,Tentativa de feminicídio,1/2/2025,0
PR,BOM SUCESSO DO SUL,Tentativa de feminicídio,1/3/2025,0
PR,BOM SUCESSO DO SUL,Tentativa de feminicídio,1/4/2025,0
PR,BOM SUCESSO DO SUL,Tentativa de feminicídio,1/5/2025,0
PR,BOM SUCESSO DO SUL,Tentativa de feminicídio,1/6/2025,0
PR,BOM SUCESSO DO SUL,Tentativa de feminicídio,1/7/2025,0
PR,BOM SUCESSO DO SUL,Tentativa de feminicídio,1/8/2025,0
PR,BOM SUCESSO DO SUL,Tentativa de feminicídio,1/9/2025,0
PR,BOM SUCESSO DO SUL,Tentativa de feminicídio,1/10/2025,0
PR,BOM SUCESSO DO SUL,Tentativa de feminicídio,1/11/2025,0
PR,BOM SUCESSO DO SUL,Tentativa de feminicídio,1/12/2025,0
PR,BORRAZÓPOLIS,Feminicídio,1/1/2025,0
PR,BORRAZÓPOLIS,Feminicídio,1/2/2025,0
PR,BORRAZÓPOLIS,Feminicídio,1/3/2025,0
PR,BORRAZÓPOLIS,Feminicídio,1/4/2025,0
PR,BORRAZÓPOLIS,Feminicídio,1/5/2025,0
PR,BORRAZÓPOLIS,Feminicídio,1/6/2025,0
PR,BORRAZÓPOLIS,Feminicídio,1/7/2025,0
PR,BORRAZÓPOLIS,Feminicídio,1/8/2025,0
PR,BORRAZÓPOLIS,Feminicídio,1/9/2025,0
PR,BORRAZÓPOLIS,Feminicídio,1/10/2025,0
PR,BORRAZÓPOLIS,Feminicídio,1/11/2025,0
PR,BORRAZÓPOLIS,Feminicídio,1/12/2025,0
PR,BORRAZÓPOLIS,Tentativa de feminicídio,1/1/2025,0
PR,BORRAZÓPOLIS,Tentativa de feminicídio,1/2/2025,0
PR,BORRAZÓPOLIS,Tentativa de feminicídio,1/3/2025,0
PR,BORRAZÓPOLIS,Tentativa de feminicídio,1/4/2025,0
PR,BORRAZÓPOLIS,Tentativa de feminicídio,1/5/2025,0
PR,BORRAZÓPOLIS,Tentativa de feminicídio,1/6/2025,0
PR,BORRAZÓPOLIS,Tentativa de feminicídio,1/7/2025,0
PR,BORRAZÓPOLIS,Tentativa de feminicídio,1/8/2025,0
PR,BORRAZÓPOLIS,Tentativa de feminicídio,1/9/2025,0
PR,BORRAZÓPOLIS,Tentativa de feminicídio,1/10/2025,0
PR,BORRAZÓPOLIS,Tentativa de feminicídio,1/11/2025,0
PR,BORRAZÓPOLIS,Tentativa de feminicídio,1/12/2025,0
PR,BRAGANEY,Feminicídio,1/1/2025,0
PR,BRAGANEY,Feminicídio,1/2/2025,0
PR,BRAGANEY,Feminicídio,1/3/2025,0
PR,BRAGANEY,Feminicídio,1/4/2025,0
PR,BRAGANEY,Feminicídio,1/5/2025,0
PR,BRAGANEY,Feminicídio,1/6/2025,0
PR,BRAGANEY,Feminicídio,1/7/2025,0
PR,BRAGANEY,Feminicídio,1/8/2025,0
PR,BRAGANEY,Feminicídio,1/9/2025,0
PR,BRAGANEY,Feminicídio,1/10/2025,0
PR,BRAGANEY,Feminicídio,1/11/2025,0
PR,BRAGANEY,Feminicídio,1/12/2025,0
PR,BRAGANEY,Tentativa de feminicídio,1/1/2025,0
PR,BRAGANEY,Tentativa de feminicídio,1/2/2025,0
PR,BRAGANEY,Tentativa de feminicídio,1/3/2025,0
PR,BRAGANEY,Tentativa de feminicídio,1/4/2025,0
PR,BRAGANEY,Tentativa de feminicídio,1/5/2025,0
PR,BRAGANEY,Tentativa de feminicídio,1/6/2025,0
PR,BRAGANEY,Tentativa de feminicídio,1/7/2025,0
PR,BRAGANEY,Tentativa de feminicídio,1/8/2025,0
PR,BRAGANEY,Tentativa de feminicídio,1/9/2025,0
PR,BRAGANEY,Tentativa de feminicídio,1/10/2025,0
PR,BRAGANEY,Tentativa de feminicídio,1/11/2025,0
PR,BRAGANEY,Tentativa de feminicídio,1/12/2025,0
PR,BRASILÂNDIA DO SUL,Feminicídio,1/1/2025,0
PR,BRASILÂNDIA DO SUL,Feminicídio,1/2/2025,0
PR,BRASILÂNDIA DO SUL,Feminicídio,1/3/2025,0
PR,BRASILÂNDIA DO SUL,Feminicídio,1/4/2025,0
PR,BRASILÂNDIA DO SUL,Feminicídio,1/5/2025,0
PR,BRASILÂNDIA DO SUL,Feminicídio,1/6/2025,0
PR,BRASILÂNDIA DO SUL,Feminicídio,1/7/2025,0
PR,BRASILÂNDIA DO SUL,Feminicídio,1/8/2025,0
PR,BRASILÂNDIA DO SUL,Feminicídio,1/9/2025,0
PR,BRASILÂNDIA DO SUL,Feminicídio,1/10/2025,0
PR,BRASILÂNDIA DO SUL,Feminicídio,1/11/2025,0
PR,BRASILÂNDIA DO SUL,Feminicídio,1/12/2025,0
PR,BRASILÂNDIA DO SUL,Tentativa de feminicídio,1/1/2025,0
PR,BRASILÂNDIA DO SUL,Tentativa de feminicídio,1/2/2025,0
PR,BRASILÂNDIA DO SUL,Tentativa de feminicídio,1/3/2025,0
PR,BRASILÂNDIA DO SUL,Tentativa de feminicídio,1/4/2025,0
PR,BRASILÂNDIA DO SUL,Tentativa de feminicídio,1/5/2025,0
PR,BRASILÂNDIA DO SUL,Tentativa de feminicídio,1/6/2025,0
PR,BRASILÂNDIA DO SUL,Tentativa de feminicídio,1/7/2025,0
PR,BRASILÂNDIA DO SUL,Tentativa de feminicídio,1/8/2025,0
PR,BRASILÂNDIA DO SUL,Tentativa de feminicídio,1/9/2025,0
PR,BRASILÂNDIA DO SUL,Tentativa de feminicídio,1/10/2025,0
PR,BRASILÂNDIA DO SUL,Tentativa de feminicídio,1/11/2025,0
PR,BRASILÂNDIA DO SUL,Tentativa de feminicídio,1/12/2025,0
PR,CAFEARA,Feminicídio,1/1/2025,0
PR,CAFEARA,Feminicídio,1/2/2025,0
PR,CAFEARA,Feminicídio,1/3/2025,0
PR,CAFEARA,Feminicídio,1/4/2025,0
PR,CAFEARA,Feminicídio,1/5/2025,0
PR,CAFEARA,Feminicídio,1/6/2025,0
PR,CAFEARA,Feminicídio,1/7/2025,0
PR,CAFEARA,Feminicídio,1/8/2025,0
PR,CAFEARA,Feminicídio,1/9/2025,0
PR,CAFEARA,Feminicídio,1/10/2025,0
PR,CAFEARA,Feminicídio,1/11/2025,0
PR,CAFEARA,Feminicídio,1/12/2025,0
PR,CAFEARA,Tentativa de feminicídio,1/1/2025,0
PR,CAFEARA,Tentativa de feminicídio,1/2/2025,0
PR,CAFEARA,Tentativa de feminicídio,1/3/2025,0
PR,CAFEARA,Tentativa de feminicídio,1/4/2025,0
PR,CAFEARA,Tentativa de feminicídio,1/5/2025,0
PR,CAFEARA,Tentativa de feminicídio,1/6/2025,0
PR,CAFEARA,Tentativa de feminicídio,1/7/2025,0
PR,CAFEARA,Tentativa de feminicídio,1/8/2025,0
PR,CAFEARA,Tentativa de feminicídio,1/9/2025,0
PR,CAFEARA,Tentativa de feminicídio,1/10/2025,0
PR,CAFEARA,Tentativa de feminicídio,1/11/2025,0
PR,CAFEARA,Tentativa de feminicídio,1/12/2025,0
PR,CAFELÂNDIA,Feminicídio,1/1/2025,0
PR,CAFELÂNDIA,Feminicídio,1/2/2025,0
PR,CAFELÂNDIA,Feminicídio,1/3/2025,0
PR,CAFELÂNDIA,Feminicídio,1/4/2025,0
PR,CAFELÂNDIA,Feminicídio,1/5/2025,0
PR,CAFELÂNDIA,Feminicídio,1/6/2025,0
PR,CAFELÂNDIA,Feminicídio,1/7/2025,0
PR,CAFELÂNDIA,Feminicídio,1/8/2025,0
PR,CAFELÂNDIA,Feminicídio,1/9/2025,0
PR,CAFELÂNDIA,Feminicídio,1/10/2025,0
PR,CAFELÂNDIA,Feminicídio,1/11/2025,0
PR,CAFELÂNDIA,Feminicídio,1/12/2025,0
PR,CAFELÂNDIA,Tentativa de feminicídio,1/1/2025,0
PR,CAFELÂNDIA,Tentativa de feminicídio,1/2/2025,0
PR,CAFELÂNDIA,Tentativa de feminicídio,1/3/2025,0
PR,CAFELÂNDIA,Tentativa de feminicídio,1/4/2025,0
PR,CAFELÂNDIA,Tentativa de feminicídio,1/5/2025,0
PR,CAFELÂNDIA,Tentativa de feminicídio,1/6/2025,0
PR,CAFELÂNDIA,Tentativa de feminicídio,1/7/2025,0
PR,CAFELÂNDIA,Tentativa de feminicídio,1/8/2025,0
PR,CAFELÂNDIA,Tentativa de feminicídio,1/9/2025,0
PR,CAFELÂNDIA,Tentativa de feminicídio,1/10/2025,0
PR,CAFELÂNDIA,Tentativa de feminicídio,1/11/2025,0
PR,CAFELÂNDIA,Tentativa de feminicídio,1/12/2025,0
PR,CAFEZAL DO SUL,Feminicídio,1/1/2025,0
PR,CAFEZAL DO SUL,Feminicídio,1/2/2025,0
PR,CAFEZAL DO SUL,Feminicídio,1/3/2025,0
PR,CAFEZAL DO SUL,Feminicídio,1/4/2025,0
PR,CAFEZAL DO SUL,Feminicídio,1/5/2025,0
PR,CAFEZAL DO SUL,Feminicídio,1/6/2025,0
PR,CAFEZAL DO SUL,Feminicídio,1/7/2025,0
PR,CAFEZAL DO SUL,Feminicídio,1/8/2025,0
PR,CAFEZAL DO SUL,Feminicídio,1/9/2025,0
PR,CAFEZAL DO SUL,Feminicídio,1/10/2025,0
PR,CAFEZAL DO SUL,Feminicídio,1/11/2025,0
PR,CAFEZAL DO SUL,Feminicídio,1/12/2025,0
PR,CAFEZAL DO SUL,Tentativa de feminicídio,1/1/2025,0
PR,CAFEZAL DO SUL,Tentativa de feminicídio,1/2/2025,0
PR,CAFEZAL DO SUL,Tentativa de feminicídio,1/3/2025,0
PR,CAFEZAL DO SUL,Tentativa de feminicídio,1/4/2025,0
PR,CAFEZAL DO SUL,Tentativa de feminicídio,1/5/2025,0
PR,CAFEZAL DO SUL,Tentativa de feminicídio,1/6/2025,0
PR,CAFEZAL DO SUL,Tentativa de feminicídio,1/7/2025,0
PR,CAFEZAL DO SUL,Tentativa de feminicídio,1/8/2025,0
PR,CAFEZAL DO SUL,Tentativa de feminicídio,1/9/2025,0
PR,CAFEZAL DO SUL,Tentativa de feminicídio,1/10/2025,0
PR,CAFEZAL DO SUL,Tentativa de feminicídio,1/11/2025,0
PR,CAFEZAL DO SUL,Tentativa de feminicídio,1/12/2025,0
PR,CALIFÓRNIA,Feminicídio,1/1/2025,0
PR,CALIFÓRNIA,Feminicídio,1/2/2025,0
PR,CALIFÓRNIA,Feminicídio,1/3/2025,0
PR,CALIFÓRNIA,Feminicídio,1/4/2025,0
PR,CALIFÓRNIA,Feminicídio,1/5/2025,0
PR,CALIFÓRNIA,Feminicídio,1/6/2025,0
PR,CALIFÓRNIA,Feminicídio,1/7/2025,0
PR,CALIFÓRNIA,Feminicídio,1/8/2025,0
PR,CALIFÓRNIA,Feminicídio,1/9/2025,0
PR,CALIFÓRNIA,Feminicídio,1/10/2025,0
PR,CALIFÓRNIA,Feminicídio,1/11/2025,0
PR,CALIFÓRNIA,Feminicídio,1/12/2025,0
PR,CALIFÓRNIA,Tentativa de feminicídio,1/1/2025,0
PR,CALIFÓRNIA,Tentativa de feminicídio,1/2/2025,0
PR,CALIFÓRNIA,Tentativa de feminicídio,1/3/2025,0
PR,CALIFÓRNIA,Tentativa de feminicídio,1/4/2025,0
PR,CALIFÓRNIA,Tentativa de feminicídio,1/5/2025,0
PR,CALIFÓRNIA,Tentativa de feminicídio,1/6/2025,0
PR,CALIFÓRNIA,Tentativa de feminicídio,1/7/2025,0
PR,CALIFÓRNIA,Tentativa de feminicídio,1/8/2025,0
PR,CALIFÓRNIA,Tentativa de feminicídio,1/9/2025,0
PR,CALIFÓRNIA,Tentativa de feminicídio,1/10/2025,0
PR,CALIFÓRNIA,Tentativa de feminicídio,1/11/2025,0
PR,CALIFÓRNIA,Tentativa de feminicídio,1/12/2025,0
PR,CAMBARÁ,Feminicídio,1/1/2025,0
PR,CAMBARÁ,Feminicídio,1/2/2025,0
PR,CAMBARÁ,Feminicídio,1/3/2025,0
PR,CAMBARÁ,Feminicídio,1/4/2025,0
PR,CAMBARÁ,Feminicídio,1/5/2025,0
PR,CAMBARÁ,Feminicídio,1/6/2025,0
PR,CAMBARÁ,Feminicídio,1/7/2025,0
PR,CAMBARÁ,Feminicídio,1/8/2025,0
PR,CAMBARÁ,Feminicídio,1/9/2025,0
PR,CAMBARÁ,Feminicídio,1/10/2025,0
PR,CAMBARÁ,Feminicídio,1/11/2025,0
PR,CAMBARÁ,Feminicídio,1/12/2025,0
PR,CAMBARÁ,Tentativa de feminicídio,1/1/2025,0
PR,CAMBARÁ,Tentativa de feminicídio,1/2/2025,0
PR,CAMBARÁ,Tentativa de feminicídio,1/3/2025,0
PR,CAMBARÁ,Tentativa de feminicídio,1/4/2025,0
PR,CAMBARÁ,Tentativa de feminicídio,1/5/2025,0
PR,CAMBARÁ,Tentativa de feminicídio,1/6/2025,0
PR,CAMBARÁ,Tentativa de feminicídio,1/7/2025,0
PR,CAMBARÁ,Tentativa de feminicídio,1/8/2025,0
PR,CAMBARÁ,Tentativa de feminicídio,1/9/2025,0
PR,CAMBARÁ,Tentativa de feminicídio,1/10/2025,0
PR,CAMBARÁ,Tentativa de feminicídio,1/11/2025,0
PR,CAMBARÁ,Tentativa de feminicídio,1/12/2025,0
PR,CAMBIRA,Feminicídio,1/1/2025,0
PR,CAMBIRA,Feminicídio,1/2/2025,0
PR,CAMBIRA,Feminicídio,1/3/2025,0
PR,CAMBIRA,Feminicídio,1/4/2025,0
PR,CAMBIRA,Feminicídio,1/5/2025,0
PR,CAMBIRA,Feminicídio,1/6/2025,0
PR,CAMBIRA,Feminicídio,1/7/2025,0
PR,CAMBIRA,Feminicídio,1/8/2025,0
PR,CAMBIRA,Feminicídio,1/9/2025,0
PR,CAMBIRA,Feminicídio,1/10/2025,0
PR,CAMBIRA,Feminicídio,1/11/2025,1
PR,CAMBIRA,Feminicídio,1/12/2025,0
PR,CAMBIRA,Tentativa de feminicídio,1/1/2025,0
PR,CAMBIRA,Tentativa de feminicídio,1/2/2025,0
PR,CAMBIRA,Tentativa de feminicídio,1/3/2025,0
PR,CAMBIRA,Tentativa de feminicídio,1/4/2025,0
PR,CAMBIRA,Tentativa de feminicídio,1/5/2025,0
PR,CAMBIRA,Tentativa de feminicídio,1/6/2025,0
PR,CAMBIRA,Tentativa de feminicídio,1/7/2025,0
PR,CAMBIRA,Tentativa de feminicídio,1/8/2025,0
PR,CAMBIRA,Tentativa de feminicídio,1/9/2025,0
PR,CAMBIRA,Tentativa de feminicídio,1/10/2025,0
PR,CAMBIRA,Tentativa de feminicídio,1/11/2025,0
PR,CAMBIRA,Tentativa de feminicídio,1/12/2025,0
PR,CAMBÉ,Feminicídio,1/1/2025,0
PR,CAMBÉ,Feminicídio,1/2/2025,0
PR,CAMBÉ,Feminicídio,1/3/2025,0
PR,CAMBÉ,Feminicídio,1/4/2025,0
PR,CAMBÉ,Feminicídio,1/5/2025,1
PR,CAMBÉ,Feminicídio,1/6/2025,0
PR,CAMBÉ,Feminicídio,1/7/2025,0
PR,CAMBÉ,Feminicídio,1/8/2025,0
PR,CAMBÉ,Feminicídio,1/9/2025,0
PR,CAMBÉ,Feminicídio,1/10/2025,0
PR,CAMBÉ,Feminicídio,1/11/2025,0
PR,CAMBÉ,Feminicídio,1/12/2025,0
PR,CAMBÉ,Tentativa de feminicídio,1/1/2025,0
PR,CAMBÉ,Tentativa de feminicídio,1/2/2025,0
PR,CAMBÉ,Tentativa de feminicídio,1/3/2025,0
PR,CAMBÉ,Tentativa de feminicídio,1/4/2025,0
PR,CAMBÉ,Tentativa de feminicídio,1/5/2025,1
PR,CAMBÉ,Tentativa de feminicídio,1/6/2025,0
PR,CAMBÉ,Tentativa de feminicídio,1/7/2025,0
PR,CAMBÉ,Tentativa de feminicídio,1/8/2025,0
PR,CAMBÉ,Tentativa de feminicídio,1/9/2025,0
PR,CAMBÉ,Tentativa de feminicídio,1/10/2025,0
PR,CAMBÉ,Tentativa de feminicídio,1/11/2025,0
PR,CAMBÉ,Tentativa de feminicídio,1/12/2025,0
PR,CAMPINA DA LAGOA,Feminicídio,1/1/2025,0
PR,CAMPINA DA LAGOA,Feminicídio,1/2/2025,0
PR,CAMPINA DA LAGOA,Feminicídio,1/3/2025,0
PR,CAMPINA DA LAGOA,Feminicídio,1/4/2025,0
PR,CAMPINA DA LAGOA,Feminicídio,1/5/2025,0
PR,CAMPINA DA LAGOA,Feminicídio,1/6/2025,0
PR,CAMPINA DA LAGOA,Feminicídio,1/7/2025,0
PR,CAMPINA DA LAGOA,Feminicídio,1/8/2025,0
PR,CAMPINA DA LAGOA,Feminicídio,1/9/2025,0
PR,CAMPINA DA LAGOA,Feminicídio,1/10/2025,0
PR,CAMPINA DA LAGOA,Feminicídio,1/11/2025,0
PR,CAMPINA DA LAGOA,Feminicídio,1/12/2025,0
PR,CAMPINA DA LAGOA,Tentativa de feminicídio,1/1/2025,0
PR,CAMPINA DA LAGOA,Tentativa de feminicídio,1/2/2025,0
PR,CAMPINA DA LAGOA,Tentativa de feminicídio,1/3/2025,0
PR,CAMPINA DA LAGOA,Tentativa de feminicídio,1/4/2025,0
PR,CAMPINA DA LAGOA,Tentativa de feminicídio,1/5/2025,0
PR,CAMPINA DA LAGOA,Tentativa de feminicídio,1/6/2025,0
PR,CAMPINA DA LAGOA,Tentativa de feminicídio,1/7/2025,0
PR,CAMPINA DA LAGOA,Tentativa de feminicídio,1/8/2025,0
PR,CAMPINA DA LAGOA,Tentativa de feminicídio,1/9/2025,0
PR,CAMPINA DA LAGOA,Tentativa de feminicídio,1/10/2025,0
PR,CAMPINA DA LAGOA,Tentativa de feminicídio,1/11/2025,0
PR,CAMPINA DA LAGOA,Tentativa de feminicídio,1/12/2025,0
PR,CAMPINA DO SIMÃO,Feminicídio,1/1/2025,0
PR,CAMPINA DO SIMÃO,Feminicídio,1/2/2025,0
PR,CAMPINA DO SIMÃO,Feminicídio,1/3/2025,0
PR,CAMPINA DO SIMÃO,Feminicídio,1/4/2025,0
PR,CAMPINA DO SIMÃO,Feminicídio,1/5/2025,0
PR,CAMPINA DO SIMÃO,Feminicídio,1/6/2025,0
PR,CAMPINA DO SIMÃO,Feminicídio,1/7/2025,0
PR,CAMPINA DO SIMÃO,Feminicídio,1/8/2025,0
PR,CAMPINA DO SIMÃO,Feminicídio,1/9/2025,0
PR,CAMPINA DO SIMÃO,Feminicídio,1/10/2025,0
PR,CAMPINA DO SIMÃO,Feminicídio,1/11/2025,0
PR,CAMPINA DO SIMÃO,Feminicídio,1/12/2025,0
PR,CAMPINA DO SIMÃO,Tentativa de feminicídio,1/1/2025,0
PR,CAMPINA DO SIMÃO,Tentativa de feminicídio,1/2/2025,0
PR,CAMPINA DO SIMÃO,Tentativa de feminicídio,1/3/2025,0
PR,CAMPINA DO SIMÃO,Tentativa de feminicídio,1/4/2025,0
PR,CAMPINA DO SIMÃO,Tentativa de feminicídio,1/5/2025,0
PR,CAMPINA DO SIMÃO,Tentativa de feminicídio,1/6/2025,0
PR,CAMPINA DO SIMÃO,Tentativa de feminicídio,1/7/2025,0
PR,CAMPINA DO SIMÃO,Tentativa de feminicídio,1/8/2025,0
PR,CAMPINA DO SIMÃO,Tentativa de feminicídio,1/9/2025,0
PR,CAMPINA DO SIMÃO,Tentativa de feminicídio,1/10/2025,0
PR,CAMPINA DO SIMÃO,Tentativa de feminicídio,1/11/2025,0
PR,CAMPINA DO SIMÃO,Tentativa de feminicídio,1/12/2025,0
PR,CAMPINA GRANDE DO SUL,Feminicídio,1/1/2025,0
PR,CAMPINA GRANDE DO SUL,Feminicídio,1/2/2025,0
PR,CAMPINA GRANDE DO SUL,Feminicídio,1/3/2025,0
PR,CAMPINA GRANDE DO SUL,Feminicídio,1/4/2025,0
PR,CAMPINA GRANDE DO SUL,Feminicídio,1/5/2025,0
PR,CAMPINA GRANDE DO SUL,Feminicídio,1/6/2025,0
PR,CAMPINA GRANDE DO SUL,Feminicídio,1/7/2025,0
PR,CAMPINA GRANDE DO SUL,Feminicídio,1/8/2025,0
PR,CAMPINA GRANDE DO SUL,Feminicídio,1/9/2025,0
PR,CAMPINA GRANDE DO SUL,Feminicídio,1/10/2025,0
PR,CAMPINA GRANDE DO SUL,Feminicídio,1/11/2025,0
PR,CAMPINA GRANDE DO SUL,Feminicídio,1/12/2025,0
PR,CAMPINA GRANDE DO SUL,Tentativa de feminicídio,1/1/2025,0
PR,CAMPINA GRANDE DO SUL,Tentativa de feminicídio,1/2/2025,0
PR,CAMPINA GRANDE DO SUL,Tentativa de feminicídio,1/3/2025,0
PR,CAMPINA GRANDE DO SUL,Tentativa de feminicídio,1/4/2025,0
PR,CAMPINA GRANDE DO SUL,Tentativa de feminicídio,1/5/2025,0
PR,CAMPINA GRANDE DO SUL,Tentativa de feminicídio,1/6/2025,0
PR,CAMPINA GRANDE DO SUL,Tentativa de feminicídio,1/7/2025,0
PR,CAMPINA GRANDE DO SUL,Tentativa de feminicídio,1/8/2025,0
PR,CAMPINA GRANDE DO SUL,Tentativa de feminicídio,1/9/2025,0
PR,CAMPINA GRANDE DO SUL,Tentativa de feminicídio,1/10/2025,0
PR,CAMPINA GRANDE DO SUL,Tentativa de feminicídio,1/11/2025,1
PR,CAMPINA GRANDE DO SUL,Tentativa de feminicídio,1/12/2025,0
PR,CAMPO BONITO,Feminicídio,1/1/2025,0
PR,CAMPO BONITO,Feminicídio,1/2/2025,0
PR,CAMPO BONITO,Feminicídio,1/3/2025,0
PR,CAMPO BONITO,Feminicídio,1/4/2025,0
PR,CAMPO BONITO,Feminicídio,1/5/2025,0
PR,CAMPO BONITO,Feminicídio,1/6/2025,0
PR,CAMPO BONITO,Feminicídio,1/7/2025,0
PR,CAMPO BONITO,Feminicídio,1/8/2025,0
PR,CAMPO BONITO,Feminicídio,1/9/2025,0
PR,CAMPO BONITO,Feminicídio,1/10/2025,0
PR,CAMPO BONITO,Feminicídio,1/11/2025,0
PR,CAMPO BONITO,Feminicídio,1/12/2025,0
PR,CAMPO BONITO,Tentativa de feminicídio,1/1/2025,0
PR,CAMPO BONITO,Tentativa de feminicídio,1/2/2025,0
PR,CAMPO BONITO,Tentativa de feminicídio,1/3/2025,0
PR,CAMPO BONITO,Tentativa de feminicídio,1/4/2025,0
PR,CAMPO BONITO,Tentativa de feminicídio,1/5/2025,0
PR,CAMPO BONITO,Tentativa de feminicídio,1/6/2025,0
PR,CAMPO BONITO,Tentativa de feminicídio,1/7/2025,0
PR,CAMPO BONITO,Tentativa de feminicídio,1/8/2025,0
PR,CAMPO BONITO,Tentativa de feminicídio,1/9/2025,0
PR,CAMPO BONITO,Tentativa de feminicídio,1/10/2025,0
PR,CAMPO BONITO,Tentativa de feminicídio,1/11/2025,0
PR,CAMPO BONITO,Tentativa de feminicídio,1/12/2025,0
PR,CAMPO DO TENENTE,Feminicídio,1/1/2025,0
PR,CAMPO DO TENENTE,Feminicídio,1/2/2025,0
PR,CAMPO DO TENENTE,Feminicídio,1/3/2025,0
PR,CAMPO DO TENENTE,Feminicídio,1/4/2025,0
PR,CAMPO DO TENENTE,Feminicídio,1/5/2025,0
PR,CAMPO DO TENENTE,Feminicídio,1/6/2025,0
PR,CAMPO DO TENENTE,Feminicídio,1/7/2025,0
PR,CAMPO DO TENENTE,Feminicídio,1/8/2025,0
PR,CAMPO DO TENENTE,Feminicídio,1/9/2025,0
PR,CAMPO DO TENENTE,Feminicídio,1/10/2025,0
PR,CAMPO DO TENENTE,Feminicídio,1/11/2025,0
PR,CAMPO DO TENENTE,Feminicídio,1/12/2025,0
PR,CAMPO DO TENENTE,Tentativa de feminicídio,1/1/2025,0
PR,CAMPO DO TENENTE,Tentativa de feminicídio,1/2/2025,0
PR,CAMPO DO TENENTE,Tentativa de feminicídio,1/3/2025,0
PR,CAMPO DO TENENTE,Tentativa de feminicídio,1/4/2025,0
PR,CAMPO DO TENENTE,Tentativa de feminicídio,1/5/2025,0
PR,CAMPO DO TENENTE,Tentativa de feminicídio,1/6/2025,0
PR,CAMPO DO TENENTE,Tentativa de feminicídio,1/7/2025,0
PR,CAMPO DO TENENTE,Tentativa de feminicídio,1/8/2025,0
PR,CAMPO DO TENENTE,Tentativa de feminicídio,1/9/2025,0
PR,CAMPO DO TENENTE,Tentativa de feminicídio,1/10/2025,0
PR,CAMPO DO TENENTE,Tentativa de feminicídio,1/11/2025,0
PR,CAMPO DO TENENTE,Tentativa de feminicídio,1/12/2025,0
PR,CAMPO LARGO,Feminicídio,1/1/2025,0
PR,CAMPO LARGO,Feminicídio,1/2/2025,0
PR,CAMPO LARGO,Feminicídio,1/3/2025,0
PR,CAMPO LARGO,Feminicídio,1/4/2025,0
PR,CAMPO LARGO,Feminicídio,1/5/2025,1
PR,CAMPO LARGO,Feminicídio,1/6/2025,0
PR,CAMPO LARGO,Feminicídio,1/7/2025,0
PR,CAMPO LARGO,Feminicídio,1/8/2025,0
PR,CAMPO LARGO,Feminicídio,1/9/2025,0
PR,CAMPO LARGO,Feminicídio,1/10/2025,0
PR,CAMPO LARGO,Feminicídio,1/11/2025,0
PR,CAMPO LARGO,Feminicídio,1/12/2025,0
PR,CAMPO LARGO,Tentativa de feminicídio,1/1/2025,0
PR,CAMPO LARGO,Tentativa de feminicídio,1/2/2025,0
PR,CAMPO LARGO,Tentativa de feminicídio,1/3/2025,0
PR,CAMPO LARGO,Tentativa de feminicídio,1/4/2025,0
PR,CAMPO LARGO,Tentativa de feminicídio,1/5/2025,1
PR,CAMPO LARGO,Tentativa de feminicídio,1/6/2025,0
PR,CAMPO LARGO,Tentativa de feminicídio,1/7/2025,0
PR,CAMPO LARGO,Tentativa de feminicídio,1/8/2025,0
PR,CAMPO LARGO,Tentativa de feminicídio,1/9/2025,0
PR,CAMPO LARGO,Tentativa de feminicídio,1/10/2025,0
PR,CAMPO LARGO,Tentativa de feminicídio,1/11/2025,0
PR,CAMPO LARGO,Tentativa de feminicídio,1/12/2025,0
PR,CAMPO MAGRO,Feminicídio,1/1/2025,0
PR,CAMPO MAGRO,Feminicídio,1/2/2025,0
PR,CAMPO MAGRO,Feminicídio,1/3/2025,0
PR,CAMPO MAGRO,Feminicídio,1/4/2025,0
PR,CAMPO MAGRO,Feminicídio,1/5/2025,0
PR,CAMPO MAGRO,Feminicídio,1/6/2025,0
PR,CAMPO MAGRO,Feminicídio,1/7/2025,0
PR,CAMPO MAGRO,Feminicídio,1/8/2025,0
PR,CAMPO MAGRO,Feminicídio,1/9/2025,0
PR,CAMPO MAGRO,Feminicídio,1/10/2025,0
PR,CAMPO MAGRO,Feminicídio,1/11/2025,0
PR,CAMPO MAGRO,Feminicídio,1/12/2025,0
PR,CAMPO MAGRO,Tentativa de feminicídio,1/1/2025,0
PR,CAMPO MAGRO,Tentativa de feminicídio,1/2/2025,0
PR,CAMPO MAGRO,Tentativa de feminicídio,1/3/2025,0
PR,CAMPO MAGRO,Tentativa de feminicídio,1/4/2025,0
PR,CAMPO MAGRO,Tentativa de feminicídio,1/5/2025,0
PR,CAMPO MAGRO,Tentativa de feminicídio,1/6/2025,0
PR,CAMPO MAGRO,Tentativa de feminicídio,1/7/2025,0
PR,CAMPO MAGRO,Tentativa de feminicídio,1/8/2025,0
PR,CAMPO MAGRO,Tentativa de feminicídio,1/9/2025,0
PR,CAMPO MAGRO,Tentativa de feminicídio,1/10/2025,0
PR,CAMPO MAGRO,Tentativa de feminicídio,1/11/2025,0
PR,CAMPO MAGRO,Tentativa de feminicídio,1/12/2025,0
PR,CAMPO MOURÃO,Feminicídio,1/1/2025,0
PR,CAMPO MOURÃO,Feminicídio,1/2/2025,0
PR,CAMPO MOURÃO,Feminicídio,1/3/2025,0
PR,CAMPO MOURÃO,Feminicídio,1/4/2025,0
PR,CAMPO MOURÃO,Feminicídio,1/5/2025,0
PR,CAMPO MOURÃO,Feminicídio,1/6/2025,0
PR,CAMPO MOURÃO,Feminicídio,1/7/2025,0
PR,CAMPO MOURÃO,Feminicídio,1/8/2025,0
PR,CAMPO MOURÃO,Feminicídio,1/9/2025,0
PR,CAMPO MOURÃO,Feminicídio,1/10/2025,0
PR,CAMPO MOURÃO,Feminicídio,1/11/2025,0
PR,CAMPO MOURÃO,Feminicídio,1/12/2025,0
PR,CAMPO MOURÃO,Tentativa de feminicídio,1/1/2025,0
PR,CAMPO MOURÃO,Tentativa de feminicídio,1/2/2025,0
PR,CAMPO MOURÃO,Tentativa de feminicídio,1/3/2025,0
PR,CAMPO MOURÃO,Tentativa de feminicídio,1/4/2025,0
PR,CAMPO MOURÃO,Tentativa de feminicídio,1/5/2025,0
PR,CAMPO MOURÃO,Tentativa de feminicídio,1/6/2025,0
PR,CAMPO MOURÃO,Tentativa de feminicídio,1/7/2025,0
PR,CAMPO MOURÃO,Tentativa de feminicídio,1/8/2025,0
PR,CAMPO MOURÃO,Tentativa de feminicídio,1/9/2025,0
PR,CAMPO MOURÃO,Tentativa de feminicídio,1/10/2025,0
PR,CAMPO MOURÃO,Tentativa de feminicídio,1/11/2025,0
PR,CAMPO MOURÃO,Tentativa de feminicídio,1/12/2025,0
PR,CANDÓI,Feminicídio,1/1/2025,0
PR,CANDÓI,Feminicídio,1/2/2025,0
PR,CANDÓI,Feminicídio,1/3/2025,0
PR,CANDÓI,Feminicídio,1/4/2025,0
PR,CANDÓI,Feminicídio,1/5/2025,0
PR,CANDÓI,Feminicídio,1/6/2025,0
PR,CANDÓI,Feminicídio,1/7/2025,0
PR,CANDÓI,Feminicídio,1/8/2025,0
PR,CANDÓI,Feminicídio,1/9/2025,0
PR,CANDÓI,Feminicídio,1/10/2025,0
PR,CANDÓI,Feminicídio,1/11/2025,1
PR,CANDÓI,Feminicídio,1/12/2025,0
PR,CANDÓI,Tentativa de feminicídio,1/1/2025,0
PR,CANDÓI,Tentativa de feminicídio,1/2/2025,0
PR,CANDÓI,Tentativa de feminicídio,1/3/2025,0
PR,CANDÓI,Tentativa de feminicídio,1/4/2025,0
PR,CANDÓI,Tentativa de feminicídio,1/5/2025,0
PR,CANDÓI,Tentativa de feminicídio,1/6/2025,0
PR,CANDÓI,Tentativa de feminicídio,1/7/2025,0
PR,CANDÓI,Tentativa de feminicídio,1/8/2025,0
PR,CANDÓI,Tentativa de feminicídio,1/9/2025,1
PR,CANDÓI,Tentativa de feminicídio,1/10/2025,0
PR,CANDÓI,Tentativa de feminicídio,1/11/2025,0
PR,CANDÓI,Tentativa de feminicídio,1/12/2025,0
PR,CANTAGALO,Feminicídio,1/1/2025,0
PR,CANTAGALO,Feminicídio,1/2/2025,0
PR,CANTAGALO,Feminicídio,1/3/2025,0
PR,CANTAGALO,Feminicídio,1/4/2025,0
PR,CANTAGALO,Feminicídio,1/5/2025,0
PR,CANTAGALO,Feminicídio,1/6/2025,0
PR,CANTAGALO,Feminicídio,1/7/2025,0
PR,CANTAGALO,Feminicídio,1/8/2025,0
PR,CANTAGALO,Feminicídio,1/9/2025,0
PR,CANTAGALO,Feminicídio,1/10/2025,0
PR,CANTAGALO,Feminicídio,1/11/2025,0
PR,CANTAGALO,Feminicídio,1/12/2025,0
PR,CANTAGALO,Tentativa de feminicídio,1/1/2025,0
PR,CANTAGALO,Tentativa de feminicídio,1/2/2025,0
PR,CANTAGALO,Tentativa de feminicídio,1/3/2025,0
PR,CANTAGALO,Tentativa de feminicídio,1/4/2025,0
PR,CANTAGALO,Tentativa de feminicídio,1/5/2025,0
PR,CANTAGALO,Tentativa de feminicídio,1/6/2025,0
PR,CANTAGALO,Tentativa de feminicídio,1/7/2025,0
PR,CANTAGALO,Tentativa de feminicídio,1/8/2025,0
PR,CANTAGALO,Tentativa de feminicídio,1/9/2025,0
PR,CANTAGALO,Tentativa de feminicídio,1/10/2025,0
PR,CANTAGALO,Tentativa de feminicídio,1/11/2025,0
PR,CANTAGALO,Tentativa de feminicídio,1/12/2025,0
PR,CAPANEMA,Feminicídio,1/1/2025,0
PR,CAPANEMA,Feminicídio,1/2/2025,0
PR,CAPANEMA,Feminicídio,1/3/2025,0
PR,CAPANEMA,Feminicídio,1/4/2025,0
PR,CAPANEMA,Feminicídio,1/5/2025,0
PR,CAPANEMA,Feminicídio,1/6/2025,0
PR,CAPANEMA,Feminicídio,1/7/2025,0
PR,CAPANEMA,Feminicídio,1/8/2025,0
PR,CAPANEMA,Feminicídio,1/9/2025,0
PR,CAPANEMA,Feminicídio,1/10/2025,0
PR,CAPANEMA,Feminicídio,1/11/2025,0
PR,CAPANEMA,Feminicídio,1/12/2025,0
PR,CAPANEMA,Tentativa de feminicídio,1/1/2025,0
PR,CAPANEMA,Tentativa de feminicídio,1/2/2025,0
PR,CAPANEMA,Tentativa de feminicídio,1/3/2025,0
PR,CAPANEMA,Tentativa de feminicídio,1/4/2025,0
PR,CAPANEMA,Tentativa de feminicídio,1/5/2025,0
PR,CAPANEMA,Tentativa de feminicídio,1/6/2025,0
PR,CAPANEMA,Tentativa de feminicídio,1/7/2025,0
PR,CAPANEMA,Tentativa de feminicídio,1/8/2025,0
PR,CAPANEMA,Tentativa de feminicídio,1/9/2025,0
PR,CAPANEMA,Tentativa de feminicídio,1/10/2025,0
PR,CAPANEMA,Tentativa de feminicídio,1/11/2025,0
PR,CAPANEMA,Tentativa de feminicídio,1/12/2025,0
PR,CAPITÃO LEÔNIDAS MARQUES,Feminicídio,1/1/2025,0
PR,CAPITÃO LEÔNIDAS MARQUES,Feminicídio,1/2/2025,0
PR,CAPITÃO LEÔNIDAS MARQUES,Feminicídio,1/3/2025,0
PR,CAPITÃO LEÔNIDAS MARQUES,Feminicídio,1/4/2025,0
PR,CAPITÃO LEÔNIDAS MARQUES,Feminicídio,1/5/2025,0
PR,CAPITÃO LEÔNIDAS MARQUES,Feminicídio,1/6/2025,0
PR,CAPITÃO LEÔNIDAS MARQUES,Feminicídio,1/7/2025,0
PR,CAPITÃO LEÔNIDAS MARQUES,Feminicídio,1/8/2025,0
PR,CAPITÃO LEÔNIDAS MARQUES,Feminicídio,1/9/2025,0
PR,CAPITÃO LEÔNIDAS MARQUES,Feminicídio,1/10/2025,0
PR,CAPITÃO LEÔNIDAS MARQUES,Feminicídio,1/11/2025,1
PR,CAPITÃO LEÔNIDAS MARQUES,Feminicídio,1/12/2025,0
PR,CAPITÃO LEÔNIDAS MARQUES,Tentativa de feminicídio,1/1/2025,0
PR,CAPITÃO LEÔNIDAS MARQUES,Tentativa de feminicídio,1/2/2025,0
PR,CAPITÃO LEÔNIDAS MARQUES,Tentativa de feminicídio,1/3/2025,0
PR,CAPITÃO LEÔNIDAS MARQUES,Tentativa de feminicídio,1/4/2025,0
PR,CAPITÃO LEÔNIDAS MARQUES,Tentativa de feminicídio,1/5/2025,0
PR,CAPITÃO LEÔNIDAS MARQUES,Tentativa de feminicídio,1/6/2025,0
PR,CAPITÃO LEÔNIDAS MARQUES,Tentativa de feminicídio,1/7/2025,0
PR,CAPITÃO LEÔNIDAS MARQUES,Tentativa de feminicídio,1/8/2025,0
PR,CAPITÃO LEÔNIDAS MARQUES,Tentativa de feminicídio,1/9/2025,0
PR,CAPITÃO LEÔNIDAS MARQUES,Tentativa de feminicídio,1/10/2025,0
PR,CAPITÃO LEÔNIDAS MARQUES,Tentativa de feminicídio,1/11/2025,0
PR,CAPITÃO LEÔNIDAS MARQUES,Tentativa de feminicídio,1/12/2025,0
PR,CARAMBEÍ,Feminicídio,1/1/2025,0
PR,CARAMBEÍ,Feminicídio,1/2/2025,0
PR,CARAMBEÍ,Feminicídio,1/3/2025,0
PR,CARAMBEÍ,Feminicídio,1/4/2025,0
PR,CARAMBEÍ,Feminicídio,1/5/2025,0
PR,CARAMBEÍ,Feminicídio,1/6/2025,0
PR,CARAMBEÍ,Feminicídio,1/7/2025,0
PR,CARAMBEÍ,Feminicídio,1/8/2025,0
PR,CARAMBEÍ,Feminicídio,1/9/2025,0
PR,CARAMBEÍ,Feminicídio,1/10/2025,0
PR,CARAMBEÍ,Feminicídio,1/11/2025,0
PR,CARAMBEÍ,Feminicídio,1/12/2025,0
PR,CARAMBEÍ,Tentativa de feminicídio,1/1/2025,0
PR,CARAMBEÍ,Tentativa de feminicídio,1/2/2025,0
PR,CARAMBEÍ,Tentativa de feminicídio,1/3/2025,1
PR,CARAMBEÍ,Tentativa de feminicídio,1/4/2025,0
PR,CARAMBEÍ,Tentativa de feminicídio,1/5/2025,0
PR,CARAMBEÍ,Tentativa de feminicídio,1/6/2025,0
PR,CARAMBEÍ,Tentativa de feminicídio,1/7/2025,0
PR,CARAMBEÍ,Tentativa de feminicídio,1/8/2025,0
PR,CARAMBEÍ,Tentativa de feminicídio,1/9/2025,0
PR,CARAMBEÍ,Tentativa de feminicídio,1/10/2025,0
PR,CARAMBEÍ,Tentativa de feminicídio,1/11/2025,0
PR,CARAMBEÍ,Tentativa de feminicídio,1/12/2025,0
PR,CARLÓPOLIS,Feminicídio,1/1/2025,0
PR,CARLÓPOLIS,Feminicídio,1/2/2025,0
PR,CARLÓPOLIS,Feminicídio,1/3/2025,0
PR,CARLÓPOLIS,Feminicídio,1/4/2025,0
PR,CARLÓPOLIS,Feminicídio,1/5/2025,0
PR,CARLÓPOLIS,Feminicídio,1/6/2025,0
PR,CARLÓPOLIS,Feminicídio,1/7/2025,0
PR,CARLÓPOLIS,Feminicídio,1/8/2025,0
PR,CARLÓPOLIS,Feminicídio,1/9/2025,0
PR,CARLÓPOLIS,Feminicídio,1/10/2025,0
PR,CARLÓPOLIS,Feminicídio,1/11/2025,0
PR,CARLÓPOLIS,Feminicídio,1/12/2025,0
PR,CARLÓPOLIS,Tentativa de feminicídio,1/1/2025,0
PR,CARLÓPOLIS,Tentativa de feminicídio,1/2/2025,0
PR,CARLÓPOLIS,Tentativa de feminicídio,1/3/2025,0
PR,CARLÓPOLIS,Tentativa de feminicídio,1/4/2025,1
PR,CARLÓPOLIS,Tentativa de feminicídio,1/5/2025,0
PR,CARLÓPOLIS,Tentativa de feminicídio,1/6/2025,0
PR,CARLÓPOLIS,Tentativa de feminicídio,1/7/2025,0
PR,CARLÓPOLIS,Tentativa de feminicídio,1/8/2025,0
PR,CARLÓPOLIS,Tentativa de feminicídio,1/9/2025,0
PR,CARLÓPOLIS,Tentativa de feminicídio,1/10/2025,0
PR,CARLÓPOLIS,Tentativa de feminicídio,1/11/2025,0
PR,CARLÓPOLIS,Tentativa de feminicídio,1/12/2025,0
PR,CASCAVEL,Feminicídio,1/1/2025,2
PR,CASCAVEL,Feminicídio,1/2/2025,0
PR,CASCAVEL,Feminicídio,1/3/2025,0
PR,CASCAVEL,Feminicídio,1/4/2025,0
PR,CASCAVEL,Feminicídio,1/5/2025,0
PR,CASCAVEL,Feminicídio,1/6/2025,0
PR,CASCAVEL,Feminicídio,1/7/2025,0
PR,CASCAVEL,Feminicídio,1/8/2025,1
PR,CASCAVEL,Feminicídio,1/9/2025,1
PR,CASCAVEL,Feminicídio,1/10/2025,0
PR,CASCAVEL,Feminicídio,1/11/2025,0
PR,CASCAVEL,Feminicídio,1/12/2025,0
PR,CASCAVEL,Tentativa de feminicídio,1/1/2025,1
PR,CASCAVEL,Tentativa de feminicídio,1/2/2025,0
PR,CASCAVEL,Tentativa de feminicídio,1/3/2025,0
PR,CASCAVEL,Tentativa de feminicídio,1/4/2025,0
PR,CASCAVEL,Tentativa de feminicídio,1/5/2025,0
PR,CASCAVEL,Tentativa de feminicídio,1/6/2025,0
PR,CASCAVEL,Tentativa de feminicídio,1/7/2025,0
PR,CASCAVEL,Tentativa de feminicídio,1/8/2025,1
PR,CASCAVEL,Tentativa de feminicídio,1/9/2025,0
PR,CASCAVEL,Tentativa de feminicídio,1/10/2025,2
PR,CASCAVEL,Tentativa de feminicídio,1/11/2025,1
PR,CASCAVEL,Tentativa de feminicídio,1/12/2025,0
PR,CASTRO,Feminicídio,1/1/2025,0
PR,CASTRO,Feminicídio,1/2/2025,0
PR,CASTRO,Feminicídio,1/3/2025,0
PR,CASTRO,Feminicídio,1/4/2025,0
PR,CASTRO,Feminicídio,1/5/2025,0
PR,CASTRO,Feminicídio,1/6/2025,0
PR,CASTRO,Feminicídio,1/7/2025,0
PR,CASTRO,Feminicídio,1/8/2025,0
PR,CASTRO,Feminicídio,1/9/2025,0
PR,CASTRO,Feminicídio,1/10/2025,0
PR,CASTRO,Feminicídio,1/11/2025,0
PR,CASTRO,Feminicídio,1/12/2025,0
PR,CASTRO,Tentativa de feminicídio,1/1/2025,0
PR,CASTRO,Tentativa de feminicídio,1/2/2025,0
PR,CASTRO,Tentativa de feminicídio,1/3/2025,0
PR,CASTRO,Tentativa de feminicídio,1/4/2025,1
PR,CASTRO,Tentativa de feminicídio,1/5/2025,0
PR,CASTRO,Tentativa de feminicídio,1/6/2025,0
PR,CASTRO,Tentativa de feminicídio,1/7/2025,0
PR,CASTRO,Tentativa de feminicídio,1/8/2025,0
PR,CASTRO,Tentativa de feminicídio,1/9/2025,0
PR,CASTRO,Tentativa de feminicídio,1/10/2025,0
PR,CASTRO,Tentativa de feminicídio,1/11/2025,1
PR,CASTRO,Tentativa de feminicídio,1/12/2025,0
PR,CATANDUVAS,Feminicídio,1/1/2025,0
PR,CATANDUVAS,Feminicídio,1/2/2025,0
PR,CATANDUVAS,Feminicídio,1/3/2025,0
PR,CATANDUVAS,Feminicídio,1/4/2025,0
PR,CATANDUVAS,Feminicídio,1/5/2025,0
PR,CATANDUVAS,Feminicídio,1/6/2025,0
PR,CATANDUVAS,Feminicídio,1/7/2025,0
PR,CATANDUVAS,Feminicídio,1/8/2025,0
PR,CATANDUVAS,Feminicídio,1/9/2025,0
PR,CATANDUVAS,Feminicídio,1/10/2025,0
PR,CATANDUVAS,Feminicídio,1/11/2025,0
PR,CATANDUVAS,Feminicídio,1/12/2025,0
PR,CATANDUVAS,Tentativa de feminicídio,1/1/2025,0
PR,CATANDUVAS,Tentativa de feminicídio,1/2/2025,0
PR,CATANDUVAS,Tentativa de feminicídio,1/3/2025,0
PR,CATANDUVAS,Tentativa de feminicídio,1/4/2025,0
PR,CATANDUVAS,Tentativa de feminicídio,1/5/2025,0
PR,CATANDUVAS,Tentativa de feminicídio,1/6/2025,0
PR,CATANDUVAS,Tentativa de feminicídio,1/7/2025,0
PR,CATANDUVAS,Tentativa de feminicídio,1/8/2025,0
PR,CATANDUVAS,Tentativa de feminicídio,1/9/2025,0
PR,CATANDUVAS,Tentativa de feminicídio,1/10/2025,0
PR,CATANDUVAS,Tentativa de feminicídio,1/11/2025,0
PR,CATANDUVAS,Tentativa de feminicídio,1/12/2025,0
PR,CENTENÁRIO DO SUL,Feminicídio,1/1/2025,0
PR,CENTENÁRIO DO SUL,Feminicídio,1/2/2025,0
PR,CENTENÁRIO DO SUL,Feminicídio,1/3/2025,0
PR,CENTENÁRIO DO SUL,Feminicídio,1/4/2025,0
PR,CENTENÁRIO DO SUL,Feminicídio,1/5/2025,0
PR,CENTENÁRIO DO SUL,Feminicídio,1/6/2025,0
PR,CENTENÁRIO DO SUL,Feminicídio,1/7/2025,0
PR,CENTENÁRIO DO SUL,Feminicídio,1/8/2025,0
PR,CENTENÁRIO DO SUL,Feminicídio,1/9/2025,0
PR,CENTENÁRIO DO SUL,Feminicídio,1/10/2025,0
PR,CENTENÁRIO DO SUL,Feminicídio,1/11/2025,0
PR,CENTENÁRIO DO SUL,Feminicídio,1/12/2025,0
PR,CENTENÁRIO DO SUL,Tentativa de feminicídio,1/1/2025,0
PR,CENTENÁRIO DO SUL,Tentativa de feminicídio,1/2/2025,0
PR,CENTENÁRIO DO SUL,Tentativa de feminicídio,1/3/2025,0
PR,CENTENÁRIO DO SUL,Tentativa de feminicídio,1/4/2025,0
PR,CENTENÁRIO DO SUL,Tentativa de feminicídio,1/5/2025,0
PR,CENTENÁRIO DO SUL,Tentativa de feminicídio,1/6/2025,0
PR,CENTENÁRIO DO SUL,Tentativa de feminicídio,1/7/2025,0
PR,CENTENÁRIO DO SUL,Tentativa de feminicídio,1/8/2025,0
PR,CENTENÁRIO DO SUL,Tentativa de feminicídio,1/9/2025,0
PR,CENTENÁRIO DO SUL,Tentativa de feminicídio,1/10/2025,0
PR,CENTENÁRIO DO SUL,Tentativa de feminicídio,1/11/2025,0
PR,CENTENÁRIO DO SUL,Tentativa de feminicídio,1/12/2025,0
PR,CERRO AZUL,Feminicídio,1/1/2025,0
PR,CERRO AZUL,Feminicídio,1/2/2025,0
PR,CERRO AZUL,Feminicídio,1/3/2025,0
PR,CERRO AZUL,Feminicídio,1/4/2025,0
PR,CERRO AZUL,Feminicídio,1/5/2025,0
PR,CERRO AZUL,Feminicídio,1/6/2025,0
PR,CERRO AZUL,Feminicídio,1/7/2025,0
PR,CERRO AZUL,Feminicídio,1/8/2025,0
PR,CERRO AZUL,Feminicídio,1/9/2025,0
PR,CERRO AZUL,Feminicídio,1/10/2025,0
PR,CERRO AZUL,Feminicídio,1/11/2025,0
PR,CERRO AZUL,Feminicídio,1/12/2025,0
PR,CERRO AZUL,Tentativa de feminicídio,1/1/2025,0
PR,CERRO AZUL,Tentativa de feminicídio,1/2/2025,0
PR,CERRO AZUL,Tentativa de feminicídio,1/3/2025,0
PR,CERRO AZUL,Tentativa de feminicídio,1/4/2025,0
PR,CERRO AZUL,Tentativa de feminicídio,1/5/2025,0
PR,CERRO AZUL,Tentativa de feminicídio,1/6/2025,0
PR,CERRO AZUL,Tentativa de feminicídio,1/7/2025,0
PR,CERRO AZUL,Tentativa de feminicídio,1/8/2025,0
PR,CERRO AZUL,Tentativa de feminicídio,1/9/2025,0
PR,CERRO AZUL,Tentativa de feminicídio,1/10/2025,0
PR,CERRO AZUL,Tentativa de feminicídio,1/11/2025,0
PR,CERRO AZUL,Tentativa de feminicídio,1/12/2025,0
PR,CHOPINZINHO,Feminicídio,1/1/2025,0
PR,CHOPINZINHO,Feminicídio,1/2/2025,1
PR,CHOPINZINHO,Feminicídio,1/3/2025,0
PR,CHOPINZINHO,Feminicídio,1/4/2025,0
PR,CHOPINZINHO,Feminicídio,1/5/2025,0
PR,CHOPINZINHO,Feminicídio,1/6/2025,0
PR,CHOPINZINHO,Feminicídio,1/7/2025,0
PR,CHOPINZINHO,Feminicídio,1/8/2025,0
PR,CHOPINZINHO,Feminicídio,1/9/2025,0
PR,CHOPINZINHO,Feminicídio,1/10/2025,0
PR,CHOPINZINHO,Feminicídio,1/11/2025,0
PR,CHOPINZINHO,Feminicídio,1/12/2025,0
PR,CHOPINZINHO,Tentativa de feminicídio,1/1/2025,0
PR,CHOPINZINHO,Tentativa de feminicídio,1/2/2025,0
PR,CHOPINZINHO,Tentativa de feminicídio,1/3/2025,0
PR,CHOPINZINHO,Tentativa de feminicídio,1/4/2025,0
PR,CHOPINZINHO,Tentativa de feminicídio,1/5/2025,0
PR,CHOPINZINHO,Tentativa de feminicídio,1/6/2025,0
PR,CHOPINZINHO,Tentativa de feminicídio,1/7/2025,0
PR,CHOPINZINHO,Tentativa de feminicídio,1/8/2025,0
PR,CHOPINZINHO,Tentativa de feminicídio,1/9/2025,0
PR,CHOPINZINHO,Tentativa de feminicídio,1/10/2025,0
PR,CHOPINZINHO,Tentativa de feminicídio,1/11/2025,0
PR,CHOPINZINHO,Tentativa de feminicídio,1/12/2025,0
PR,CIANORTE,Feminicídio,1/1/2025,0
PR,CIANORTE,Feminicídio,1/2/2025,0
PR,CIANORTE,Feminicídio,1/3/2025,0
PR,CIANORTE,Feminicídio,1/4/2025,0
PR,CIANORTE,Feminicídio,1/5/2025,0
PR,CIANORTE,Feminicídio,1/6/2025,0
PR,CIANORTE,Feminicídio,1/7/2025,0
PR,CIANORTE,Feminicídio,1/8/2025,0
PR,CIANORTE,Feminicídio,1/9/2025,0
PR,CIANORTE,Feminicídio,1/10/2025,0
PR,CIANORTE,Feminicídio,1/11/2025,0
PR,CIANORTE,Feminicídio,1/12/2025,0
PR,CIANORTE,Tentativa de feminicídio,1/1/2025,0
PR,CIANORTE,Tentativa de feminicídio,1/2/2025,0
PR,CIANORTE,Tentativa de feminicídio,1/3/2025,0
PR,CIANORTE,Tentativa de feminicídio,1/4/2025,0
PR,CIANORTE,Tentativa de feminicídio,1/5/2025,0
PR,CIANORTE,Tentativa de feminicídio,1/6/2025,0
PR,CIANORTE,Tentativa de feminicídio,1/7/2025,0
PR,CIANORTE,Tentativa de feminicídio,1/8/2025,0
PR,CIANORTE,Tentativa de feminicídio,1/9/2025,0
PR,CIANORTE,Tentativa de feminicídio,1/10/2025,0
PR,CIANORTE,Tentativa de feminicídio,1/11/2025,0
PR,CIANORTE,Tentativa de feminicídio,1/12/2025,0
PR,CIDADE GAÚCHA,Feminicídio,1/1/2025,0
PR,CIDADE GAÚCHA,Feminicídio,1/2/2025,0
PR,CIDADE GAÚCHA,Feminicídio,1/3/2025,0
PR,CIDADE GAÚCHA,Feminicídio,1/4/2025,0
PR,CIDADE GAÚCHA,Feminicídio,1/5/2025,0
PR,CIDADE GAÚCHA,Feminicídio,1/6/2025,0
PR,CIDADE GAÚCHA,Feminicídio,1/7/2025,0
PR,CIDADE GAÚCHA,Feminicídio,1/8/2025,0
PR,CIDADE GAÚCHA,Feminicídio,1/9/2025,0
PR,CIDADE GAÚCHA,Feminicídio,1/10/2025,0
PR,CIDADE GAÚCHA,Feminicídio,1/11/2025,0
PR,CIDADE GAÚCHA,Feminicídio,1/12/2025,0
PR,CIDADE GAÚCHA,Tentativa de feminicídio,1/1/2025,0
PR,CIDADE GAÚCHA,Tentativa de feminicídio,1/2/2025,0
PR,CIDADE GAÚCHA,Tentativa de feminicídio,1/3/2025,0
PR,CIDADE GAÚCHA,Tentativa de feminicídio,1/4/2025,0
PR,CIDADE GAÚCHA,Tentativa de feminicídio,1/5/2025,0
PR,CIDADE GAÚCHA,Tentativa de feminicídio,1/6/2025,0
PR,CIDADE GAÚCHA,Tentativa de feminicídio,1/7/2025,0
PR,CIDADE GAÚCHA,Tentativa de feminicídio,1/8/2025,0
PR,CIDADE GAÚCHA,Tentativa de feminicídio,1/9/2025,1
PR,CIDADE GAÚCHA,Tentativa de feminicídio,1/10/2025,0
PR,CIDADE GAÚCHA,Tentativa de feminicídio,1/11/2025,0
PR,CIDADE GAÚCHA,Tentativa de feminicídio,1/12/2025,0
PR,CLEVELÂNDIA,Feminicídio,1/1/2025,0
PR,CLEVELÂNDIA,Feminicídio,1/2/2025,0
PR,CLEVELÂNDIA,Feminicídio,1/3/2025,0
PR,CLEVELÂNDIA,Feminicídio,1/4/2025,0
PR,CLEVELÂNDIA,Feminicídio,1/5/2025,0
PR,CLEVELÂNDIA,Feminicídio,1/6/2025,0
PR,CLEVELÂNDIA,Feminicídio,1/7/2025,0
PR,CLEVELÂNDIA,Feminicídio,1/8/2025,0
PR,CLEVELÂNDIA,Feminicídio,1/9/2025,0
PR,CLEVELÂNDIA,Feminicídio,1/10/2025,0
PR,CLEVELÂNDIA,Feminicídio,1/11/2025,0
PR,CLEVELÂNDIA,Feminicídio,1/12/2025,0
PR,CLEVELÂNDIA,Tentativa de feminicídio,1/1/2025,0
PR,CLEVELÂNDIA,Tentativa de feminicídio,1/2/2025,0
PR,CLEVELÂNDIA,Tentativa de feminicídio,1/3/2025,0
PR,CLEVELÂNDIA,Tentativa de feminicídio,1/4/2025,0
PR,CLEVELÂNDIA,Tentativa de feminicídio,1/5/2025,0
PR,CLEVELÂNDIA,Tentativa de feminicídio,1/6/2025,0
PR,CLEVELÂNDIA,Tentativa de feminicídio,1/7/2025,0
PR,CLEVELÂNDIA,Tentativa de feminicídio,1/8/2025,0
PR,CLEVELÂNDIA,Tentativa de feminicídio,1/9/2025,0
PR,CLEVELÂNDIA,Tentativa de feminicídio,1/10/2025,0
PR,CLEVELÂNDIA,Tentativa de feminicídio,1/11/2025,0
PR,CLEVELÂNDIA,Tentativa de feminicídio,1/12/2025,0
PR,COLOMBO,Feminicídio,1/1/2025,0
PR,COLOMBO,Feminicídio,1/2/2025,0
PR,COLOMBO,Feminicídio,1/3/2025,0
PR,COLOMBO,Feminicídio,1/4/2025,0
PR,COLOMBO,Feminicídio,1/5/2025,0
PR,COLOMBO,Feminicídio,1/6/2025,0
PR,COLOMBO,Feminicídio,1/7/2025,0
PR,COLOMBO,Feminicídio,1/8/2025,0
PR,COLOMBO,Feminicídio,1/9/2025,0
PR,COLOMBO,Feminicídio,1/10/2025,1
PR,COLOMBO,Feminicídio,1/11/2025,0
PR,COLOMBO,Feminicídio,1/12/2025,0
PR,COLOMBO,Tentativa de feminicídio,1/1/2025,0
PR,COLOMBO,Tentativa de feminicídio,1/2/2025,0
PR,COLOMBO,Tentativa de feminicídio,1/3/2025,0
PR,COLOMBO,Tentativa de feminicídio,1/4/2025,0
PR,COLOMBO,Tentativa de feminicídio,1/5/2025,0
PR,COLOMBO,Tentativa de feminicídio,1/6/2025,0
PR,COLOMBO,Tentativa de feminicídio,1/7/2025,1
PR,COLOMBO,Tentativa de feminicídio,1/8/2025,0
PR,COLOMBO,Tentativa de feminicídio,1/9/2025,0
PR,COLOMBO,Tentativa de feminicídio,1/10/2025,0
PR,COLOMBO,Tentativa de feminicídio,1/11/2025,0
PR,COLOMBO,Tentativa de feminicídio,1/12/2025,0
PR,COLORADO,Feminicídio,1/1/2025,0
PR,COLORADO,Feminicídio,1/2/2025,0
PR,COLORADO,Feminicídio,1/3/2025,0
PR,COLORADO,Feminicídio,1/4/2025,0
PR,COLORADO,Feminicídio,1/5/2025,0
PR,COLORADO,Feminicídio,1/6/2025,0
PR,COLORADO,Feminicídio,1/7/2025,0
PR,COLORADO,Feminicídio,1/8/2025,0
PR,COLORADO,Feminicídio,1/9/2025,0
PR,COLORADO,Feminicídio,1/10/2025,0
PR,COLORADO,Feminicídio,1/11/2025,0
PR,COLORADO,Feminicídio,1/12/2025,0
PR,COLORADO,Tentativa de feminicídio,1/1/2025,0
PR,COLORADO,Tentativa de feminicídio,1/2/2025,0
PR,COLORADO,Tentativa de feminicídio,1/3/2025,0
PR,COLORADO,Tentativa de feminicídio,1/4/2025,0
PR,COLORADO,Tentativa de feminicídio,1/5/2025,0
PR,COLORADO,Tentativa de feminicídio,1/6/2025,0
PR,COLORADO,Tentativa de feminicídio,1/7/2025,0
PR,COLORADO,Tentativa de feminicídio,1/8/2025,0
PR,COLORADO,Tentativa de feminicídio,1/9/2025,0
PR,COLORADO,Tentativa de feminicídio,1/10/2025,0
PR,COLORADO,Tentativa de feminicídio,1/11/2025,0
PR,COLORADO,Tentativa de feminicídio,1/12/2025,0
PR,CONGONHINHAS,Feminicídio,1/1/2025,0
PR,CONGONHINHAS,Feminicídio,1/2/2025,0
PR,CONGONHINHAS,Feminicídio,1/3/2025,0
PR,CONGONHINHAS,Feminicídio,1/4/2025,0
PR,CONGONHINHAS,Feminicídio,1/5/2025,0
PR,CONGONHINHAS,Feminicídio,1/6/2025,0
PR,CONGONHINHAS,Feminicídio,1/7/2025,0
PR,CONGONHINHAS,Feminicídio,1/8/2025,0
PR,CONGONHINHAS,Feminicídio,1/9/2025,0
PR,CONGONHINHAS,Feminicídio,1/10/2025,0
PR,CONGONHINHAS,Feminicídio,1/11/2025,0
PR,CONGONHINHAS,Feminicídio,1/12/2025,0
PR,CONGONHINHAS,Tentativa de feminicídio,1/1/2025,0
PR,CONGONHINHAS,Tentativa de feminicídio,1/2/2025,0
PR,CONGONHINHAS,Tentativa de feminicídio,1/3/2025,0
PR,CONGONHINHAS,Tentativa de feminicídio,1/4/2025,0
PR,CONGONHINHAS,Tentativa de feminicídio,1/5/2025,0
PR,CONGONHINHAS,Tentativa de feminicídio,1/6/2025,0
PR,CONGONHINHAS,Tentativa de feminicídio,1/7/2025,0
PR,CONGONHINHAS,Tentativa de feminicídio,1/8/2025,0
PR,CONGONHINHAS,Tentativa de feminicídio,1/9/2025,0
PR,CONGONHINHAS,Tentativa de feminicídio,1/10/2025,0
PR,CONGONHINHAS,Tentativa de feminicídio,1/11/2025,0
PR,CONGONHINHAS,Tentativa de feminicídio,1/12/2025,0
PR,CONSELHEIRO MAIRINCK,Feminicídio,1/1/2025,0
PR,CONSELHEIRO MAIRINCK,Feminicídio,1/2/2025,0
PR,CONSELHEIRO MAIRINCK,Feminicídio,1/3/2025,0
PR,CONSELHEIRO MAIRINCK,Feminicídio,1/4/2025,0
PR,CONSELHEIRO MAIRINCK,Feminicídio,1/5/2025,0
PR,CONSELHEIRO MAIRINCK,Feminicídio,1/6/2025,0
PR,CONSELHEIRO MAIRINCK,Feminicídio,1/7/2025,0
PR,CONSELHEIRO MAIRINCK,Feminicídio,1/8/2025,0
PR,CONSELHEIRO MAIRINCK,Feminicídio,1/9/2025,0
PR,CONSELHEIRO MAIRINCK,Feminicídio,1/10/2025,0
PR,CONSELHEIRO MAIRINCK,Feminicídio,1/11/2025,0
PR,CONSELHEIRO MAIRINCK,Feminicídio,1/12/2025,0
PR,CONSELHEIRO MAIRINCK,Tentativa de feminicídio,1/1/2025,0
PR,CONSELHEIRO MAIRINCK,Tentativa de feminicídio,1/2/2025,0
PR,CONSELHEIRO MAIRINCK,Tentativa de feminicídio,1/3/2025,0
PR,CONSELHEIRO MAIRINCK,Tentativa de feminicídio,1/4/2025,0
PR,CONSELHEIRO MAIRINCK,Tentativa de feminicídio,1/5/2025,0
PR,CONSELHEIRO MAIRINCK,Tentativa de feminicídio,1/6/2025,0
PR,CONSELHEIRO MAIRINCK,Tentativa de feminicídio,1/7/2025,0
PR,CONSELHEIRO MAIRINCK,Tentativa de feminicídio,1/8/2025,0
PR,CONSELHEIRO MAIRINCK,Tentativa de feminicídio,1/9/2025,0
PR,CONSELHEIRO MAIRINCK,Tentativa de feminicídio,1/10/2025,0
PR,CONSELHEIRO MAIRINCK,Tentativa de feminicídio,1/11/2025,0
PR,CONSELHEIRO MAIRINCK,Tentativa de feminicídio,1/12/2025,0
PR,CONTENDA,Feminicídio,1/1/2025,0
PR,CONTENDA,Feminicídio,1/2/2025,0
PR,CONTENDA,Feminicídio,1/3/2025,0
PR,CONTENDA,Feminicídio,1/4/2025,0
PR,CONTENDA,Feminicídio,1/5/2025,0
PR,CONTENDA,Feminicídio,1/6/2025,0
PR,CONTENDA,Feminicídio,1/7/2025,0
PR,CONTENDA,Feminicídio,1/8/2025,0
PR,CONTENDA,Feminicídio,1/9/2025,0
PR,CONTENDA,Feminicídio,1/10/2025,0
PR,CONTENDA,Feminicídio,1/11/2025,0
PR,CONTENDA,Feminicídio,1/12/2025,0
PR,CONTENDA,Tentativa de feminicídio,1/1/2025,0
PR,CONTENDA,Tentativa de feminicídio,1/2/2025,0
PR,CONTENDA,Tentativa de feminicídio,1/3/2025,0
PR,CONTENDA,Tentativa de feminicídio,1/4/2025,0
PR,CONTENDA,Tentativa de feminicídio,1/5/2025,0
PR,CONTENDA,Tentativa de feminicídio,1/6/2025,0
PR,CONTENDA,Tentativa de feminicídio,1/7/2025,0
PR,CONTENDA,Tentativa de feminicídio,1/8/2025,0
PR,CONTENDA,Tentativa de feminicídio,1/9/2025,0
PR,CONTENDA,Tentativa de feminicídio,1/10/2025,0
PR,CONTENDA,Tentativa de feminicídio,1/11/2025,0
PR,CONTENDA,Tentativa de feminicídio,1/12/2025,0
PR,CORBÉLIA,Feminicídio,1/1/2025,0
PR,CORBÉLIA,Feminicídio,1/2/2025,0
PR,CORBÉLIA,Feminicídio,1/3/2025,0
PR,CORBÉLIA,Feminicídio,1/4/2025,0
PR,CORBÉLIA,Feminicídio,1/5/2025,0
PR,CORBÉLIA,Feminicídio,1/6/2025,0
PR,CORBÉLIA,Feminicídio,1/7/2025,0
PR,CORBÉLIA,Feminicídio,1/8/2025,0
PR,CORBÉLIA,Feminicídio,1/9/2025,0
PR,CORBÉLIA,Feminicídio,1/10/2025,0
PR,CORBÉLIA,Feminicídio,1/11/2025,0
PR,CORBÉLIA,Feminicídio,1/12/2025,0
PR,CORBÉLIA,Tentativa de feminicídio,1/1/2025,0
PR,CORBÉLIA,Tentativa de feminicídio,1/2/2025,0
PR,CORBÉLIA,Tentativa de feminicídio,1/3/2025,0
PR,CORBÉLIA,Tentativa de feminicídio,1/4/2025,0
PR,CORBÉLIA,Tentativa de feminicídio,1/5/2025,0
PR,CORBÉLIA,Tentativa de feminicídio,1/6/2025,0
PR,CORBÉLIA,Tentativa de feminicídio,1/7/2025,0
PR,CORBÉLIA,Tentativa de feminicídio,1/8/2025,0
PR,CORBÉLIA,Tentativa de feminicídio,1/9/2025,0
PR,CORBÉLIA,Tentativa de feminicídio,1/10/2025,0
PR,CORBÉLIA,Tentativa de feminicídio,1/11/2025,0
PR,CORBÉLIA,Tentativa de feminicídio,1/12/2025,1
PR,CORNÉLIO PROCÓPIO,Feminicídio,1/1/2025,0
PR,CORNÉLIO PROCÓPIO,Feminicídio,1/2/2025,0
PR,CORNÉLIO PROCÓPIO,Feminicídio,1/3/2025,0
PR,CORNÉLIO PROCÓPIO,Feminicídio,1/4/2025,0
PR,CORNÉLIO PROCÓPIO,Feminicídio,1/5/2025,0
PR,CORNÉLIO PROCÓPIO,Feminicídio,1/6/2025,0
PR,CORNÉLIO PROCÓPIO,Feminicídio,1/7/2025,0
PR,CORNÉLIO PROCÓPIO,Feminicídio,1/8/2025,0
PR,CORNÉLIO PROCÓPIO,Feminicídio,1/9/2025,0
PR,CORNÉLIO PROCÓPIO,Feminicídio,1/10/2025,0
PR,CORNÉLIO PROCÓPIO,Feminicídio,1/11/2025,0
PR,CORNÉLIO PROCÓPIO,Feminicídio,1/12/2025,0
PR,CORNÉLIO PROCÓPIO,Tentativa de feminicídio,1/1/2025,0
PR,CORNÉLIO PROCÓPIO,Tentativa de feminicídio,1/2/2025,0
PR,CORNÉLIO PROCÓPIO,Tentativa de feminicídio,1/3/2025,0
PR,CORNÉLIO PROCÓPIO,Tentativa de feminicídio,1/4/2025,0
PR,CORNÉLIO PROCÓPIO,Tentativa de feminicídio,1/5/2025,0
PR,CORNÉLIO PROCÓPIO,Tentativa de feminicídio,1/6/2025,0
PR,CORNÉLIO PROCÓPIO,Tentativa de feminicídio,1/7/2025,0
PR,CORNÉLIO PROCÓPIO,Tentativa de feminicídio,1/8/2025,0
PR,CORNÉLIO PROCÓPIO,Tentativa de feminicídio,1/9/2025,0
PR,CORNÉLIO PROCÓPIO,Tentativa de feminicídio,1/10/2025,0
PR,CORNÉLIO PROCÓPIO,Tentativa de feminicídio,1/11/2025,0
PR,CORNÉLIO PROCÓPIO,Tentativa de feminicídio,1/12/2025,0
PR,CORONEL DOMINGOS SOARES,Feminicídio,1/1/2025,0
PR,CORONEL DOMINGOS SOARES,Feminicídio,1/2/2025,0
PR,CORONEL DOMINGOS SOARES,Feminicídio,1/3/2025,0
PR,CORONEL DOMINGOS SOARES,Feminicídio,1/4/2025,0
PR,CORONEL DOMINGOS SOARES,Feminicídio,1/5/2025,0
PR,CORONEL DOMINGOS SOARES,Feminicídio,1/6/2025,0
PR,CORONEL DOMINGOS SOARES,Feminicídio,1/7/2025,0
PR,CORONEL DOMINGOS SOARES,Feminicídio,1/8/2025,0
PR,CORONEL DOMINGOS SOARES,Feminicídio,1/9/2025,0
PR,CORONEL DOMINGOS SOARES,Feminicídio,1/10/2025,0
PR,CORONEL DOMINGOS SOARES,Feminicídio,1/11/2025,0
PR,CORONEL DOMINGOS SOARES,Feminicídio,1/12/2025,0
PR,CORONEL DOMINGOS SOARES,Tentativa de feminicídio,1/1/2025,0
PR,CORONEL DOMINGOS SOARES,Tentativa de feminicídio,1/2/2025,0
PR,CORONEL DOMINGOS SOARES,Tentativa de feminicídio,1/3/2025,0
PR,CORONEL DOMINGOS SOARES,Tentativa de feminicídio,1/4/2025,0
PR,CORONEL DOMINGOS SOARES,Tentativa de feminicídio,1/5/2025,0
PR,CORONEL DOMINGOS SOARES,Tentativa de feminicídio,1/6/2025,0
PR,CORONEL DOMINGOS SOARES,Tentativa de feminicídio,1/7/2025,0
PR,CORONEL DOMINGOS SOARES,Tentativa de feminicídio,1/8/2025,0
PR,CORONEL DOMINGOS SOARES,Tentativa de feminicídio,1/9/2025,0
PR,CORONEL DOMINGOS SOARES,Tentativa de feminicídio,1/10/2025,0
PR,CORONEL DOMINGOS SOARES,Tentativa de feminicídio,1/11/2025,0
PR,CORONEL DOMINGOS SOARES,Tentativa de feminicídio,1/12/2025,0
PR,CORONEL VIVIDA,Feminicídio,1/1/2025,0
PR,CORONEL VIVIDA,Feminicídio,1/2/2025,0
PR,CORONEL VIVIDA,Feminicídio,1/3/2025,0
PR,CORONEL VIVIDA,Feminicídio,1/4/2025,0
PR,CORONEL VIVIDA,Feminicídio,1/5/2025,0
PR,CORONEL VIVIDA,Feminicídio,1/6/2025,0
PR,CORONEL VIVIDA,Feminicídio,1/7/2025,0
PR,CORONEL VIVIDA,Feminicídio,1/8/2025,0
PR,CORONEL VIVIDA,Feminicídio,1/9/2025,0
PR,CORONEL VIVIDA,Feminicídio,1/10/2025,0
PR,CORONEL VIVIDA,Feminicídio,1/11/2025,0
PR,CORONEL VIVIDA,Feminicídio,1/12/2025,0
PR,CORONEL VIVIDA,Tentativa de feminicídio,1/1/2025,0
PR,CORONEL VIVIDA,Tentativa de feminicídio,1/2/2025,0
PR,CORONEL VIVIDA,Tentativa de feminicídio,1/3/2025,0
PR,CORONEL VIVIDA,Tentativa de feminicídio,1/4/2025,0
PR,CORONEL VIVIDA,Tentativa de feminicídio,1/5/2025,0
PR,CORONEL VIVIDA,Tentativa de feminicídio,1/6/2025,0
PR,CORONEL VIVIDA,Tentativa de feminicídio,1/7/2025,0
PR,CORONEL VIVIDA,Tentativa de feminicídio,1/8/2025,0
PR,CORONEL VIVIDA,Tentativa de feminicídio,1/9/2025,0
PR,CORONEL VIVIDA,Tentativa de feminicídio,1/10/2025,0
PR,CORONEL VIVIDA,Tentativa de feminicídio,1/11/2025,0
PR,CORONEL VIVIDA,Tentativa de feminicídio,1/12/2025,0
PR,CORUMBATAÍ DO SUL,Feminicídio,1/1/2025,0
PR,CORUMBATAÍ DO SUL,Feminicídio,1/2/2025,0
PR,CORUMBATAÍ DO SUL,Feminicídio,1/3/2025,0
PR,CORUMBATAÍ DO SUL,Feminicídio,1/4/2025,0
PR,CORUMBATAÍ DO SUL,Feminicídio,1/5/2025,0
PR,CORUMBATAÍ DO SUL,Feminicídio,1/6/2025,0
PR,CORUMBATAÍ DO SUL,Feminicídio,1/7/2025,0
PR,CORUMBATAÍ DO SUL,Feminicídio,1/8/2025,0
PR,CORUMBATAÍ DO SUL,Feminicídio,1/9/2025,0
PR,CORUMBATAÍ DO SUL,Feminicídio,1/10/2025,0
PR,CORUMBATAÍ DO SUL,Feminicídio,1/11/2025,0
PR,CORUMBATAÍ DO SUL,Feminicídio,1/12/2025,0
PR,CORUMBATAÍ DO SUL,Tentativa de feminicídio,1/1/2025,0
PR,CORUMBATAÍ DO SUL,Tentativa de feminicídio,1/2/2025,0
PR,CORUMBATAÍ DO SUL,Tentativa de feminicídio,1/3/2025,0
PR,CORUMBATAÍ DO SUL,Tentativa de feminicídio,1/4/2025,0
PR,CORUMBATAÍ DO SUL,Tentativa de feminicídio,1/5/2025,0
PR,CORUMBATAÍ DO SUL,Tentativa de feminicídio,1/6/2025,0
PR,CORUMBATAÍ DO SUL,Tentativa de feminicídio,1/7/2025,0
PR,CORUMBATAÍ DO SUL,Tentativa de feminicídio,1/8/2025,0
PR,CORUMBATAÍ DO SUL,Tentativa de feminicídio,1/9/2025,0
PR,CORUMBATAÍ DO SUL,Tentativa de feminicídio,1/10/2025,0
PR,CORUMBATAÍ DO SUL,Tentativa de feminicídio,1/11/2025,0
PR,CORUMBATAÍ DO SUL,Tentativa de feminicídio,1/12/2025,0
PR,CRUZ MACHADO,Feminicídio,1/1/2025,0
PR,CRUZ MACHADO,Feminicídio,1/2/2025,0
PR,CRUZ MACHADO,Feminicídio,1/3/2025,0
PR,CRUZ MACHADO,Feminicídio,1/4/2025,0
PR,CRUZ MACHADO,Feminicídio,1/5/2025,0
PR,CRUZ MACHADO,Feminicídio,1/6/2025,0
PR,CRUZ MACHADO,Feminicídio,1/7/2025,0
PR,CRUZ MACHADO,Feminicídio,1/8/2025,0
PR,CRUZ MACHADO,Feminicídio,1/9/2025,0
PR,CRUZ MACHADO,Feminicídio,1/10/2025,0
PR,CRUZ MACHADO,Feminicídio,1/11/2025,0
PR,CRUZ MACHADO,Feminicídio,1/12/2025,0
PR,CRUZ MACHADO,Tentativa de feminicídio,1/1/2025,0
PR,CRUZ MACHADO,Tentativa de feminicídio,1/2/2025,0
PR,CRUZ MACHADO,Tentativa de feminicídio,1/3/2025,0
PR,CRUZ MACHADO,Tentativa de feminicídio,1/4/2025,0
PR,CRUZ MACHADO,Tentativa de feminicídio,1/5/2025,0
PR,CRUZ MACHADO,Tentativa de feminicídio,1/6/2025,0
PR,CRUZ MACHADO,Tentativa de feminicídio,1/7/2025,0
PR,CRUZ MACHADO,Tentativa de feminicídio,1/8/2025,0
PR,CRUZ MACHADO,Tentativa de feminicídio,1/9/2025,0
PR,CRUZ MACHADO,Tentativa de feminicídio,1/10/2025,0
PR,CRUZ MACHADO,Tentativa de feminicídio,1/11/2025,0
PR,CRUZ MACHADO,Tentativa de feminicídio,1/12/2025,0
PR,CRUZEIRO DO IGUAÇU,Feminicídio,1/1/2025,0
PR,CRUZEIRO DO IGUAÇU,Feminicídio,1/2/2025,0
PR,CRUZEIRO DO IGUAÇU,Feminicídio,1/3/2025,0
PR,CRUZEIRO DO IGUAÇU,Feminicídio,1/4/2025,0
PR,CRUZEIRO DO IGUAÇU,Feminicídio,1/5/2025,0
PR,CRUZEIRO DO IGUAÇU,Feminicídio,1/6/2025,0
PR,CRUZEIRO DO IGUAÇU,Feminicídio,1/7/2025,0
PR,CRUZEIRO DO IGUAÇU,Feminicídio,1/8/2025,0
PR,CRUZEIRO DO IGUAÇU,Feminicídio,1/9/2025,0
PR,CRUZEIRO DO IGUAÇU,Feminicídio,1/10/2025,0
PR,CRUZEIRO DO IGUAÇU,Feminicídio,1/11/2025,0
PR,CRUZEIRO DO IGUAÇU,Feminicídio,1/12/2025,0
PR,CRUZEIRO DO IGUAÇU,Tentativa de feminicídio,1/1/2025,1
PR,CRUZEIRO DO IGUAÇU,Tentativa de feminicídio,1/2/2025,0
PR,CRUZEIRO DO IGUAÇU,Tentativa de feminicídio,1/3/2025,0
PR,CRUZEIRO DO IGUAÇU,Tentativa de feminicídio,1/4/2025,0
PR,CRUZEIRO DO IGUAÇU,Tentativa de feminicídio,1/5/2025,0
PR,CRUZEIRO DO IGUAÇU,Tentativa de feminicídio,1/6/2025,0
PR,CRUZEIRO DO IGUAÇU,Tentativa de feminicídio,1/7/2025,0
PR,CRUZEIRO DO IGUAÇU,Tentativa de feminicídio,1/8/2025,0
PR,CRUZEIRO DO IGUAÇU,Tentativa de feminicídio,1/9/2025,0
PR,CRUZEIRO DO IGUAÇU,Tentativa de feminicídio,1/10/2025,0
PR,CRUZEIRO DO IGUAÇU,Tentativa de feminicídio,1/11/2025,0
PR,CRUZEIRO DO IGUAÇU,Tentativa de feminicídio,1/12/2025,0
PR,CRUZEIRO DO OESTE,Feminicídio,1/1/2025,0
PR,CRUZEIRO DO OESTE,Feminicídio,1/2/2025,0
PR,CRUZEIRO DO OESTE,Feminicídio,1/3/2025,0
PR,CRUZEIRO DO OESTE,Feminicídio,1/4/2025,0
PR,CRUZEIRO DO OESTE,Feminicídio,1/5/2025,0
PR,CRUZEIRO DO OESTE,Feminicídio,1/6/2025,0
PR,CRUZEIRO DO OESTE,Feminicídio,1/7/2025,0
PR,CRUZEIRO DO OESTE,Feminicídio,1/8/2025,0
PR,CRUZEIRO DO OESTE,Feminicídio,1/9/2025,0
PR,CRUZEIRO DO OESTE,Feminicídio,1/10/2025,0
PR,CRUZEIRO DO OESTE,Feminicídio,1/11/2025,0
PR,CRUZEIRO DO OESTE,Feminicídio,1/12/2025,0
PR,CRUZEIRO DO OESTE,Tentativa de feminicídio,1/1/2025,0
PR,CRUZEIRO DO OESTE,Tentativa de feminicídio,1/2/2025,0
PR,CRUZEIRO DO OESTE,Tentativa de feminicídio,1/3/2025,0
PR,CRUZEIRO DO OESTE,Tentativa de feminicídio,1/4/2025,0
PR,CRUZEIRO DO OESTE,Tentativa de feminicídio,1/5/2025,0
PR,CRUZEIRO DO OESTE,Tentativa de feminicídio,1/6/2025,0
PR,CRUZEIRO DO OESTE,Tentativa de feminicídio,1/7/2025,0
PR,CRUZEIRO DO OESTE,Tentativa de feminicídio,1/8/2025,0
PR,CRUZEIRO DO OESTE,Tentativa de feminicídio,1/9/2025,0
PR,CRUZEIRO DO OESTE,Tentativa de feminicídio,1/10/2025,0
PR,CRUZEIRO DO OESTE,Tentativa de feminicídio,1/11/2025,0
PR,CRUZEIRO DO OESTE,Tentativa de feminicídio,1/12/2025,0
PR,CRUZEIRO DO SUL,Feminicídio,1/1/2025,0
PR,CRUZEIRO DO SUL,Feminicídio,1/2/2025,0
PR,CRUZEIRO DO SUL,Feminicídio,1/3/2025,0
PR,CRUZEIRO DO SUL,Feminicídio,1/4/2025,0
PR,CRUZEIRO DO SUL,Feminicídio,1/5/2025,0
PR,CRUZEIRO DO SUL,Feminicídio,1/6/2025,0
PR,CRUZEIRO DO SUL,Feminicídio,1/7/2025,0
PR,CRUZEIRO DO SUL,Feminicídio,1/8/2025,0
PR,CRUZEIRO DO SUL,Feminicídio,1/9/2025,0
PR,CRUZEIRO DO SUL,Feminicídio,1/10/2025,0
PR,CRUZEIRO DO SUL,Feminicídio,1/11/2025,0
PR,CRUZEIRO DO SUL,Feminicídio,1/12/2025,0
PR,CRUZEIRO DO SUL,Tentativa de feminicídio,1/1/2025,0
PR,CRUZEIRO DO SUL,Tentativa de feminicídio,1/2/2025,0
PR,CRUZEIRO DO SUL,Tentativa de feminicídio,1/3/2025,0
PR,CRUZEIRO DO SUL,Tentativa de feminicídio,1/4/2025,0
PR,CRUZEIRO DO SUL,Tentativa de feminicídio,1/5/2025,0
PR,CRUZEIRO DO SUL,Tentativa de feminicídio,1/6/2025,0
PR,CRUZEIRO DO SUL,Tentativa de feminicídio,1/7/2025,0
PR,CRUZEIRO DO SUL,Tentativa de feminicídio,1/8/2025,0
PR,CRUZEIRO DO SUL,Tentativa de feminicídio,1/9/2025,0
PR,CRUZEIRO DO SUL,Tentativa de feminicídio,1/10/2025,0
PR,CRUZEIRO DO SUL,Tentativa de feminicídio,1/11/2025,0
PR,CRUZEIRO DO SUL,Tentativa de feminicídio,1/12/2025,0
PR,CRUZMALTINA,Feminicídio,1/1/2025,0
PR,CRUZMALTINA,Feminicídio,1/2/2025,0
PR,CRUZMALTINA,Feminicídio,1/3/2025,0
PR,CRUZMALTINA,Feminicídio,1/4/2025,0
PR,CRUZMALTINA,Feminicídio,1/5/2025,0
PR,CRUZMALTINA,Feminicídio,1/6/2025,0
PR,CRUZMALTINA,Feminicídio,1/7/2025,0
PR,CRUZMALTINA,Feminicídio,1/8/2025,0
PR,CRUZMALTINA,Feminicídio,1/9/2025,0
PR,CRUZMALTINA,Feminicídio,1/10/2025,0
PR,CRUZMALTINA,Feminicídio,1/11/2025,0
PR,CRUZMALTINA,Feminicídio,1/12/2025,0
PR,CRUZMALTINA,Tentativa de feminicídio,1/1/2025,0
PR,CRUZMALTINA,Tentativa de feminicídio,1/2/2025,0
PR,CRUZMALTINA,Tentativa de feminicídio,1/3/2025,0
PR,CRUZMALTINA,Tentativa de feminicídio,1/4/2025,0
PR,CRUZMALTINA,Tentativa de feminicídio,1/5/2025,0
PR,CRUZMALTINA,Tentativa de feminicídio,1/6/2025,0
PR,CRUZMALTINA,Tentativa de feminicídio,1/7/2025,0
PR,CRUZMALTINA,Tentativa de feminicídio,1/8/2025,0
PR,CRUZMALTINA,Tentativa de feminicídio,1/9/2025,0
PR,CRUZMALTINA,Tentativa de feminicídio,1/10/2025,0
PR,CRUZMALTINA,Tentativa de feminicídio,1/11/2025,0
PR,CRUZMALTINA,Tentativa de feminicídio,1/12/2025,0
PR,CURITIBA,Feminicídio,1/1/2025,0
PR,CURITIBA,Feminicídio,1/2/2025,1
PR,CURITIBA,Feminicídio,1/3/2025,0
PR,CURITIBA,Feminicídio,1/4/2025,0
PR,CURITIBA,Feminicídio,1/5/2025,0
PR,CURITIBA,Feminicídio,1/6/2025,3
PR,CURITIBA,Feminicídio,1/7/2025,2
PR,CURITIBA,Feminicídio,1/8/2025,0
PR,CURITIBA,Feminicídio,1/9/2025,1
PR,CURITIBA,Feminicídio,1/10/2025,1
PR,CURITIBA,Feminicídio,1/11/2025,0
PR,CURITIBA,Feminicídio,1/12/2025,4
PR,CURITIBA,Tentativa de feminicídio,1/1/2025,3
PR,CURITIBA,Tentativa de feminicídio,1/2/2025,3
PR,CURITIBA,Tentativa de feminicídio,1/3/2025,4
PR,CURITIBA,Tentativa de feminicídio,1/4/2025,0
PR,CURITIBA,Tentativa de feminicídio,1/5/2025,1
PR,CURITIBA,Tentativa de feminicídio,1/6/2025,1
PR,CURITIBA,Tentativa de feminicídio,1/7/2025,2
PR,CURITIBA,Tentativa de feminicídio,1/8/2025,1
PR,CURITIBA,Tentativa de feminicídio,1/9/2025,3
PR,CURITIBA,Tentativa de feminicídio,1/10/2025,3
PR,CURITIBA,Tentativa de feminicídio,1/11/2025,1
PR,CURITIBA,Tentativa de feminicídio,1/12/2025,3
PR,CURIÚVA,Feminicídio,1/1/2025,0
PR,CURIÚVA,Feminicídio,1/2/2025,0
PR,CURIÚVA,Feminicídio,1/3/2025,0
PR,CURIÚVA,Feminicídio,1/4/2025,0
PR,CURIÚVA,Feminicídio,1/5/2025,0
PR,CURIÚVA,Feminicídio,1/6/2025,0
PR,CURIÚVA,Feminicídio,1/7/2025,0
PR,CURIÚVA,Feminicídio,1/8/2025,0
PR,CURIÚVA,Feminicídio,1/9/2025,0
PR,CURIÚVA,Feminicídio,1/10/2025,0
PR,CURIÚVA,Feminicídio,1/11/2025,0
PR,CURIÚVA,Feminicídio,1/12/2025,0
PR,CURIÚVA,Tentativa de feminicídio,1/1/2025,0
PR,CURIÚVA,Tentativa de feminicídio,1/2/2025,0
PR,CURIÚVA,Tentativa de feminicídio,1/3/2025,0
PR,CURIÚVA,Tentativa de feminicídio,1/4/2025,0
PR,CURIÚVA,Tentativa de feminicídio,1/5/2025,0
PR,CURIÚVA,Tentativa de feminicídio,1/6/2025,1
PR,CURIÚVA,Tentativa de feminicídio,1/7/2025,0
PR,CURIÚVA,Tentativa de feminicídio,1/8/2025,0
PR,CURIÚVA,Tentativa de feminicídio,1/9/2025,0
PR,CURIÚVA,Tentativa de feminicídio,1/10/2025,0
PR,CURIÚVA,Tentativa de feminicídio,1/11/2025,0
PR,CURIÚVA,Tentativa de feminicídio,1/12/2025,0
PR,CÂNDIDO DE ABREU,Feminicídio,1/1/2025,0
PR,CÂNDIDO DE ABREU,Feminicídio,1/2/2025,0
PR,CÂNDIDO DE ABREU,Feminicídio,1/3/2025,0
PR,CÂNDIDO DE ABREU,Feminicídio,1/4/2025,0
PR,CÂNDIDO DE ABREU,Feminicídio,1/5/2025,0
PR,CÂNDIDO DE ABREU,Feminicídio,1/6/2025,0
PR,CÂNDIDO DE ABREU,Feminicídio,1/7/2025,0
PR,CÂNDIDO DE ABREU,Feminicídio,1/8/2025,0
PR,CÂNDIDO DE ABREU,Feminicídio,1/9/2025,0
PR,CÂNDIDO DE ABREU,Feminicídio,1/10/2025,0
PR,CÂNDIDO DE ABREU,Feminicídio,1/11/2025,0
PR,CÂNDIDO DE ABREU,Feminicídio,1/12/2025,0
PR,CÂNDIDO DE ABREU,Tentativa de feminicídio,1/1/2025,0
PR,CÂNDIDO DE ABREU,Tentativa de feminicídio,1/2/2025,0
PR,CÂNDIDO DE ABREU,Tentativa de feminicídio,1/3/2025,0
PR,CÂNDIDO DE ABREU,Tentativa de feminicídio,1/4/2025,0
PR,CÂNDIDO DE ABREU,Tentativa de feminicídio,1/5/2025,0
PR,CÂNDIDO DE ABREU,Tentativa de feminicídio,1/6/2025,0
PR,CÂNDIDO DE ABREU,Tentativa de feminicídio,1/7/2025,0
PR,CÂNDIDO DE ABREU,Tentativa de feminicídio,1/8/2025,0
PR,CÂNDIDO DE ABREU,Tentativa de feminicídio,1/9/2025,0
PR,CÂNDIDO DE ABREU,Tentativa de feminicídio,1/10/2025,0
PR,CÂNDIDO DE ABREU,Tentativa de feminicídio,1/11/2025,0
PR,CÂNDIDO DE ABREU,Tentativa de feminicídio,1/12/2025,0
PR,CÉU AZUL,Feminicídio,1/1/2025,0
PR,CÉU AZUL,Feminicídio,1/2/2025,0
PR,CÉU AZUL,Feminicídio,1/3/2025,0
PR,CÉU AZUL,Feminicídio,1/4/2025,0
PR,CÉU AZUL,Feminicídio,1/5/2025,0
PR,CÉU AZUL,Feminicídio,1/6/2025,0
PR,CÉU AZUL,Feminicídio,1/7/2025,0
PR,CÉU AZUL,Feminicídio,1/8/2025,0
PR,CÉU AZUL,Feminicídio,1/9/2025,0
PR,CÉU AZUL,Feminicídio,1/10/2025,0
PR,CÉU AZUL,Feminicídio,1/11/2025,0
PR,CÉU AZUL,Feminicídio,1/12/2025,0
PR,CÉU AZUL,Tentativa de feminicídio,1/1/2025,0
PR,CÉU AZUL,Tentativa de feminicídio,1/2/2025,0
PR,CÉU AZUL,Tentativa de feminicídio,1/3/2025,0
PR,CÉU AZUL,Tentativa de feminicídio,1/4/2025,0
PR,CÉU AZUL,Tentativa de feminicídio,1/5/2025,0
PR,CÉU AZUL,Tentativa de feminicídio,1/6/2025,0
PR,CÉU AZUL,Tentativa de feminicídio,1/7/2025,0
PR,CÉU AZUL,Tentativa de feminicídio,1/8/2025,0
PR,CÉU AZUL,Tentativa de feminicídio,1/9/2025,0
PR,CÉU AZUL,Tentativa de feminicídio,1/10/2025,0
PR,CÉU AZUL,Tentativa de feminicídio,1/11/2025,0
PR,CÉU AZUL,Tentativa de feminicídio,1/12/2025,0
PR,DIAMANTE D'OESTE,Feminicídio,1/1/2025,0
PR,DIAMANTE D'OESTE,Feminicídio,1/2/2025,0
PR,DIAMANTE D'OESTE,Feminicídio,1/3/2025,0
PR,DIAMANTE D'OESTE,Feminicídio,1/4/2025,0
PR,DIAMANTE D'OESTE,Feminicídio,1/5/2025,0
PR,DIAMANTE D'OESTE,Feminicídio,1/6/2025,0
PR,DIAMANTE D'OESTE,Feminicídio,1/7/2025,0
PR,DIAMANTE D'OESTE,Feminicídio,1/8/2025,0
PR,DIAMANTE D'OESTE,Feminicídio,1/9/2025,0
PR,DIAMANTE D'OESTE,Feminicídio,1/10/2025,0
PR,DIAMANTE D'OESTE,Feminicídio,1/11/2025,0
PR,DIAMANTE D'OESTE,Feminicídio,1/12/2025,0
PR,DIAMANTE D'OESTE,Tentativa de feminicídio,1/1/2025,0
PR,DIAMANTE D'OESTE,Tentativa de feminicídio,1/2/2025,0
PR,DIAMANTE D'OESTE,Tentativa de feminicídio,1/3/2025,0
PR,DIAMANTE D'OESTE,Tentativa de feminicídio,1/4/2025,0
PR,DIAMANTE D'OESTE,Tentativa de feminicídio,1/5/2025,0
PR,DIAMANTE D'OESTE,Tentativa de feminicídio,1/6/2025,0
PR,DIAMANTE D'OESTE,Tentativa de feminicídio,1/7/2025,0
PR,DIAMANTE D'OESTE,Tentativa de feminicídio,1/8/2025,0
PR,DIAMANTE D'OESTE,Tentativa de feminicídio,1/9/2025,0
PR,DIAMANTE D'OESTE,Tentativa de feminicídio,1/10/2025,0
PR,DIAMANTE D'OESTE,Tentativa de feminicídio,1/11/2025,0
PR,DIAMANTE D'OESTE,Tentativa de feminicídio,1/12/2025,0
PR,DIAMANTE DO NORTE,Feminicídio,1/1/2025,0
PR,DIAMANTE DO NORTE,Feminicídio,1/2/2025,0
PR,DIAMANTE DO NORTE,Feminicídio,1/3/2025,0
PR,DIAMANTE DO NORTE,Feminicídio,1/4/2025,0
PR,DIAMANTE DO NORTE,Feminicídio,1/5/2025,0
PR,DIAMANTE DO NORTE,Feminicídio,1/6/2025,0
PR,DIAMANTE DO NORTE,Feminicídio,1/7/2025,0
PR,DIAMANTE DO NORTE,Feminicídio,1/8/2025,0
PR,DIAMANTE DO NORTE,Feminicídio,1/9/2025,0
PR,DIAMANTE DO NORTE,Feminicídio,1/10/2025,0
PR,DIAMANTE DO NORTE,Feminicídio,1/11/2025,0
PR,DIAMANTE DO NORTE,Feminicídio,1/12/2025,0
PR,DIAMANTE DO NORTE,Tentativa de feminicídio,1/1/2025,0
PR,DIAMANTE DO NORTE,Tentativa de feminicídio,1/2/2025,0
PR,DIAMANTE DO NORTE,Tentativa de feminicídio,1/3/2025,0
PR,DIAMANTE DO NORTE,Tentativa de feminicídio,1/4/2025,0
PR,DIAMANTE DO NORTE,Tentativa de feminicídio,1/5/2025,0
PR,DIAMANTE DO NORTE,Tentativa de feminicídio,1/6/2025,0
PR,DIAMANTE DO NORTE,Tentativa de feminicídio,1/7/2025,0
PR,DIAMANTE DO NORTE,Tentativa de feminicídio,1/8/2025,0
PR,DIAMANTE DO NORTE,Tentativa de feminicídio,1/9/2025,0
PR,DIAMANTE DO NORTE,Tentativa de feminicídio,1/10/2025,0
PR,DIAMANTE DO NORTE,Tentativa de feminicídio,1/11/2025,0
PR,DIAMANTE DO NORTE,Tentativa de feminicídio,1/12/2025,0
PR,DIAMANTE DO SUL,Feminicídio,1/1/2025,0
PR,DIAMANTE DO SUL,Feminicídio,1/2/2025,0
PR,DIAMANTE DO SUL,Feminicídio,1/3/2025,0
PR,DIAMANTE DO SUL,Feminicídio,1/4/2025,0
PR,DIAMANTE DO SUL,Feminicídio,1/5/2025,0
PR,DIAMANTE DO SUL,Feminicídio,1/6/2025,0
PR,DIAMANTE DO SUL,Feminicídio,1/7/2025,0
PR,DIAMANTE DO SUL,Feminicídio,1/8/2025,0
PR,DIAMANTE DO SUL,Feminicídio,1/9/2025,0
PR,DIAMANTE DO SUL,Feminicídio,1/10/2025,0
PR,DIAMANTE DO SUL,Feminicídio,1/11/2025,0
PR,DIAMANTE DO SUL,Feminicídio,1/12/2025,0
PR,DIAMANTE DO SUL,Tentativa de feminicídio,1/1/2025,0
PR,DIAMANTE DO SUL,Tentativa de feminicídio,1/2/2025,0
PR,DIAMANTE DO SUL,Tentativa de feminicídio,1/3/2025,0
PR,DIAMANTE DO SUL,Tentativa de feminicídio,1/4/2025,0
PR,DIAMANTE DO SUL,Tentativa de feminicídio,1/5/2025,0
PR,DIAMANTE DO SUL,Tentativa de feminicídio,1/6/2025,0
PR,DIAMANTE DO SUL,Tentativa de feminicídio,1/7/2025,0
PR,DIAMANTE DO SUL,Tentativa de feminicídio,1/8/2025,0
PR,DIAMANTE DO SUL,Tentativa de feminicídio,1/9/2025,0
PR,DIAMANTE DO SUL,Tentativa de feminicídio,1/10/2025,0
PR,DIAMANTE DO SUL,Tentativa de feminicídio,1/11/2025,0
PR,DIAMANTE DO SUL,Tentativa de feminicídio,1/12/2025,0
PR,DOIS VIZINHOS,Feminicídio,1/1/2025,0
PR,DOIS VIZINHOS,Feminicídio,1/2/2025,0
PR,DOIS VIZINHOS,Feminicídio,1/3/2025,0
PR,DOIS VIZINHOS,Feminicídio,1/4/2025,0
PR,DOIS VIZINHOS,Feminicídio,1/5/2025,0
PR,DOIS VIZINHOS,Feminicídio,1/6/2025,0
PR,DOIS VIZINHOS,Feminicídio,1/7/2025,0
PR,DOIS VIZINHOS,Feminicídio,1/8/2025,0
PR,DOIS VIZINHOS,Feminicídio,1/9/2025,0
PR,DOIS VIZINHOS,Feminicídio,1/10/2025,0
PR,DOIS VIZINHOS,Feminicídio,1/11/2025,0
PR,DOIS VIZINHOS,Feminicídio,1/12/2025,0
PR,DOIS VIZINHOS,Tentativa de feminicídio,1/1/2025,0
PR,DOIS VIZINHOS,Tentativa de feminicídio,1/2/2025,0
PR,DOIS VIZINHOS,Tentativa de feminicídio,1/3/2025,0
PR,DOIS VIZINHOS,Tentativa de feminicídio,1/4/2025,0
PR,DOIS VIZINHOS,Tentativa de feminicídio,1/5/2025,0
PR,DOIS VIZINHOS,Tentativa de feminicídio,1/6/2025,0
PR,DOIS VIZINHOS,Tentativa de feminicídio,1/7/2025,0
PR,DOIS VIZINHOS,Tentativa de feminicídio,1/8/2025,0
PR,DOIS VIZINHOS,Tentativa de feminicídio,1/9/2025,0
PR,DOIS VIZINHOS,Tentativa de feminicídio,1/10/2025,0
PR,DOIS VIZINHOS,Tentativa de feminicídio,1/11/2025,1
PR,DOIS VIZINHOS,Tentativa de feminicídio,1/12/2025,0
PR,DOURADINA,Feminicídio,1/1/2025,0
PR,DOURADINA,Feminicídio,1/2/2025,0
PR,DOURADINA,Feminicídio,1/3/2025,0
PR,DOURADINA,Feminicídio,1/4/2025,0
PR,DOURADINA,Feminicídio,1/5/2025,0
PR,DOURADINA,Feminicídio,1/6/2025,0
PR,DOURADINA,Feminicídio,1/7/2025,0
PR,DOURADINA,Feminicídio,1/8/2025,0
PR,DOURADINA,Feminicídio,1/9/2025,0
PR,DOURADINA,Feminicídio,1/10/2025,0
PR,DOURADINA,Feminicídio,1/11/2025,0
PR,DOURADINA,Feminicídio,1/12/2025,0
PR,DOURADINA,Tentativa de feminicídio,1/1/2025,0
PR,DOURADINA,Tentativa de feminicídio,1/2/2025,0
PR,DOURADINA,Tentativa de feminicídio,1/3/2025,0
PR,DOURADINA,Tentativa de feminicídio,1/4/2025,0
PR,DOURADINA,Tentativa de feminicídio,1/5/2025,0
PR,DOURADINA,Tentativa de feminicídio,1/6/2025,0
PR,DOURADINA,Tentativa de feminicídio,1/7/2025,0
PR,DOURADINA,Tentativa de feminicídio,1/8/2025,0
PR,DOURADINA,Tentativa de feminicídio,1/9/2025,0
PR,DOURADINA,Tentativa de feminicídio,1/10/2025,0
PR,DOURADINA,Tentativa de feminicídio,1/11/2025,0
PR,DOURADINA,Tentativa de feminicídio,1/12/2025,0
PR,DOUTOR CAMARGO,Feminicídio,1/1/2025,0
PR,DOUTOR CAMARGO,Feminicídio,1/2/2025,0
PR,DOUTOR CAMARGO,Feminicídio,1/3/2025,0
PR,DOUTOR CAMARGO,Feminicídio,1/4/2025,0
PR,DOUTOR CAMARGO,Feminicídio,1/5/2025,0
PR,DOUTOR CAMARGO,Feminicídio,1/6/2025,0
PR,DOUTOR CAMARGO,Feminicídio,1/7/2025,0
PR,DOUTOR CAMARGO,Feminicídio,1/8/2025,0
PR,DOUTOR CAMARGO,Feminicídio,1/9/2025,0
PR,DOUTOR CAMARGO,Feminicídio,1/10/2025,0
PR,DOUTOR CAMARGO,Feminicídio,1/11/2025,1
PR,DOUTOR CAMARGO,Feminicídio,1/12/2025,0
PR,DOUTOR CAMARGO,Tentativa de feminicídio,1/1/2025,1
PR,DOUTOR CAMARGO,Tentativa de feminicídio,1/2/2025,0
PR,DOUTOR CAMARGO,Tentativa de feminicídio,1/3/2025,0
PR,DOUTOR CAMARGO,Tentativa de feminicídio,1/4/2025,0
PR,DOUTOR CAMARGO,Tentativa de feminicídio,1/5/2025,0
PR,DOUTOR CAMARGO,Tentativa de feminicídio,1/6/2025,0
PR,DOUTOR CAMARGO,Tentativa de feminicídio,1/7/2025,0
PR,DOUTOR CAMARGO,Tentativa de feminicídio,1/8/2025,0
PR,DOUTOR CAMARGO,Tentativa de feminicídio,1/9/2025,0
PR,DOUTOR CAMARGO,Tentativa de feminicídio,1/10/2025,0
PR,DOUTOR CAMARGO,Tentativa de feminicídio,1/11/2025,0
PR,DOUTOR CAMARGO,Tentativa de feminicídio,1/12/2025,0
PR,DOUTOR ULYSSES,Feminicídio,1/1/2025,0
PR,DOUTOR ULYSSES,Feminicídio,1/2/2025,0
PR,DOUTOR ULYSSES,Feminicídio,1/3/2025,0
PR,DOUTOR ULYSSES,Feminicídio,1/4/2025,0
PR,DOUTOR ULYSSES,Feminicídio,1/5/2025,0
PR,DOUTOR ULYSSES,Feminicídio,1/6/2025,0
PR,DOUTOR ULYSSES,Feminicídio,1/7/2025,0
PR,DOUTOR ULYSSES,Feminicídio,1/8/2025,0
PR,DOUTOR ULYSSES,Feminicídio,1/9/2025,0
PR,DOUTOR ULYSSES,Feminicídio,1/10/2025,0
PR,DOUTOR ULYSSES,Feminicídio,1/11/2025,0
PR,DOUTOR ULYSSES,Feminicídio,1/12/2025,0
PR,DOUTOR ULYSSES,Tentativa de feminicídio,1/1/2025,0
PR,DOUTOR ULYSSES,Tentativa de feminicídio,1/2/2025,0
PR,DOUTOR ULYSSES,Tentativa de feminicídio,1/3/2025,0
PR,DOUTOR ULYSSES,Tentativa de feminicídio,1/4/2025,0
PR,DOUTOR ULYSSES,Tentativa de feminicídio,1/5/2025,0
PR,DOUTOR ULYSSES,Tentativa de feminicídio,1/6/2025,0
PR,DOUTOR ULYSSES,Tentativa de feminicídio,1/7/2025,0
PR,DOUTOR ULYSSES,Tentativa de feminicídio,1/8/2025,0
PR,DOUTOR ULYSSES,Tentativa de feminicídio,1/9/2025,0
PR,DOUTOR ULYSSES,Tentativa de feminicídio,1/10/2025,0
PR,DOUTOR ULYSSES,Tentativa de feminicídio,1/11/2025,0
PR,DOUTOR ULYSSES,Tentativa de feminicídio,1/12/2025,0
PR,ENGENHEIRO BELTRÃO,Feminicídio,1/1/2025,0
PR,ENGENHEIRO BELTRÃO,Feminicídio,1/2/2025,0
PR,ENGENHEIRO BELTRÃO,Feminicídio,1/3/2025,0
PR,ENGENHEIRO BELTRÃO,Feminicídio,1/4/2025,0
PR,ENGENHEIRO BELTRÃO,Feminicídio,1/5/2025,0
PR,ENGENHEIRO BELTRÃO,Feminicídio,1/6/2025,0
PR,ENGENHEIRO BELTRÃO,Feminicídio,1/7/2025,0
PR,ENGENHEIRO BELTRÃO,Feminicídio,1/8/2025,0
PR,ENGENHEIRO BELTRÃO,Feminicídio,1/9/2025,0
PR,ENGENHEIRO BELTRÃO,Feminicídio,1/10/2025,0
PR,ENGENHEIRO BELTRÃO,Feminicídio,1/11/2025,0
PR,ENGENHEIRO BELTRÃO,Feminicídio,1/12/2025,0
PR,ENGENHEIRO BELTRÃO,Tentativa de feminicídio,1/1/2025,0
PR,ENGENHEIRO BELTRÃO,Tentativa de feminicídio,1/2/2025,0
PR,ENGENHEIRO BELTRÃO,Tentativa de feminicídio,1/3/2025,0
PR,ENGENHEIRO BELTRÃO,Tentativa de feminicídio,1/4/2025,0
PR,ENGENHEIRO BELTRÃO,Tentativa de feminicídio,1/5/2025,0
PR,ENGENHEIRO BELTRÃO,Tentativa de feminicídio,1/6/2025,0
PR,ENGENHEIRO BELTRÃO,Tentativa de feminicídio,1/7/2025,0
PR,ENGENHEIRO BELTRÃO,Tentativa de feminicídio,1/8/2025,0
PR,ENGENHEIRO BELTRÃO,Tentativa de feminicídio,1/9/2025,0
PR,ENGENHEIRO BELTRÃO,Tentativa de feminicídio,1/10/2025,0
PR,ENGENHEIRO BELTRÃO,Tentativa de feminicídio,1/11/2025,0
PR,ENGENHEIRO BELTRÃO,Tentativa de feminicídio,1/12/2025,0
PR,ENTRE RIOS DO OESTE,Feminicídio,1/1/2025,0
PR,ENTRE RIOS DO OESTE,Feminicídio,1/2/2025,0
PR,ENTRE RIOS DO OESTE,Feminicídio,1/3/2025,0
PR,ENTRE RIOS DO OESTE,Feminicídio,1/4/2025,0
PR,ENTRE RIOS DO OESTE,Feminicídio,1/5/2025,0
PR,ENTRE RIOS DO OESTE,Feminicídio,1/6/2025,0
PR,ENTRE RIOS DO OESTE,Feminicídio,1/7/2025,0
PR,ENTRE RIOS DO OESTE,Feminicídio,1/8/2025,0
PR,ENTRE RIOS DO OESTE,Feminicídio,1/9/2025,0
PR,ENTRE RIOS DO OESTE,Feminicídio,1/10/2025,0
PR,ENTRE RIOS DO OESTE,Feminicídio,1/11/2025,0
PR,ENTRE RIOS DO OESTE,Feminicídio,1/12/2025,0
PR,ENTRE RIOS DO OESTE,Tentativa de feminicídio,1/1/2025,0
PR,ENTRE RIOS DO OESTE,Tentativa de feminicídio,1/2/2025,0
PR,ENTRE RIOS DO OESTE,Tentativa de feminicídio,1/3/2025,0
PR,ENTRE RIOS DO OESTE,Tentativa de feminicídio,1/4/2025,0
PR,ENTRE RIOS DO OESTE,Tentativa de feminicídio,1/5/2025,0
PR,ENTRE RIOS DO OESTE,Tentativa de feminicídio,1/6/2025,0
PR,ENTRE RIOS DO OESTE,Tentativa de feminicídio,1/7/2025,0
PR,ENTRE RIOS DO OESTE,Tentativa de feminicídio,1/8/2025,2
PR,ENTRE RIOS DO OESTE,Tentativa de feminicídio,1/9/2025,0
PR,ENTRE RIOS DO OESTE,Tentativa de feminicídio,1/10/2025,0
PR,ENTRE RIOS DO OESTE,Tentativa de feminicídio,1/11/2025,0
PR,ENTRE RIOS DO OESTE,Tentativa de feminicídio,1/12/2025,0
PR,ENÉAS MARQUES,Feminicídio,1/1/2025,0
PR,ENÉAS MARQUES,Feminicídio,1/2/2025,0
PR,ENÉAS MARQUES,Feminicídio,1/3/2025,0
PR,ENÉAS MARQUES,Feminicídio,1/4/2025,0
PR,ENÉAS MARQUES,Feminicídio,1/5/2025,0
PR,ENÉAS MARQUES,Feminicídio,1/6/2025,0
PR,ENÉAS MARQUES,Feminicídio,1/7/2025,0
PR,ENÉAS MARQUES,Feminicídio,1/8/2025,0
PR,ENÉAS MARQUES,Feminicídio,1/9/2025,0
PR,ENÉAS MARQUES,Feminicídio,1/10/2025,0
PR,ENÉAS MARQUES,Feminicídio,1/11/2025,0
PR,ENÉAS MARQUES,Feminicídio,1/12/2025,0
PR,ENÉAS MARQUES,Tentativa de feminicídio,1/1/2025,0
PR,ENÉAS MARQUES,Tentativa de feminicídio,1/2/2025,0
PR,ENÉAS MARQUES,Tentativa de feminicídio,1/3/2025,0
PR,ENÉAS MARQUES,Tentativa de feminicídio,1/4/2025,0
PR,ENÉAS MARQUES,Tentativa de feminicídio,1/5/2025,0
PR,ENÉAS MARQUES,Tentativa de feminicídio,1/6/2025,0
PR,ENÉAS MARQUES,Tentativa de feminicídio,1/7/2025,0
PR,ENÉAS MARQUES,Tentativa de feminicídio,1/8/2025,0
PR,ENÉAS MARQUES,Tentativa de feminicídio,1/9/2025,0
PR,ENÉAS MARQUES,Tentativa de feminicídio,1/10/2025,0
PR,ENÉAS MARQUES,Tentativa de feminicídio,1/11/2025,0
PR,ENÉAS MARQUES,Tentativa de feminicídio,1/12/2025,0
PR,ESPERANÇA NOVA,Feminicídio,1/1/2025,0
PR,ESPERANÇA NOVA,Feminicídio,1/2/2025,0
PR,ESPERANÇA NOVA,Feminicídio,1/3/2025,0
PR,ESPERANÇA NOVA,Feminicídio,1/4/2025,0
PR,ESPERANÇA NOVA,Feminicídio,1/5/2025,0
PR,ESPERANÇA NOVA,Feminicídio,1/6/2025,0
PR,ESPERANÇA NOVA,Feminicídio,1/7/2025,0
PR,ESPERANÇA NOVA,Feminicídio,1/8/2025,0
PR,ESPERANÇA NOVA,Feminicídio,1/9/2025,0
PR,ESPERANÇA NOVA,Feminicídio,1/10/2025,0
PR,ESPERANÇA NOVA,Feminicídio,1/11/2025,0
PR,ESPERANÇA NOVA,Feminicídio,1/12/2025,0
PR,ESPERANÇA NOVA,Tentativa de feminicídio,1/1/2025,0
PR,ESPERANÇA NOVA,Tentativa de feminicídio,1/2/2025,0
PR,ESPERANÇA NOVA,Tentativa de feminicídio,1/3/2025,0
PR,ESPERANÇA NOVA,Tentativa de feminicídio,1/4/2025,0
PR,ESPERANÇA NOVA,Tentativa de feminicídio,1/5/2025,0
PR,ESPERANÇA NOVA,Tentativa de feminicídio,1/6/2025,0
PR,ESPERANÇA NOVA,Tentativa de feminicídio,1/7/2025,0
PR,ESPERANÇA NOVA,Tentativa de feminicídio,1/8/2025,0
PR,ESPERANÇA NOVA,Tentativa de feminicídio,1/9/2025,0
PR,ESPERANÇA NOVA,Tentativa de feminicídio,1/10/2025,0
PR,ESPERANÇA NOVA,Tentativa de feminicídio,1/11/2025,0
PR,ESPERANÇA NOVA,Tentativa de feminicídio,1/12/2025,0
PR,ESPIGÃO ALTO DO IGUAÇU,Feminicídio,1/1/2025,0
PR,ESPIGÃO ALTO DO IGUAÇU,Feminicídio,1/2/2025,0
PR,ESPIGÃO ALTO DO IGUAÇU,Feminicídio,1/3/2025,0
PR,ESPIGÃO ALTO DO IGUAÇU,Feminicídio,1/4/2025,0
PR,ESPIGÃO ALTO DO IGUAÇU,Feminicídio,1/5/2025,0
PR,ESPIGÃO ALTO DO IGUAÇU,Feminicídio,1/6/2025,0
PR,ESPIGÃO ALTO DO IGUAÇU,Feminicídio,1/7/2025,0
PR,ESPIGÃO ALTO DO IGUAÇU,Feminicídio,1/8/2025,0
PR,ESPIGÃO ALTO DO IGUAÇU,Feminicídio,1/9/2025,0
PR,ESPIGÃO ALTO DO IGUAÇU,Feminicídio,1/10/2025,0
PR,ESPIGÃO ALTO DO IGUAÇU,Feminicídio,1/11/2025,0
PR,ESPIGÃO ALTO DO IGUAÇU,Feminicídio,1/12/2025,0
PR,ESPIGÃO ALTO DO IGUAÇU,Tentativa de feminicídio,1/1/2025,0
PR,ESPIGÃO ALTO DO IGUAÇU,Tentativa de feminicídio,1/2/2025,0
PR,ESPIGÃO ALTO DO IGUAÇU,Tentativa de feminicídio,1/3/2025,0
PR,ESPIGÃO ALTO DO IGUAÇU,Tentativa de feminicídio,1/4/2025,0
PR,ESPIGÃO ALTO DO IGUAÇU,Tentativa de feminicídio,1/5/2025,0
PR,ESPIGÃO ALTO DO IGUAÇU,Tentativa de feminicídio,1/6/2025,0
PR,ESPIGÃO ALTO DO IGUAÇU,Tentativa de feminicídio,1/7/2025,0
PR,ESPIGÃO ALTO DO IGUAÇU,Tentativa de feminicídio,1/8/2025,0
PR,ESPIGÃO ALTO DO IGUAÇU,Tentativa de feminicídio,1/9/2025,0
PR,ESPIGÃO ALTO DO IGUAÇU,Tentativa de feminicídio,1/10/2025,0
PR,ESPIGÃO ALTO DO IGUAÇU,Tentativa de feminicídio,1/11/2025,0
PR,ESPIGÃO ALTO DO IGUAÇU,Tentativa de feminicídio,1/12/2025,0
PR,FAROL,Feminicídio,1/1/2025,0
PR,FAROL,Feminicídio,1/2/2025,0
PR,FAROL,Feminicídio,1/3/2025,0
PR,FAROL,Feminicídio,1/4/2025,0
PR,FAROL,Feminicídio,1/5/2025,0
PR,FAROL,Feminicídio,1/6/2025,0
PR,FAROL,Feminicídio,1/7/2025,0
PR,FAROL,Feminicídio,1/8/2025,0
PR,FAROL,Feminicídio,1/9/2025,0
PR,FAROL,Feminicídio,1/10/2025,0
PR,FAROL,Feminicídio,1/11/2025,0
PR,FAROL,Feminicídio,1/12/2025,0
PR,FAROL,Tentativa de feminicídio,1/1/2025,0
PR,FAROL,Tentativa de feminicídio,1/2/2025,0
PR,FAROL,Tentativa de feminicídio,1/3/2025,0
PR,FAROL,Tentativa de feminicídio,1/4/2025,0
PR,FAROL,Tentativa de feminicídio,1/5/2025,0
PR,FAROL,Tentativa de feminicídio,1/6/2025,0
PR,FAROL,Tentativa de feminicídio,1/7/2025,0
PR,FAROL,Tentativa de feminicídio,1/8/2025,0
PR,FAROL,Tentativa de feminicídio,1/9/2025,0
PR,FAROL,Tentativa de feminicídio,1/10/2025,0
PR,FAROL,Tentativa de feminicídio,1/11/2025,0
PR,FAROL,Tentativa de feminicídio,1/12/2025,0
PR,FAXINAL,Feminicídio,1/1/2025,0
PR,FAXINAL,Feminicídio,1/2/2025,0
PR,FAXINAL,Feminicídio,1/3/2025,0
PR,FAXINAL,Feminicídio,1/4/2025,0
PR,FAXINAL,Feminicídio,1/5/2025,0
PR,FAXINAL,Feminicídio,1/6/2025,0
PR,FAXINAL,Feminicídio,1/7/2025,0
PR,FAXINAL,Feminicídio,1/8/2025,0
PR,FAXINAL,Feminicídio,1/9/2025,0
PR,FAXINAL,Feminicídio,1/10/2025,0
PR,FAXINAL,Feminicídio,1/11/2025,0
PR,FAXINAL,Feminicídio,1/12/2025,0
PR,FAXINAL,Tentativa de feminicídio,1/1/2025,1
PR,FAXINAL,Tentativa de feminicídio,1/2/2025,0
PR,FAXINAL,Tentativa de feminicídio,1/3/2025,0
PR,FAXINAL,Tentativa de feminicídio,1/4/2025,0
PR,FAXINAL,Tentativa de feminicídio,1/5/2025,0
PR,FAXINAL,Tentativa de feminicídio,1/6/2025,0
PR,FAXINAL,Tentativa de feminicídio,1/7/2025,0
PR,FAXINAL,Tentativa de feminicídio,1/8/2025,0
PR,FAXINAL,Tentativa de feminicídio,1/9/2025,0
PR,FAXINAL,Tentativa de feminicídio,1/10/2025,0
PR,FAXINAL,Tentativa de feminicídio,1/11/2025,1
PR,FAXINAL,Tentativa de feminicídio,1/12/2025,0
PR,FAZENDA RIO GRANDE,Feminicídio,1/1/2025,0
PR,FAZENDA RIO GRANDE,Feminicídio,1/2/2025,0
PR,FAZENDA RIO GRANDE,Feminicídio,1/3/2025,0
PR,FAZENDA RIO GRANDE,Feminicídio,1/4/2025,0
PR,FAZENDA RIO GRANDE,Feminicídio,1/5/2025,0
PR,FAZENDA RIO GRANDE,Feminicídio,1/6/2025,0
PR,FAZENDA RIO GRANDE,Feminicídio,1/7/2025,0
PR,FAZENDA RIO GRANDE,Feminicídio,1/8/2025,0
PR,FAZENDA RIO GRANDE,Feminicídio,1/9/2025,0
PR,FAZENDA RIO GRANDE,Feminicídio,1/10/2025,0
PR,FAZENDA RIO GRANDE,Feminicídio,1/11/2025,0
PR,FAZENDA RIO GRANDE,Feminicídio,1/12/2025,0
PR,FAZENDA RIO GRANDE,Tentativa de feminicídio,1/1/2025,0
PR,FAZENDA RIO GRANDE,Tentativa de feminicídio,1/2/2025,0
PR,FAZENDA RIO GRANDE,Tentativa de feminicídio,1/3/2025,0
PR,FAZENDA RIO GRANDE,Tentativa de feminicídio,1/4/2025,0
PR,FAZENDA RIO GRANDE,Tentativa de feminicídio,1/5/2025,0
PR,FAZENDA RIO GRANDE,Tentativa de feminicídio,1/6/2025,0
PR,FAZENDA RIO GRANDE,Tentativa de feminicídio,1/7/2025,0
PR,FAZENDA RIO GRANDE,Tentativa de feminicídio,1/8/2025,0
PR,FAZENDA RIO GRANDE,Tentativa de feminicídio,1/9/2025,1
PR,FAZENDA RIO GRANDE,Tentativa de feminicídio,1/10/2025,0
PR,FAZENDA RIO GRANDE,Tentativa de feminicídio,1/11/2025,0
PR,FAZENDA RIO GRANDE,Tentativa de feminicídio,1/12/2025,0
PR,FERNANDES PINHEIRO,Feminicídio,1/1/2025,0
PR,FERNANDES PINHEIRO,Feminicídio,1/2/2025,0
PR,FERNANDES PINHEIRO,Feminicídio,1/3/2025,0
PR,FERNANDES PINHEIRO,Feminicídio,1/4/2025,0
PR,FERNANDES PINHEIRO,Feminicídio,1/5/2025,0
PR,FERNANDES PINHEIRO,Feminicídio,1/6/2025,0
PR,FERNANDES PINHEIRO,Feminicídio,1/7/2025,0
PR,FERNANDES PINHEIRO,Feminicídio,1/8/2025,0
PR,FERNANDES PINHEIRO,Feminicídio,1/9/2025,0
PR,FERNANDES PINHEIRO,Feminicídio,1/10/2025,0
PR,FERNANDES PINHEIRO,Feminicídio,1/11/2025,0
PR,FERNANDES PINHEIRO,Feminicídio,1/12/2025,0
PR,FERNANDES PINHEIRO,Tentativa de feminicídio,1/1/2025,0
PR,FERNANDES PINHEIRO,Tentativa de feminicídio,1/2/2025,0
PR,FERNANDES PINHEIRO,Tentativa de feminicídio,1/3/2025,0
PR,FERNANDES PINHEIRO,Tentativa de feminicídio,1/4/2025,0
PR,FERNANDES PINHEIRO,Tentativa de feminicídio,1/5/2025,0
PR,FERNANDES PINHEIRO,Tentativa de feminicídio,1/6/2025,0
PR,FERNANDES PINHEIRO,Tentativa de feminicídio,1/7/2025,0
PR,FERNANDES PINHEIRO,Tentativa de feminicídio,1/8/2025,0
PR,FERNANDES PINHEIRO,Tentativa de feminicídio,1/9/2025,0
PR,FERNANDES PINHEIRO,Tentativa de feminicídio,1/10/2025,0
PR,FERNANDES PINHEIRO,Tentativa de feminicídio,1/11/2025,0
PR,FERNANDES PINHEIRO,Tentativa de feminicídio,1/12/2025,0
PR,FIGUEIRA,Feminicídio,1/1/2025,0
PR,FIGUEIRA,Feminicídio,1/2/2025,0
PR,FIGUEIRA,Feminicídio,1/3/2025,0
PR,FIGUEIRA,Feminicídio,1/4/2025,0
PR,FIGUEIRA,Feminicídio,1/5/2025,0
PR,FIGUEIRA,Feminicídio,1/6/2025,0
PR,FIGUEIRA,Feminicídio,1/7/2025,0
PR,FIGUEIRA,Feminicídio,1/8/2025,0
PR,FIGUEIRA,Feminicídio,1/9/2025,0
PR,FIGUEIRA,Feminicídio,1/10/2025,0
PR,FIGUEIRA,Feminicídio,1/11/2025,0
PR,FIGUEIRA,Feminicídio,1/12/2025,0
PR,FIGUEIRA,Tentativa de feminicídio,1/1/2025,0
PR,FIGUEIRA,Tentativa de feminicídio,1/2/2025,0
PR,FIGUEIRA,Tentativa de feminicídio,1/3/2025,0
PR,FIGUEIRA,Tentativa de feminicídio,1/4/2025,0
PR,FIGUEIRA,Tentativa de feminicídio,1/5/2025,0
PR,FIGUEIRA,Tentativa de feminicídio,1/6/2025,0
PR,FIGUEIRA,Tentativa de feminicídio,1/7/2025,0
PR,FIGUEIRA,Tentativa de feminicídio,1/8/2025,0
PR,FIGUEIRA,Tentativa de feminicídio,1/9/2025,0
PR,FIGUEIRA,Tentativa de feminicídio,1/10/2025,0
PR,FIGUEIRA,Tentativa de feminicídio,1/11/2025,0
PR,FIGUEIRA,Tentativa de feminicídio,1/12/2025,0
PR,FLOR DA SERRA DO SUL,Feminicídio,1/1/2025,0
PR,FLOR DA SERRA DO SUL,Feminicídio,1/2/2025,0
PR,FLOR DA SERRA DO SUL,Feminicídio,1/3/2025,0
PR,FLOR DA SERRA DO SUL,Feminicídio,1/4/2025,0
PR,FLOR DA SERRA DO SUL,Feminicídio,1/5/2025,0
PR,FLOR DA SERRA DO SUL,Feminicídio,1/6/2025,0
PR,FLOR DA SERRA DO SUL,Feminicídio,1/7/2025,0
PR,FLOR DA SERRA DO SUL,Feminicídio,1/8/2025,0
PR,FLOR DA SERRA DO SUL,Feminicídio,1/9/2025,0
PR,FLOR DA SERRA DO SUL,Feminicídio,1/10/2025,0
PR,FLOR DA SERRA DO SUL,Feminicídio,1/11/2025,0
PR,FLOR DA SERRA DO SUL,Feminicídio,1/12/2025,0
PR,FLOR DA SERRA DO SUL,Tentativa de feminicídio,1/1/2025,0
PR,FLOR DA SERRA DO SUL,Tentativa de feminicídio,1/2/2025,0
PR,FLOR DA SERRA DO SUL,Tentativa de feminicídio,1/3/2025,0
PR,FLOR DA SERRA DO SUL,Tentativa de feminicídio,1/4/2025,0
PR,FLOR DA SERRA DO SUL,Tentativa de feminicídio,1/5/2025,0
PR,FLOR DA SERRA DO SUL,Tentativa de feminicídio,1/6/2025,0
PR,FLOR DA SERRA DO SUL,Tentativa de feminicídio,1/7/2025,0
PR,FLOR DA SERRA DO SUL,Tentativa de feminicídio,1/8/2025,0
PR,FLOR DA SERRA DO SUL,Tentativa de feminicídio,1/9/2025,0
PR,FLOR DA SERRA DO SUL,Tentativa de feminicídio,1/10/2025,0
PR,FLOR DA SERRA DO SUL,Tentativa de feminicídio,1/11/2025,0
PR,FLOR DA SERRA DO SUL,Tentativa de feminicídio,1/12/2025,0
PR,FLORAÍ,Feminicídio,1/1/2025,0
PR,FLORAÍ,Feminicídio,1/2/2025,0
PR,FLORAÍ,Feminicídio,1/3/2025,0
PR,FLORAÍ,Feminicídio,1/4/2025,0
PR,FLORAÍ,Feminicídio,1/5/2025,0
PR,FLORAÍ,Feminicídio,1/6/2025,0
PR,FLORAÍ,Feminicídio,1/7/2025,0
PR,FLORAÍ,Feminicídio,1/8/2025,0
PR,FLORAÍ,Feminicídio,1/9/2025,0
PR,FLORAÍ,Feminicídio,1/10/2025,0
PR,FLORAÍ,Feminicídio,1/11/2025,0
PR,FLORAÍ,Feminicídio,1/12/2025,0
PR,FLORAÍ,Tentativa de feminicídio,1/1/2025,0
PR,FLORAÍ,Tentativa de feminicídio,1/2/2025,0
PR,FLORAÍ,Tentativa de feminicídio,1/3/2025,0
PR,FLORAÍ,Tentativa de feminicídio,1/4/2025,0
PR,FLORAÍ,Tentativa de feminicídio,1/5/2025,0
PR,FLORAÍ,Tentativa de feminicídio,1/6/2025,0
PR,FLORAÍ,Tentativa de feminicídio,1/7/2025,0
PR,FLORAÍ,Tentativa de feminicídio,1/8/2025,0
PR,FLORAÍ,Tentativa de feminicídio,1/9/2025,0
PR,FLORAÍ,Tentativa de feminicídio,1/10/2025,0
PR,FLORAÍ,Tentativa de feminicídio,1/11/2025,0
PR,FLORAÍ,Tentativa de feminicídio,1/12/2025,0
PR,FLORESTA,Feminicídio,1/1/2025,0
PR,FLORESTA,Feminicídio,1/2/2025,0
PR,FLORESTA,Feminicídio,1/3/2025,0
PR,FLORESTA,Feminicídio,1/4/2025,0
PR,FLORESTA,Feminicídio,1/5/2025,0
PR,FLORESTA,Feminicídio,1/6/2025,0
PR,FLORESTA,Feminicídio,1/7/2025,0
PR,FLORESTA,Feminicídio,1/8/2025,0
PR,FLORESTA,Feminicídio,1/9/2025,0
PR,FLORESTA,Feminicídio,1/10/2025,0
PR,FLORESTA,Feminicídio,1/11/2025,0
PR,FLORESTA,Feminicídio,1/12/2025,0
PR,FLORESTA,Tentativa de feminicídio,1/1/2025,0
PR,FLORESTA,Tentativa de feminicídio,1/2/2025,0
PR,FLORESTA,Tentativa de feminicídio,1/3/2025,0
PR,FLORESTA,Tentativa de feminicídio,1/4/2025,0
PR,FLORESTA,Tentativa de feminicídio,1/5/2025,0
PR,FLORESTA,Tentativa de feminicídio,1/6/2025,0
PR,FLORESTA,Tentativa de feminicídio,1/7/2025,0
PR,FLORESTA,Tentativa de feminicídio,1/8/2025,0
PR,FLORESTA,Tentativa de feminicídio,1/9/2025,0
PR,FLORESTA,Tentativa de feminicídio,1/10/2025,0
PR,FLORESTA,Tentativa de feminicídio,1/11/2025,0
PR,FLORESTA,Tentativa de feminicídio,1/12/2025,0
PR,FLORESTÓPOLIS,Feminicídio,1/1/2025,0
PR,FLORESTÓPOLIS,Feminicídio,1/2/2025,0
PR,FLORESTÓPOLIS,Feminicídio,1/3/2025,0
PR,FLORESTÓPOLIS,Feminicídio,1/4/2025,0
PR,FLORESTÓPOLIS,Feminicídio,1/5/2025,0
PR,FLORESTÓPOLIS,Feminicídio,1/6/2025,0
PR,FLORESTÓPOLIS,Feminicídio,1/7/2025,0
PR,FLORESTÓPOLIS,Feminicídio,1/8/2025,0
PR,FLORESTÓPOLIS,Feminicídio,1/9/2025,0
PR,FLORESTÓPOLIS,Feminicídio,1/10/2025,0
PR,FLORESTÓPOLIS,Feminicídio,1/11/2025,0
PR,FLORESTÓPOLIS,Feminicídio,1/12/2025,0
PR,FLORESTÓPOLIS,Tentativa de feminicídio,1/1/2025,0
PR,FLORESTÓPOLIS,Tentativa de feminicídio,1/2/2025,0
PR,FLORESTÓPOLIS,Tentativa de feminicídio,1/3/2025,0
PR,FLORESTÓPOLIS,Tentativa de feminicídio,1/4/2025,0
PR,FLORESTÓPOLIS,Tentativa de feminicídio,1/5/2025,0
PR,FLORESTÓPOLIS,Tentativa de feminicídio,1/6/2025,0
PR,FLORESTÓPOLIS,Tentativa de feminicídio,1/7/2025,0
PR,FLORESTÓPOLIS,Tentativa de feminicídio,1/8/2025,0
PR,FLORESTÓPOLIS,Tentativa de feminicídio,1/9/2025,0
PR,FLORESTÓPOLIS,Tentativa de feminicídio,1/10/2025,0
PR,FLORESTÓPOLIS,Tentativa de feminicídio,1/11/2025,0
PR,FLORESTÓPOLIS,Tentativa de feminicídio,1/12/2025,0
PR,FLÓRIDA,Feminicídio,1/1/2025,0
PR,FLÓRIDA,Feminicídio,1/2/2025,0
PR,FLÓRIDA,Feminicídio,1/3/2025,0
PR,FLÓRIDA,Feminicídio,1/4/2025,0
PR,FLÓRIDA,Feminicídio,1/5/2025,0
PR,FLÓRIDA,Feminicídio,1/6/2025,0
PR,FLÓRIDA,Feminicídio,1/7/2025,0
PR,FLÓRIDA,Feminicídio,1/8/2025,0
PR,FLÓRIDA,Feminicídio,1/9/2025,0
PR,FLÓRIDA,Feminicídio,1/10/2025,0
PR,FLÓRIDA,Feminicídio,1/11/2025,0
PR,FLÓRIDA,Feminicídio,1/12/2025,0
PR,FLÓRIDA,Tentativa de feminicídio,1/1/2025,0
PR,FLÓRIDA,Tentativa de feminicídio,1/2/2025,0
PR,FLÓRIDA,Tentativa de feminicídio,1/3/2025,0
PR,FLÓRIDA,Tentativa de feminicídio,1/4/2025,0
PR,FLÓRIDA,Tentativa de feminicídio,1/5/2025,0
PR,FLÓRIDA,Tentativa de feminicídio,1/6/2025,0
PR,FLÓRIDA,Tentativa de feminicídio,1/7/2025,0
PR,FLÓRIDA,Tentativa de feminicídio,1/8/2025,0
PR,FLÓRIDA,Tentativa de feminicídio,1/9/2025,0
PR,FLÓRIDA,Tentativa de feminicídio,1/10/2025,0
PR,FLÓRIDA,Tentativa de feminicídio,1/11/2025,0
PR,FLÓRIDA,Tentativa de feminicídio,1/12/2025,0
PR,FORMOSA DO OESTE,Feminicídio,1/1/2025,0
PR,FORMOSA DO OESTE,Feminicídio,1/2/2025,0
PR,FORMOSA DO OESTE,Feminicídio,1/3/2025,0
PR,FORMOSA DO OESTE,Feminicídio,1/4/2025,0
PR,FORMOSA DO OESTE,Feminicídio,1/5/2025,0
PR,FORMOSA DO OESTE,Feminicídio,1/6/2025,0
PR,FORMOSA DO OESTE,Feminicídio,1/7/2025,0
PR,FORMOSA DO OESTE,Feminicídio,1/8/2025,0
PR,FORMOSA DO OESTE,Feminicídio,1/9/2025,0
PR,FORMOSA DO OESTE,Feminicídio,1/10/2025,0
PR,FORMOSA DO OESTE,Feminicídio,1/11/2025,0
PR,FORMOSA DO OESTE,Feminicídio,1/12/2025,0
PR,FORMOSA DO OESTE,Tentativa de feminicídio,1/1/2025,0
PR,FORMOSA DO OESTE,Tentativa de feminicídio,1/2/2025,0
PR,FORMOSA DO OESTE,Tentativa de feminicídio,1/3/2025,0
PR,FORMOSA DO OESTE,Tentativa de feminicídio,1/4/2025,0
PR,FORMOSA DO OESTE,Tentativa de feminicídio,1/5/2025,0
PR,FORMOSA DO OESTE,Tentativa de feminicídio,1/6/2025,0
PR,FORMOSA DO OESTE,Tentativa de feminicídio,1/7/2025,0
PR,FORMOSA DO OESTE,Tentativa de feminicídio,1/8/2025,0
PR,FORMOSA DO OESTE,Tentativa de feminicídio,1/9/2025,0
PR,FORMOSA DO OESTE,Tentativa de feminicídio,1/10/2025,0
PR,FORMOSA DO OESTE,Tentativa de feminicídio,1/11/2025,0
PR,FORMOSA DO OESTE,Tentativa de feminicídio,1/12/2025,0
PR,FOZ DO IGUAÇU,Feminicídio,1/1/2025,0
PR,FOZ DO IGUAÇU,Feminicídio,1/2/2025,0
PR,FOZ DO IGUAÇU,Feminicídio,1/3/2025,0
PR,FOZ DO IGUAÇU,Feminicídio,1/4/2025,2
PR,FOZ DO IGUAÇU,Feminicídio,1/5/2025,0
PR,FOZ DO IGUAÇU,Feminicídio,1/6/2025,0
PR,FOZ DO IGUAÇU,Feminicídio,1/7/2025,0
PR,FOZ DO IGUAÇU,Feminicídio,1/8/2025,0
PR,FOZ DO IGUAÇU,Feminicídio,1/9/2025,0
PR,FOZ DO IGUAÇU,Feminicídio,1/10/2025,1
PR,FOZ DO IGUAÇU,Feminicídio,1/11/2025,0
PR,FOZ DO IGUAÇU,Feminicídio,1/12/2025,0
PR,FOZ DO IGUAÇU,Tentativa de feminicídio,1/1/2025,0
PR,FOZ DO IGUAÇU,Tentativa de feminicídio,1/2/2025,0
PR,FOZ DO IGUAÇU,Tentativa de feminicídio,1/3/2025,1
PR,FOZ DO IGUAÇU,Tentativa de feminicídio,1/4/2025,0
PR,FOZ DO IGUAÇU,Tentativa de feminicídio,1/5/2025,0
PR,FOZ DO IGUAÇU,Tentativa de feminicídio,1/6/2025,0
PR,FOZ DO IGUAÇU,Tentativa de feminicídio,1/7/2025,0
PR,FOZ DO IGUAÇU,Tentativa de feminicídio,1/8/2025,0
PR,FOZ DO IGUAÇU,Tentativa de feminicídio,1/9/2025,1
PR,FOZ DO IGUAÇU,Tentativa de feminicídio,1/10/2025,0
PR,FOZ DO IGUAÇU,Tentativa de feminicídio,1/11/2025,0
PR,FOZ DO IGUAÇU,Tentativa de feminicídio,1/12/2025,0
PR,FOZ DO JORDÃO,Feminicídio,1/1/2025,0
PR,FOZ DO JORDÃO,Feminicídio,1/2/2025,0
PR,FOZ DO JORDÃO,Feminicídio,1/3/2025,0
PR,FOZ DO JORDÃO,Feminicídio,1/4/2025,0
PR,FOZ DO JORDÃO,Feminicídio,1/5/2025,0
PR,FOZ DO JORDÃO,Feminicídio,1/6/2025,0
PR,FOZ DO JORDÃO,Feminicídio,1/7/2025,0
PR,FOZ DO JORDÃO,Feminicídio,1/8/2025,0
PR,FOZ DO JORDÃO,Feminicídio,1/9/2025,0
PR,FOZ DO JORDÃO,Feminicídio,1/10/2025,0
PR,FOZ DO JORDÃO,Feminicídio,1/11/2025,0
PR,FOZ DO JORDÃO,Feminicídio,1/12/2025,0
PR,FOZ DO JORDÃO,Tentativa de feminicídio,1/1/2025,0
PR,FOZ DO JORDÃO,Tentativa de feminicídio,1/2/2025,0
PR,FOZ DO JORDÃO,Tentativa de feminicídio,1/3/2025,0
PR,FOZ DO JORDÃO,Tentativa de feminicídio,1/4/2025,0
PR,FOZ DO JORDÃO,Tentativa de feminicídio,1/5/2025,0
PR,FOZ DO JORDÃO,Tentativa de feminicídio,1/6/2025,0
PR,FOZ DO JORDÃO,Tentativa de feminicídio,1/7/2025,0
PR,FOZ DO JORDÃO,Tentativa de feminicídio,1/8/2025,0
PR,FOZ DO JORDÃO,Tentativa de feminicídio,1/9/2025,0
PR,FOZ DO JORDÃO,Tentativa de feminicídio,1/10/2025,0
PR,FOZ DO JORDÃO,Tentativa de feminicídio,1/11/2025,0
PR,FOZ DO JORDÃO,Tentativa de feminicídio,1/12/2025,0
PR,FRANCISCO ALVES,Feminicídio,1/1/2025,0
PR,FRANCISCO ALVES,Feminicídio,1/2/2025,0
PR,FRANCISCO ALVES,Feminicídio,1/3/2025,0
PR,FRANCISCO ALVES,Feminicídio,1/4/2025,0
PR,FRANCISCO ALVES,Feminicídio,1/5/2025,0
PR,FRANCISCO ALVES,Feminicídio,1/6/2025,0
PR,FRANCISCO ALVES,Feminicídio,1/7/2025,0
PR,FRANCISCO ALVES,Feminicídio,1/8/2025,0
PR,FRANCISCO ALVES,Feminicídio,1/9/2025,0
PR,FRANCISCO ALVES,Feminicídio,1/10/2025,0
PR,FRANCISCO ALVES,Feminicídio,1/11/2025,0
PR,FRANCISCO ALVES,Feminicídio,1/12/2025,0
PR,FRANCISCO ALVES,Tentativa de feminicídio,1/1/2025,0
PR,FRANCISCO ALVES,Tentativa de feminicídio,1/2/2025,0
PR,FRANCISCO ALVES,Tentativa de feminicídio,1/3/2025,0
PR,FRANCISCO ALVES,Tentativa de feminicídio,1/4/2025,0
PR,FRANCISCO ALVES,Tentativa de feminicídio,1/5/2025,0
PR,FRANCISCO ALVES,Tentativa de feminicídio,1/6/2025,0
PR,FRANCISCO ALVES,Tentativa de feminicídio,1/7/2025,0
PR,FRANCISCO ALVES,Tentativa de feminicídio,1/8/2025,0
PR,FRANCISCO ALVES,Tentativa de feminicídio,1/9/2025,0
PR,FRANCISCO ALVES,Tentativa de feminicídio,1/10/2025,0
PR,FRANCISCO ALVES,Tentativa de feminicídio,1/11/2025,0
PR,FRANCISCO ALVES,Tentativa de feminicídio,1/12/2025,0
PR,FRANCISCO BELTRÃO,Feminicídio,1/1/2025,1
PR,FRANCISCO BELTRÃO,Feminicídio,1/2/2025,0
PR,FRANCISCO BELTRÃO,Feminicídio,1/3/2025,0
PR,FRANCISCO BELTRÃO,Feminicídio,1/4/2025,1
PR,FRANCISCO BELTRÃO,Feminicídio,1/5/2025,0
PR,FRANCISCO BELTRÃO,Feminicídio,1/6/2025,0
PR,FRANCISCO BELTRÃO,Feminicídio,1/7/2025,0
PR,FRANCISCO BELTRÃO,Feminicídio,1/8/2025,0
PR,FRANCISCO BELTRÃO,Feminicídio,1/9/2025,0
PR,FRANCISCO BELTRÃO,Feminicídio,1/10/2025,0
PR,FRANCISCO BELTRÃO,Feminicídio,1/11/2025,0
PR,FRANCISCO BELTRÃO,Feminicídio,1/12/2025,0
PR,FRANCISCO BELTRÃO,Tentativa de feminicídio,1/1/2025,0
PR,FRANCISCO BELTRÃO,Tentativa de feminicídio,1/2/2025,0
PR,FRANCISCO BELTRÃO,Tentativa de feminicídio,1/3/2025,0
PR,FRANCISCO BELTRÃO,Tentativa de feminicídio,1/4/2025,1
PR,FRANCISCO BELTRÃO,Tentativa de feminicídio,1/5/2025,0
PR,FRANCISCO BELTRÃO,Tentativa de feminicídio,1/6/2025,0
PR,FRANCISCO BELTRÃO,Tentativa de feminicídio,1/7/2025,0
PR,FRANCISCO BELTRÃO,Tentativa de feminicídio,1/8/2025,1
PR,FRANCISCO BELTRÃO,Tentativa de feminicídio,1/9/2025,0
PR,FRANCISCO BELTRÃO,Tentativa de feminicídio,1/10/2025,0
PR,FRANCISCO BELTRÃO,Tentativa de feminicídio,1/11/2025,0
PR,FRANCISCO BELTRÃO,Tentativa de feminicídio,1/12/2025,0
PR,FÊNIX,Feminicídio,1/1/2025,0
PR,FÊNIX,Feminicídio,1/2/2025,0
PR,FÊNIX,Feminicídio,1/3/2025,0
PR,FÊNIX,Feminicídio,1/4/2025,0
PR,FÊNIX,Feminicídio,1/5/2025,0
PR,FÊNIX,Feminicídio,1/6/2025,0
PR,FÊNIX,Feminicídio,1/7/2025,0
PR,FÊNIX,Feminicídio,1/8/2025,0
PR,FÊNIX,Feminicídio,1/9/2025,0
PR,FÊNIX,Feminicídio,1/10/2025,0
PR,FÊNIX,Feminicídio,1/11/2025,0
PR,FÊNIX,Feminicídio,1/12/2025,0
PR,FÊNIX,Tentativa de feminicídio,1/1/2025,0
PR,FÊNIX,Tentativa de feminicídio,1/2/2025,0
PR,FÊNIX,Tentativa de feminicídio,1/3/2025,0
PR,FÊNIX,Tentativa de feminicídio,1/4/2025,0
PR,FÊNIX,Tentativa de feminicídio,1/5/2025,0
PR,FÊNIX,Tentativa de feminicídio,1/6/2025,0
PR,FÊNIX,Tentativa de feminicídio,1/7/2025,0
PR,FÊNIX,Tentativa de feminicídio,1/8/2025,0
PR,FÊNIX,Tentativa de feminicídio,1/9/2025,0
PR,FÊNIX,Tentativa de feminicídio,1/10/2025,0
PR,FÊNIX,Tentativa de feminicídio,1/11/2025,0
PR,FÊNIX,Tentativa de feminicídio,1/12/2025,0
PR,GENERAL CARNEIRO,Feminicídio,1/1/2025,1
PR,GENERAL CARNEIRO,Feminicídio,1/2/2025,0
PR,GENERAL CARNEIRO,Feminicídio,1/3/2025,0
PR,GENERAL CARNEIRO,Feminicídio,1/4/2025,0
PR,GENERAL CARNEIRO,Feminicídio,1/5/2025,0
PR,GENERAL CARNEIRO,Feminicídio,1/6/2025,0
PR,GENERAL CARNEIRO,Feminicídio,1/7/2025,0
PR,GENERAL CARNEIRO,Feminicídio,1/8/2025,0
PR,GENERAL CARNEIRO,Feminicídio,1/9/2025,0
PR,GENERAL CARNEIRO,Feminicídio,1/10/2025,0
PR,GENERAL CARNEIRO,Feminicídio,1/11/2025,0
PR,GENERAL CARNEIRO,Feminicídio,1/12/2025,0
PR,GENERAL CARNEIRO,Tentativa de feminicídio,1/1/2025,0
PR,GENERAL CARNEIRO,Tentativa de feminicídio,1/2/2025,0
PR,GENERAL CARNEIRO,Tentativa de feminicídio,1/3/2025,0
PR,GENERAL CARNEIRO,Tentativa de feminicídio,1/4/2025,0
PR,GENERAL CARNEIRO,Tentativa de feminicídio,1/5/2025,0
PR,GENERAL CARNEIRO,Tentativa de feminicídio,1/6/2025,0
PR,GENERAL CARNEIRO,Tentativa de feminicídio,1/7/2025,0
PR,GENERAL CARNEIRO,Tentativa de feminicídio,1/8/2025,0
PR,GENERAL CARNEIRO,Tentativa de feminicídio,1/9/2025,0
PR,GENERAL CARNEIRO,Tentativa de feminicídio,1/10/2025,0
PR,GENERAL CARNEIRO,Tentativa de feminicídio,1/11/2025,0
PR,GENERAL CARNEIRO,Tentativa de feminicídio,1/12/2025,0
PR,GODOY MOREIRA,Feminicídio,1/1/2025,0
PR,GODOY MOREIRA,Feminicídio,1/2/2025,0
PR,GODOY MOREIRA,Feminicídio,1/3/2025,0
PR,GODOY MOREIRA,Feminicídio,1/4/2025,0
PR,GODOY MOREIRA,Feminicídio,1/5/2025,0
PR,GODOY MOREIRA,Feminicídio,1/6/2025,0
PR,GODOY MOREIRA,Feminicídio,1/7/2025,0
PR,GODOY MOREIRA,Feminicídio,1/8/2025,0
PR,GODOY MOREIRA,Feminicídio,1/9/2025,0
PR,GODOY MOREIRA,Feminicídio,1/10/2025,0
PR,GODOY MOREIRA,Feminicídio,1/11/2025,0
PR,GODOY MOREIRA,Feminicídio,1/12/2025,0
PR,GODOY MOREIRA,Tentativa de feminicídio,1/1/2025,0
PR,GODOY MOREIRA,Tentativa de feminicídio,1/2/2025,0
PR,GODOY MOREIRA,Tentativa de feminicídio,1/3/2025,0
PR,GODOY MOREIRA,Tentativa de feminicídio,1/4/2025,0
PR,GODOY MOREIRA,Tentativa de feminicídio,1/5/2025,0
PR,GODOY MOREIRA,Tentativa de feminicídio,1/6/2025,0
PR,GODOY MOREIRA,Tentativa de feminicídio,1/7/2025,0
PR,GODOY MOREIRA,Tentativa de feminicídio,1/8/2025,0
PR,GODOY MOREIRA,Tentativa de feminicídio,1/9/2025,0
PR,GODOY MOREIRA,Tentativa de feminicídio,1/10/2025,0
PR,GODOY MOREIRA,Tentativa de feminicídio,1/11/2025,0
PR,GODOY MOREIRA,Tentativa de feminicídio,1/12/2025,0
PR,GOIOERÊ,Feminicídio,1/1/2025,0
PR,GOIOERÊ,Feminicídio,1/2/2025,0
PR,GOIOERÊ,Feminicídio,1/3/2025,0
PR,GOIOERÊ,Feminicídio,1/4/2025,0
PR,GOIOERÊ,Feminicídio,1/5/2025,0
PR,GOIOERÊ,Feminicídio,1/6/2025,0
PR,GOIOERÊ,Feminicídio,1/7/2025,0
PR,GOIOERÊ,Feminicídio,1/8/2025,0
PR,GOIOERÊ,Feminicídio,1/9/2025,0
PR,GOIOERÊ,Feminicídio,1/10/2025,0
PR,GOIOERÊ,Feminicídio,1/11/2025,0
PR,GOIOERÊ,Feminicídio,1/12/2025,0
PR,GOIOERÊ,Tentativa de feminicídio,1/1/2025,0
PR,GOIOERÊ,Tentativa de feminicídio,1/2/2025,0
PR,GOIOERÊ,Tentativa de feminicídio,1/3/2025,0
PR,GOIOERÊ,Tentativa de feminicídio,1/4/2025,0
PR,GOIOERÊ,Tentativa de feminicídio,1/5/2025,0
PR,GOIOERÊ,Tentativa de feminicídio,1/6/2025,0
PR,GOIOERÊ,Tentativa de feminicídio,1/7/2025,0
PR,GOIOERÊ,Tentativa de feminicídio,1/8/2025,0
PR,GOIOERÊ,Tentativa de feminicídio,1/9/2025,0
PR,GOIOERÊ,Tentativa de feminicídio,1/10/2025,0
PR,GOIOERÊ,Tentativa de feminicídio,1/11/2025,0
PR,GOIOERÊ,Tentativa de feminicídio,1/12/2025,0
PR,GOIOXIM,Feminicídio,1/1/2025,0
PR,GOIOXIM,Feminicídio,1/2/2025,0
PR,GOIOXIM,Feminicídio,1/3/2025,0
PR,GOIOXIM,Feminicídio,1/4/2025,0
PR,GOIOXIM,Feminicídio,1/5/2025,0
PR,GOIOXIM,Feminicídio,1/6/2025,0
PR,GOIOXIM,Feminicídio,1/7/2025,0
PR,GOIOXIM,Feminicídio,1/8/2025,0
PR,GOIOXIM,Feminicídio,1/9/2025,0
PR,GOIOXIM,Feminicídio,1/10/2025,0
PR,GOIOXIM,Feminicídio,1/11/2025,0
PR,GOIOXIM,Feminicídio,1/12/2025,0
PR,GOIOXIM,Tentativa de feminicídio,1/1/2025,0
PR,GOIOXIM,Tentativa de feminicídio,1/2/2025,0
PR,GOIOXIM,Tentativa de feminicídio,1/3/2025,0
PR,GOIOXIM,Tentativa de feminicídio,1/4/2025,0
PR,GOIOXIM,Tentativa de feminicídio,1/5/2025,0
PR,GOIOXIM,Tentativa de feminicídio,1/6/2025,0
PR,GOIOXIM,Tentativa de feminicídio,1/7/2025,0
PR,GOIOXIM,Tentativa de feminicídio,1/8/2025,0
PR,GOIOXIM,Tentativa de feminicídio,1/9/2025,0
PR,GOIOXIM,Tentativa de feminicídio,1/10/2025,0
PR,GOIOXIM,Tentativa de feminicídio,1/11/2025,0
PR,GOIOXIM,Tentativa de feminicídio,1/12/2025,0
PR,GRANDES RIOS,Feminicídio,1/1/2025,0
PR,GRANDES RIOS,Feminicídio,1/2/2025,0
PR,GRANDES RIOS,Feminicídio,1/3/2025,0
PR,GRANDES RIOS,Feminicídio,1/4/2025,0
PR,GRANDES RIOS,Feminicídio,1/5/2025,0
PR,GRANDES RIOS,Feminicídio,1/6/2025,0
PR,GRANDES RIOS,Feminicídio,1/7/2025,0
PR,GRANDES RIOS,Feminicídio,1/8/2025,0
PR,GRANDES RIOS,Feminicídio,1/9/2025,0
PR,GRANDES RIOS,Feminicídio,1/10/2025,0
PR,GRANDES RIOS,Feminicídio,1/11/2025,0
PR,GRANDES RIOS,Feminicídio,1/12/2025,0
PR,GRANDES RIOS,Tentativa de feminicídio,1/1/2025,0
PR,GRANDES RIOS,Tentativa de feminicídio,1/2/2025,0
PR,GRANDES RIOS,Tentativa de feminicídio,1/3/2025,0
PR,GRANDES RIOS,Tentativa de feminicídio,1/4/2025,0
PR,GRANDES RIOS,Tentativa de feminicídio,1/5/2025,0
PR,GRANDES RIOS,Tentativa de feminicídio,1/6/2025,0
PR,GRANDES RIOS,Tentativa de feminicídio,1/7/2025,0
PR,GRANDES RIOS,Tentativa de feminicídio,1/8/2025,0
PR,GRANDES RIOS,Tentativa de feminicídio,1/9/2025,0
PR,GRANDES RIOS,Tentativa de feminicídio,1/10/2025,0
PR,GRANDES RIOS,Tentativa de feminicídio,1/11/2025,0
PR,GRANDES RIOS,Tentativa de feminicídio,1/12/2025,0
PR,GUAIRAÇÁ,Feminicídio,1/1/2025,0
PR,GUAIRAÇÁ,Feminicídio,1/2/2025,0
PR,GUAIRAÇÁ,Feminicídio,1/3/2025,0
PR,GUAIRAÇÁ,Feminicídio,1/4/2025,0
PR,GUAIRAÇÁ,Feminicídio,1/5/2025,0
PR,GUAIRAÇÁ,Feminicídio,1/6/2025,0
PR,GUAIRAÇÁ,Feminicídio,1/7/2025,0
PR,GUAIRAÇÁ,Feminicídio,1/8/2025,1
PR,GUAIRAÇÁ,Feminicídio,1/9/2025,0
PR,GUAIRAÇÁ,Feminicídio,1/10/2025,0
PR,GUAIRAÇÁ,Feminicídio,1/11/2025,0
PR,GUAIRAÇÁ,Feminicídio,1/12/2025,0
PR,GUAIRAÇÁ,Tentativa de feminicídio,1/1/2025,0
PR,GUAIRAÇÁ,Tentativa de feminicídio,1/2/2025,0
PR,GUAIRAÇÁ,Tentativa de feminicídio,1/3/2025,0
PR,GUAIRAÇÁ,Tentativa de feminicídio,1/4/2025,0
PR,GUAIRAÇÁ,Tentativa de feminicídio,1/5/2025,0
PR,GUAIRAÇÁ,Tentativa de feminicídio,1/6/2025,0
PR,GUAIRAÇÁ,Tentativa de feminicídio,1/7/2025,0
PR,GUAIRAÇÁ,Tentativa de feminicídio,1/8/2025,0
PR,GUAIRAÇÁ,Tentativa de feminicídio,1/9/2025,0
PR,GUAIRAÇÁ,Tentativa de feminicídio,1/10/2025,0
PR,GUAIRAÇÁ,Tentativa de feminicídio,1/11/2025,0
PR,GUAIRAÇÁ,Tentativa de feminicídio,1/12/2025,0
PR,GUAMIRANGA,Feminicídio,1/1/2025,0
PR,GUAMIRANGA,Feminicídio,1/2/2025,0
PR,GUAMIRANGA,Feminicídio,1/3/2025,0
PR,GUAMIRANGA,Feminicídio,1/4/2025,0
PR,GUAMIRANGA,Feminicídio,1/5/2025,0
PR,GUAMIRANGA,Feminicídio,1/6/2025,0
PR,GUAMIRANGA,Feminicídio,1/7/2025,0
PR,GUAMIRANGA,Feminicídio,1/8/2025,0
PR,GUAMIRANGA,Feminicídio,1/9/2025,0
PR,GUAMIRANGA,Feminicídio,1/10/2025,0
PR,GUAMIRANGA,Feminicídio,1/11/2025,0
PR,GUAMIRANGA,Feminicídio,1/12/2025,0
PR,GUAMIRANGA,Tentativa de feminicídio,1/1/2025,0
PR,GUAMIRANGA,Tentativa de feminicídio,1/2/2025,0
PR,GUAMIRANGA,Tentativa de feminicídio,1/3/2025,0
PR,GUAMIRANGA,Tentativa de feminicídio,1/4/2025,0
PR,GUAMIRANGA,Tentativa de feminicídio,1/5/2025,0
PR,GUAMIRANGA,Tentativa de feminicídio,1/6/2025,0
PR,GUAMIRANGA,Tentativa de feminicídio,1/7/2025,0
PR,GUAMIRANGA,Tentativa de feminicídio,1/8/2025,0
PR,GUAMIRANGA,Tentativa de feminicídio,1/9/2025,0
PR,GUAMIRANGA,Tentativa de feminicídio,1/10/2025,0
PR,GUAMIRANGA,Tentativa de feminicídio,1/11/2025,0
PR,GUAMIRANGA,Tentativa de feminicídio,1/12/2025,0
PR,GUAPIRAMA,Feminicídio,1/1/2025,0
PR,GUAPIRAMA,Feminicídio,1/2/2025,0
PR,GUAPIRAMA,Feminicídio,1/3/2025,0
PR,GUAPIRAMA,Feminicídio,1/4/2025,0
PR,GUAPIRAMA,Feminicídio,1/5/2025,0
PR,GUAPIRAMA,Feminicídio,1/6/2025,0
PR,GUAPIRAMA,Feminicídio,1/7/2025,0
PR,GUAPIRAMA,Feminicídio,1/8/2025,0
PR,GUAPIRAMA,Feminicídio,1/9/2025,0
PR,GUAPIRAMA,Feminicídio,1/10/2025,0
PR,GUAPIRAMA,Feminicídio,1/11/2025,0
PR,GUAPIRAMA,Feminicídio,1/12/2025,0
PR,GUAPIRAMA,Tentativa de feminicídio,1/1/2025,0
PR,GUAPIRAMA,Tentativa de feminicídio,1/2/2025,0
PR,GUAPIRAMA,Tentativa de feminicídio,1/3/2025,0
PR,GUAPIRAMA,Tentativa de feminicídio,1/4/2025,0
PR,GUAPIRAMA,Tentativa de feminicídio,1/5/2025,0
PR,GUAPIRAMA,Tentativa de feminicídio,1/6/2025,0
PR,GUAPIRAMA,Tentativa de feminicídio,1/7/2025,0
PR,GUAPIRAMA,Tentativa de feminicídio,1/8/2025,0
PR,GUAPIRAMA,Tentativa de feminicídio,1/9/2025,0
PR,GUAPIRAMA,Tentativa de feminicídio,1/10/2025,0
PR,GUAPIRAMA,Tentativa de feminicídio,1/11/2025,0
PR,GUAPIRAMA,Tentativa de feminicídio,1/12/2025,0
PR,GUAPOREMA,Feminicídio,1/1/2025,0
PR,GUAPOREMA,Feminicídio,1/2/2025,0
PR,GUAPOREMA,Feminicídio,1/3/2025,0
PR,GUAPOREMA,Feminicídio,1/4/2025,0
PR,GUAPOREMA,Feminicídio,1/5/2025,0
PR,GUAPOREMA,Feminicídio,1/6/2025,0
PR,GUAPOREMA,Feminicídio,1/7/2025,0
PR,GUAPOREMA,Feminicídio,1/8/2025,0
PR,GUAPOREMA,Feminicídio,1/9/2025,0
PR,GUAPOREMA,Feminicídio,1/10/2025,0
PR,GUAPOREMA,Feminicídio,1/11/2025,0
PR,GUAPOREMA,Feminicídio,1/12/2025,0
PR,GUAPOREMA,Tentativa de feminicídio,1/1/2025,0
PR,GUAPOREMA,Tentativa de feminicídio,1/2/2025,0
PR,GUAPOREMA,Tentativa de feminicídio,1/3/2025,0
PR,GUAPOREMA,Tentativa de feminicídio,1/4/2025,0
PR,GUAPOREMA,Tentativa de feminicídio,1/5/2025,0
PR,GUAPOREMA,Tentativa de feminicídio,1/6/2025,0
PR,GUAPOREMA,Tentativa de feminicídio,1/7/2025,0
PR,GUAPOREMA,Tentativa de feminicídio,1/8/2025,0
PR,GUAPOREMA,Tentativa de feminicídio,1/9/2025,0
PR,GUAPOREMA,Tentativa de feminicídio,1/10/2025,0
PR,GUAPOREMA,Tentativa de feminicídio,1/11/2025,0
PR,GUAPOREMA,Tentativa de feminicídio,1/12/2025,0
PR,GUARACI,Feminicídio,1/1/2025,0
PR,GUARACI,Feminicídio,1/2/2025,0
PR,GUARACI,Feminicídio,1/3/2025,0
PR,GUARACI,Feminicídio,1/4/2025,0
PR,GUARACI,Feminicídio,1/5/2025,0
PR,GUARACI,Feminicídio,1/6/2025,0
PR,GUARACI,Feminicídio,1/7/2025,0
PR,GUARACI,Feminicídio,1/8/2025,0
PR,GUARACI,Feminicídio,1/9/2025,0
PR,GUARACI,Feminicídio,1/10/2025,0
PR,GUARACI,Feminicídio,1/11/2025,0
PR,GUARACI,Feminicídio,1/12/2025,0
PR,GUARACI,Tentativa de feminicídio,1/1/2025,0
PR,GUARACI,Tentativa de feminicídio,1/2/2025,0
PR,GUARACI,Tentativa de feminicídio,1/3/2025,0
PR,GUARACI,Tentativa de feminicídio,1/4/2025,0
PR,GUARACI,Tentativa de feminicídio,1/5/2025,0
PR,GUARACI,Tentativa de feminicídio,1/6/2025,0
PR,GUARACI,Tentativa de feminicídio,1/7/2025,0
PR,GUARACI,Tentativa de feminicídio,1/8/2025,0
PR,GUARACI,Tentativa de feminicídio,1/9/2025,0
PR,GUARACI,Tentativa de feminicídio,1/10/2025,0
PR,GUARACI,Tentativa de feminicídio,1/11/2025,0
PR,GUARACI,Tentativa de feminicídio,1/12/2025,0
PR,GUARANIAÇU,Feminicídio,1/1/2025,0
PR,GUARANIAÇU,Feminicídio,1/2/2025,0
PR,GUARANIAÇU,Feminicídio,1/3/2025,0
PR,GUARANIAÇU,Feminicídio,1/4/2025,0
PR,GUARANIAÇU,Feminicídio,1/5/2025,0
PR,GUARANIAÇU,Feminicídio,1/6/2025,0
PR,GUARANIAÇU,Feminicídio,1/7/2025,0
PR,GUARANIAÇU,Feminicídio,1/8/2025,0
PR,GUARANIAÇU,Feminicídio,1/9/2025,0
PR,GUARANIAÇU,Feminicídio,1/10/2025,0
PR,GUARANIAÇU,Feminicídio,1/11/2025,0
PR,GUARANIAÇU,Feminicídio,1/12/2025,0
PR,GUARANIAÇU,Tentativa de feminicídio,1/1/2025,0
PR,GUARANIAÇU,Tentativa de feminicídio,1/2/2025,0
PR,GUARANIAÇU,Tentativa de feminicídio,1/3/2025,0
PR,GUARANIAÇU,Tentativa de feminicídio,1/4/2025,0
PR,GUARANIAÇU,Tentativa de feminicídio,1/5/2025,0
PR,GUARANIAÇU,Tentativa de feminicídio,1/6/2025,0
PR,GUARANIAÇU,Tentativa de feminicídio,1/7/2025,0
PR,GUARANIAÇU,Tentativa de feminicídio,1/8/2025,0
PR,GUARANIAÇU,Tentativa de feminicídio,1/9/2025,0
PR,GUARANIAÇU,Tentativa de feminicídio,1/10/2025,0
PR,GUARANIAÇU,Tentativa de feminicídio,1/11/2025,0
PR,GUARANIAÇU,Tentativa de feminicídio,1/12/2025,0
PR,GUARAPUAVA,Feminicídio,1/1/2025,0
PR,GUARAPUAVA,Feminicídio,1/2/2025,0
PR,GUARAPUAVA,Feminicídio,1/3/2025,0
PR,GUARAPUAVA,Feminicídio,1/4/2025,0
PR,GUARAPUAVA,Feminicídio,1/5/2025,0
PR,GUARAPUAVA,Feminicídio,1/6/2025,0
PR,GUARAPUAVA,Feminicídio,1/7/2025,0
PR,GUARAPUAVA,Feminicídio,1/8/2025,0
PR,GUARAPUAVA,Feminicídio,1/9/2025,0
PR,GUARAPUAVA,Feminicídio,1/10/2025,0
PR,GUARAPUAVA,Feminicídio,1/11/2025,0
PR,GUARAPUAVA,Feminicídio,1/12/2025,0
PR,GUARAPUAVA,Tentativa de feminicídio,1/1/2025,0
PR,GUARAPUAVA,Tentativa de feminicídio,1/2/2025,1
PR,GUARAPUAVA,Tentativa de feminicídio,1/3/2025,0
PR,GUARAPUAVA,Tentativa de feminicídio,1/4/2025,0
PR,GUARAPUAVA,Tentativa de feminicídio,1/5/2025,0
PR,GUARAPUAVA,Tentativa de feminicídio,1/6/2025,0
PR,GUARAPUAVA,Tentativa de feminicídio,1/7/2025,0
PR,GUARAPUAVA,Tentativa de feminicídio,1/8/2025,0
PR,GUARAPUAVA,Tentativa de feminicídio,1/9/2025,0
PR,GUARAPUAVA,Tentativa de feminicídio,1/10/2025,2
PR,GUARAPUAVA,Tentativa de feminicídio,1/11/2025,1
PR,GUARAPUAVA,Tentativa de feminicídio,1/12/2025,0
PR,GUARAQUEÇABA,Feminicídio,1/1/2025,0
PR,GUARAQUEÇABA,Feminicídio,1/2/2025,0
PR,GUARAQUEÇABA,Feminicídio,1/3/2025,0
PR,GUARAQUEÇABA,Feminicídio,1/4/2025,0
PR,GUARAQUEÇABA,Feminicídio,1/5/2025,0
PR,GUARAQUEÇABA,Feminicídio,1/6/2025,0
PR,GUARAQUEÇABA,Feminicídio,1/7/2025,0
PR,GUARAQUEÇABA,Feminicídio,1/8/2025,0
PR,GUARAQUEÇABA,Feminicídio,1/9/2025,0
PR,GUARAQUEÇABA,Feminicídio,1/10/2025,0
PR,GUARAQUEÇABA,Feminicídio,1/11/2025,0
PR,GUARAQUEÇABA,Feminicídio,1/12/2025,0
PR,GUARAQUEÇABA,Tentativa de feminicídio,1/1/2025,0
PR,GUARAQUEÇABA,Tentativa de feminicídio,1/2/2025,0
PR,GUARAQUEÇABA,Tentativa de feminicídio,1/3/2025,0
PR,GUARAQUEÇABA,Tentativa de feminicídio,1/4/2025,0
PR,GUARAQUEÇABA,Tentativa de feminicídio,1/5/2025,0
PR,GUARAQUEÇABA,Tentativa de feminicídio,1/6/2025,0
PR,GUARAQUEÇABA,Tentativa de feminicídio,1/7/2025,0
PR,GUARAQUEÇABA,Tentativa de feminicídio,1/8/2025,0
PR,GUARAQUEÇABA,Tentativa de feminicídio,1/9/2025,0
PR,GUARAQUEÇABA,Tentativa de feminicídio,1/10/2025,0
PR,GUARAQUEÇABA,Tentativa de feminicídio,1/11/2025,0
PR,GUARAQUEÇABA,Tentativa de feminicídio,1/12/2025,0
PR,GUARATUBA,Feminicídio,1/1/2025,0
PR,GUARATUBA,Feminicídio,1/2/2025,0
PR,GUARATUBA,Feminicídio,1/3/2025,0
PR,GUARATUBA,Feminicídio,1/4/2025,0
PR,GUARATUBA,Feminicídio,1/5/2025,0
PR,GUARATUBA,Feminicídio,1/6/2025,0
PR,GUARATUBA,Feminicídio,1/7/2025,0
PR,GUARATUBA,Feminicídio,1/8/2025,0
PR,GUARATUBA,Feminicídio,1/9/2025,0
PR,GUARATUBA,Feminicídio,1/10/2025,0
PR,GUARATUBA,Feminicídio,1/11/2025,0
PR,GUARATUBA,Feminicídio,1/12/2025,0
PR,GUARATUBA,Tentativa de feminicídio,1/1/2025,0
PR,GUARATUBA,Tentativa de feminicídio,1/2/2025,0
PR,GUARATUBA,Tentativa de feminicídio,1/3/2025,0
PR,GUARATUBA,Tentativa de feminicídio,1/4/2025,0
PR,GUARATUBA,Tentativa de feminicídio,1/5/2025,0
PR,GUARATUBA,Tentativa de feminicídio,1/6/2025,0
PR,GUARATUBA,Tentativa de feminicídio,1/7/2025,0
PR,GUARATUBA,Tentativa de feminicídio,1/8/2025,0
PR,GUARATUBA,Tentativa de feminicídio,1/9/2025,0
PR,GUARATUBA,Tentativa de feminicídio,1/10/2025,0
PR,GUARATUBA,Tentativa de feminicídio,1/11/2025,0
PR,GUARATUBA,Tentativa de feminicídio,1/12/2025,0
PR,GUAÍRA,Feminicídio,1/1/2025,1
PR,GUAÍRA,Feminicídio,1/2/2025,1
PR,GUAÍRA,Feminicídio,1/3/2025,0
PR,GUAÍRA,Feminicídio,1/4/2025,0
PR,GUAÍRA,Feminicídio,1/5/2025,0
PR,GUAÍRA,Feminicídio,1/6/2025,0
PR,GUAÍRA,Feminicídio,1/7/2025,0
PR,GUAÍRA,Feminicídio,1/8/2025,0
PR,GUAÍRA,Feminicídio,1/9/2025,0
PR,GUAÍRA,Feminicídio,1/10/2025,0
PR,GUAÍRA,Feminicídio,1/11/2025,0
PR,GUAÍRA,Feminicídio,1/12/2025,0
PR,GUAÍRA,Tentativa de feminicídio,1/1/2025,0
PR,GUAÍRA,Tentativa de feminicídio,1/2/2025,0
PR,GUAÍRA,Tentativa de feminicídio,1/3/2025,0
PR,GUAÍRA,Tentativa de feminicídio,1/4/2025,0
PR,GUAÍRA,Tentativa de feminicídio,1/5/2025,0
PR,GUAÍRA,Tentativa de feminicídio,1/6/2025,0
PR,GUAÍRA,Tentativa de feminicídio,1/7/2025,0
PR,GUAÍRA,Tentativa de feminicídio,1/8/2025,0
PR,GUAÍRA,Tentativa de feminicídio,1/9/2025,0
PR,GUAÍRA,Tentativa de feminicídio,1/10/2025,0
PR,GUAÍRA,Tentativa de feminicídio,1/11/2025,0
PR,GUAÍRA,Tentativa de feminicídio,1/12/2025,0
PR,HONÓRIO SERPA,Feminicídio,1/1/2025,0
PR,HONÓRIO SERPA,Feminicídio,1/2/2025,0
PR,HONÓRIO SERPA,Feminicídio,1/3/2025,0
PR,HONÓRIO SERPA,Feminicídio,1/4/2025,0
PR,HONÓRIO SERPA,Feminicídio,1/5/2025,0
PR,HONÓRIO SERPA,Feminicídio,1/6/2025,0
PR,HONÓRIO SERPA,Feminicídio,1/7/2025,0
PR,HONÓRIO SERPA,Feminicídio,1/8/2025,0
PR,HONÓRIO SERPA,Feminicídio,1/9/2025,0
PR,HONÓRIO SERPA,Feminicídio,1/10/2025,0
PR,HONÓRIO SERPA,Feminicídio,1/11/2025,0
PR,HONÓRIO SERPA,Feminicídio,1/12/2025,0
PR,HONÓRIO SERPA,Tentativa de feminicídio,1/1/2025,0
PR,HONÓRIO SERPA,Tentativa de feminicídio,1/2/2025,0
PR,HONÓRIO SERPA,Tentativa de feminicídio,1/3/2025,0
PR,HONÓRIO SERPA,Tentativa de feminicídio,1/4/2025,0
PR,HONÓRIO SERPA,Tentativa de feminicídio,1/5/2025,0
PR,HONÓRIO SERPA,Tentativa de feminicídio,1/6/2025,0
PR,HONÓRIO SERPA,Tentativa de feminicídio,1/7/2025,0
PR,HONÓRIO SERPA,Tentativa de feminicídio,1/8/2025,0
PR,HONÓRIO SERPA,Tentativa de feminicídio,1/9/2025,0
PR,HONÓRIO SERPA,Tentativa de feminicídio,1/10/2025,0
PR,HONÓRIO SERPA,Tentativa de feminicídio,1/11/2025,0
PR,HONÓRIO SERPA,Tentativa de feminicídio,1/12/2025,0
PR,IBAITI,Feminicídio,1/1/2025,0
PR,IBAITI,Feminicídio,1/2/2025,0
PR,IBAITI,Feminicídio,1/3/2025,0
PR,IBAITI,Feminicídio,1/4/2025,0
PR,IBAITI,Feminicídio,1/5/2025,0
PR,IBAITI,Feminicídio,1/6/2025,0
PR,IBAITI,Feminicídio,1/7/2025,0
PR,IBAITI,Feminicídio,1/8/2025,0
PR,IBAITI,Feminicídio,1/9/2025,0
PR,IBAITI,Feminicídio,1/10/2025,0
PR,IBAITI,Feminicídio,1/11/2025,0
PR,IBAITI,Feminicídio,1/12/2025,0
PR,IBAITI,Tentativa de feminicídio,1/1/2025,0
PR,IBAITI,Tentativa de feminicídio,1/2/2025,0
PR,IBAITI,Tentativa de feminicídio,1/3/2025,0
PR,IBAITI,Tentativa de feminicídio,1/4/2025,0
PR,IBAITI,Tentativa de feminicídio,1/5/2025,0
PR,IBAITI,Tentativa de feminicídio,1/6/2025,0
PR,IBAITI,Tentativa de feminicídio,1/7/2025,0
PR,IBAITI,Tentativa de feminicídio,1/8/2025,0
PR,IBAITI,Tentativa de feminicídio,1/9/2025,0
PR,IBAITI,Tentativa de feminicídio,1/10/2025,1
PR,IBAITI,Tentativa de feminicídio,1/11/2025,0
PR,IBAITI,Tentativa de feminicídio,1/12/2025,0
PR,IBEMA,Feminicídio,1/1/2025,0
PR,IBEMA,Feminicídio,1/2/2025,0
PR,IBEMA,Feminicídio,1/3/2025,0
PR,IBEMA,Feminicídio,1/4/2025,0
PR,IBEMA,Feminicídio,1/5/2025,0
PR,IBEMA,Feminicídio,1/6/2025,0
PR,IBEMA,Feminicídio,1/7/2025,0
PR,IBEMA,Feminicídio,1/8/2025,0
PR,IBEMA,Feminicídio,1/9/2025,0
PR,IBEMA,Feminicídio,1/10/2025,0
PR,IBEMA,Feminicídio,1/11/2025,0
PR,IBEMA,Feminicídio,1/12/2025,0
PR,IBEMA,Tentativa de feminicídio,1/1/2025,0
PR,IBEMA,Tentativa de feminicídio,1/2/2025,0
PR,IBEMA,Tentativa de feminicídio,1/3/2025,0
PR,IBEMA,Tentativa de feminicídio,1/4/2025,0
PR,IBEMA,Tentativa de feminicídio,1/5/2025,0
PR,IBEMA,Tentativa de feminicídio,1/6/2025,0
PR,IBEMA,Tentativa de feminicídio,1/7/2025,0
PR,IBEMA,Tentativa de feminicídio,1/8/2025,0
PR,IBEMA,Tentativa de feminicídio,1/9/2025,0
PR,IBEMA,Tentativa de feminicídio,1/10/2025,0
PR,IBEMA,Tentativa de feminicídio,1/11/2025,0
PR,IBEMA,Tentativa de feminicídio,1/12/2025,0
PR,IBIPORÃ,Feminicídio,1/1/2025,0
PR,IBIPORÃ,Feminicídio,1/2/2025,0
PR,IBIPORÃ,Feminicídio,1/3/2025,0
PR,IBIPORÃ,Feminicídio,1/4/2025,0
PR,IBIPORÃ,Feminicídio,1/5/2025,0
PR,IBIPORÃ,Feminicídio,1/6/2025,0
PR,IBIPORÃ,Feminicídio,1/7/2025,0
PR,IBIPORÃ,Feminicídio,1/8/2025,1
PR,IBIPORÃ,Feminicídio,1/9/2025,0
PR,IBIPORÃ,Feminicídio,1/10/2025,0
PR,IBIPORÃ,Feminicídio,1/11/2025,0
PR,IBIPORÃ,Feminicídio,1/12/2025,0
PR,IBIPORÃ,Tentativa de feminicídio,1/1/2025,0
PR,IBIPORÃ,Tentativa de feminicídio,1/2/2025,0
PR,IBIPORÃ,Tentativa de feminicídio,1/3/2025,0
PR,IBIPORÃ,Tentativa de feminicídio,1/4/2025,0
PR,IBIPORÃ,Tentativa de feminicídio,1/5/2025,0
PR,IBIPORÃ,Tentativa de feminicídio,1/6/2025,0
PR,IBIPORÃ,Tentativa de feminicídio,1/7/2025,0
PR,IBIPORÃ,Tentativa de feminicídio,1/8/2025,0
PR,IBIPORÃ,Tentativa de feminicídio,1/9/2025,0
PR,IBIPORÃ,Tentativa de feminicídio,1/10/2025,0
PR,IBIPORÃ,Tentativa de feminicídio,1/11/2025,0
PR,IBIPORÃ,Tentativa de feminicídio,1/12/2025,0
PR,ICARAÍMA,Feminicídio,1/1/2025,0
PR,ICARAÍMA,Feminicídio,1/2/2025,0
PR,ICARAÍMA,Feminicídio,1/3/2025,0
PR,ICARAÍMA,Feminicídio,1/4/2025,0
PR,ICARAÍMA,Feminicídio,1/5/2025,0
PR,ICARAÍMA,Feminicídio,1/6/2025,0
PR,ICARAÍMA,Feminicídio,1/7/2025,0
PR,ICARAÍMA,Feminicídio,1/8/2025,0
PR,ICARAÍMA,Feminicídio,1/9/2025,0
PR,ICARAÍMA,Feminicídio,1/10/2025,0
PR,ICARAÍMA,Feminicídio,1/11/2025,0
PR,ICARAÍMA,Feminicídio,1/12/2025,0
PR,ICARAÍMA,Tentativa de feminicídio,1/1/2025,0
PR,ICARAÍMA,Tentativa de feminicídio,1/2/2025,0
PR,ICARAÍMA,Tentativa de feminicídio,1/3/2025,0
PR,ICARAÍMA,Tentativa de feminicídio,1/4/2025,0
PR,ICARAÍMA,Tentativa de feminicídio,1/5/2025,0
PR,ICARAÍMA,Tentativa de feminicídio,1/6/2025,0
PR,ICARAÍMA,Tentativa de feminicídio,1/7/2025,0
PR,ICARAÍMA,Tentativa de feminicídio,1/8/2025,0
PR,ICARAÍMA,Tentativa de feminicídio,1/9/2025,0
PR,ICARAÍMA,Tentativa de feminicídio,1/10/2025,0
PR,ICARAÍMA,Tentativa de feminicídio,1/11/2025,0
PR,ICARAÍMA,Tentativa de feminicídio,1/12/2025,0
PR,IGUARAÇU,Feminicídio,1/1/2025,0
PR,IGUARAÇU,Feminicídio,1/2/2025,0
PR,IGUARAÇU,Feminicídio,1/3/2025,0
PR,IGUARAÇU,Feminicídio,1/4/2025,0
PR,IGUARAÇU,Feminicídio,1/5/2025,0
PR,IGUARAÇU,Feminicídio,1/6/2025,0
PR,IGUARAÇU,Feminicídio,1/7/2025,0
PR,IGUARAÇU,Feminicídio,1/8/2025,0
PR,IGUARAÇU,Feminicídio,1/9/2025,0
PR,IGUARAÇU,Feminicídio,1/10/2025,0
PR,IGUARAÇU,Feminicídio,1/11/2025,0
PR,IGUARAÇU,Feminicídio,1/12/2025,0
PR,IGUARAÇU,Tentativa de feminicídio,1/1/2025,0
PR,IGUARAÇU,Tentativa de feminicídio,1/2/2025,0
PR,IGUARAÇU,Tentativa de feminicídio,1/3/2025,0
PR,IGUARAÇU,Tentativa de feminicídio,1/4/2025,0
PR,IGUARAÇU,Tentativa de feminicídio,1/5/2025,0
PR,IGUARAÇU,Tentativa de feminicídio,1/6/2025,0
PR,IGUARAÇU,Tentativa de feminicídio,1/7/2025,0
PR,IGUARAÇU,Tentativa de feminicídio,1/8/2025,0
PR,IGUARAÇU,Tentativa de feminicídio,1/9/2025,0
PR,IGUARAÇU,Tentativa de feminicídio,1/10/2025,0
PR,IGUARAÇU,Tentativa de feminicídio,1/11/2025,0
PR,IGUARAÇU,Tentativa de feminicídio,1/12/2025,0
PR,IGUATU,Feminicídio,1/1/2025,0
PR,IGUATU,Feminicídio,1/2/2025,0
PR,IGUATU,Feminicídio,1/3/2025,0
PR,IGUATU,Feminicídio,1/4/2025,0
PR,IGUATU,Feminicídio,1/5/2025,0
PR,IGUATU,Feminicídio,1/6/2025,0
PR,IGUATU,Feminicídio,1/7/2025,0
PR,IGUATU,Feminicídio,1/8/2025,0
PR,IGUATU,Feminicídio,1/9/2025,0
PR,IGUATU,Feminicídio,1/10/2025,0
PR,IGUATU,Feminicídio,1/11/2025,0
PR,IGUATU,Feminicídio,1/12/2025,0
PR,IGUATU,Tentativa de feminicídio,1/1/2025,0
PR,IGUATU,Tentativa de feminicídio,1/2/2025,0
PR,IGUATU,Tentativa de feminicídio,1/3/2025,0
PR,IGUATU,Tentativa de feminicídio,1/4/2025,0
PR,IGUATU,Tentativa de feminicídio,1/5/2025,0
PR,IGUATU,Tentativa de feminicídio,1/6/2025,0
PR,IGUATU,Tentativa de feminicídio,1/7/2025,0
PR,IGUATU,Tentativa de feminicídio,1/8/2025,0
PR,IGUATU,Tentativa de feminicídio,1/9/2025,0
PR,IGUATU,Tentativa de feminicídio,1/10/2025,0
PR,IGUATU,Tentativa de feminicídio,1/11/2025,0
PR,IGUATU,Tentativa de feminicídio,1/12/2025,0
PR,IMBAÚ,Feminicídio,1/1/2025,0
PR,IMBAÚ,Feminicídio,1/2/2025,0
PR,IMBAÚ,Feminicídio,1/3/2025,0
PR,IMBAÚ,Feminicídio,1/4/2025,0
PR,IMBAÚ,Feminicídio,1/5/2025,0
PR,IMBAÚ,Feminicídio,1/6/2025,0
PR,IMBAÚ,Feminicídio,1/7/2025,0
PR,IMBAÚ,Feminicídio,1/8/2025,0
PR,IMBAÚ,Feminicídio,1/9/2025,0
PR,IMBAÚ,Feminicídio,1/10/2025,0
PR,IMBAÚ,Feminicídio,1/11/2025,0
PR,IMBAÚ,Feminicídio,1/12/2025,0
PR,IMBAÚ,Tentativa de feminicídio,1/1/2025,0
PR,IMBAÚ,Tentativa de feminicídio,1/2/2025,0
PR,IMBAÚ,Tentativa de feminicídio,1/3/2025,0
PR,IMBAÚ,Tentativa de feminicídio,1/4/2025,0
PR,IMBAÚ,Tentativa de feminicídio,1/5/2025,0
PR,IMBAÚ,Tentativa de feminicídio,1/6/2025,0
PR,IMBAÚ,Tentativa de feminicídio,1/7/2025,0
PR,IMBAÚ,Tentativa de feminicídio,1/8/2025,0
PR,IMBAÚ,Tentativa de feminicídio,1/9/2025,0
PR,IMBAÚ,Tentativa de feminicídio,1/10/2025,0
PR,IMBAÚ,Tentativa de feminicídio,1/11/2025,0
PR,IMBAÚ,Tentativa de feminicídio,1/12/2025,0
PR,IMBITUVA,Feminicídio,1/1/2025,0
PR,IMBITUVA,Feminicídio,1/2/2025,0
PR,IMBITUVA,Feminicídio,1/3/2025,0
PR,IMBITUVA,Feminicídio,1/4/2025,0
PR,IMBITUVA,Feminicídio,1/5/2025,0
PR,IMBITUVA,Feminicídio,1/6/2025,0
PR,IMBITUVA,Feminicídio,1/7/2025,0
PR,IMBITUVA,Feminicídio,1/8/2025,0
PR,IMBITUVA,Feminicídio,1/9/2025,0
PR,IMBITUVA,Feminicídio,1/10/2025,0
PR,IMBITUVA,Feminicídio,1/11/2025,0
PR,IMBITUVA,Feminicídio,1/12/2025,0
PR,IMBITUVA,Tentativa de feminicídio,1/1/2025,0
PR,IMBITUVA,Tentativa de feminicídio,1/2/2025,0
PR,IMBITUVA,Tentativa de feminicídio,1/3/2025,0
PR,IMBITUVA,Tentativa de feminicídio,1/4/2025,0
PR,IMBITUVA,Tentativa de feminicídio,1/5/2025,0
PR,IMBITUVA,Tentativa de feminicídio,1/6/2025,0
PR,IMBITUVA,Tentativa de feminicídio,1/7/2025,0
PR,IMBITUVA,Tentativa de feminicídio,1/8/2025,0
PR,IMBITUVA,Tentativa de feminicídio,1/9/2025,0
PR,IMBITUVA,Tentativa de feminicídio,1/10/2025,0
PR,IMBITUVA,Tentativa de feminicídio,1/11/2025,0
PR,IMBITUVA,Tentativa de feminicídio,1/12/2025,0
PR,INAJÁ,Feminicídio,1/1/2025,0
PR,INAJÁ,Feminicídio,1/2/2025,0
PR,INAJÁ,Feminicídio,1/3/2025,0
PR,INAJÁ,Feminicídio,1/4/2025,0
PR,INAJÁ,Feminicídio,1/5/2025,0
PR,INAJÁ,Feminicídio,1/6/2025,0
PR,INAJÁ,Feminicídio,1/7/2025,0
PR,INAJÁ,Feminicídio,1/8/2025,0
PR,INAJÁ,Feminicídio,1/9/2025,0
PR,INAJÁ,Feminicídio,1/10/2025,0
PR,INAJÁ,Feminicídio,1/11/2025,0
PR,INAJÁ,Feminicídio,1/12/2025,0
PR,INAJÁ,Tentativa de feminicídio,1/1/2025,0
PR,INAJÁ,Tentativa de feminicídio,1/2/2025,0
PR,INAJÁ,Tentativa de feminicídio,1/3/2025,0
PR,INAJÁ,Tentativa de feminicídio,1/4/2025,0
PR,INAJÁ,Tentativa de feminicídio,1/5/2025,0
PR,INAJÁ,Tentativa de feminicídio,1/6/2025,0
PR,INAJÁ,Tentativa de feminicídio,1/7/2025,0
PR,INAJÁ,Tentativa de feminicídio,1/8/2025,0
PR,INAJÁ,Tentativa de feminicídio,1/9/2025,0
PR,INAJÁ,Tentativa de feminicídio,1/10/2025,0
PR,INAJÁ,Tentativa de feminicídio,1/11/2025,0
PR,INAJÁ,Tentativa de feminicídio,1/12/2025,0
PR,INDIANÓPOLIS,Feminicídio,1/1/2025,0
PR,INDIANÓPOLIS,Feminicídio,1/2/2025,0
PR,INDIANÓPOLIS,Feminicídio,1/3/2025,0
PR,INDIANÓPOLIS,Feminicídio,1/4/2025,0
PR,INDIANÓPOLIS,Feminicídio,1/5/2025,0
PR,INDIANÓPOLIS,Feminicídio,1/6/2025,0
PR,INDIANÓPOLIS,Feminicídio,1/7/2025,0
PR,INDIANÓPOLIS,Feminicídio,1/8/2025,0
PR,INDIANÓPOLIS,Feminicídio,1/9/2025,0
PR,INDIANÓPOLIS,Feminicídio,1/10/2025,0
PR,INDIANÓPOLIS,Feminicídio,1/11/2025,0
PR,INDIANÓPOLIS,Feminicídio,1/12/2025,0
PR,INDIANÓPOLIS,Tentativa de feminicídio,1/1/2025,0
PR,INDIANÓPOLIS,Tentativa de feminicídio,1/2/2025,0
PR,INDIANÓPOLIS,Tentativa de feminicídio,1/3/2025,0
PR,INDIANÓPOLIS,Tentativa de feminicídio,1/4/2025,0
PR,INDIANÓPOLIS,Tentativa de feminicídio,1/5/2025,0
PR,INDIANÓPOLIS,Tentativa de feminicídio,1/6/2025,0
PR,INDIANÓPOLIS,Tentativa de feminicídio,1/7/2025,0
PR,INDIANÓPOLIS,Tentativa de feminicídio,1/8/2025,0
PR,INDIANÓPOLIS,Tentativa de feminicídio,1/9/2025,0
PR,INDIANÓPOLIS,Tentativa de feminicídio,1/10/2025,0
PR,INDIANÓPOLIS,Tentativa de feminicídio,1/11/2025,0
PR,INDIANÓPOLIS,Tentativa de feminicídio,1/12/2025,0
PR,INÁCIO MARTINS,Feminicídio,1/1/2025,0
PR,INÁCIO MARTINS,Feminicídio,1/2/2025,0
PR,INÁCIO MARTINS,Feminicídio,1/3/2025,0
PR,INÁCIO MARTINS,Feminicídio,1/4/2025,0
PR,INÁCIO MARTINS,Feminicídio,1/5/2025,0
PR,INÁCIO MARTINS,Feminicídio,1/6/2025,0
PR,INÁCIO MARTINS,Feminicídio,1/7/2025,0
PR,INÁCIO MARTINS,Feminicídio,1/8/2025,0
PR,INÁCIO MARTINS,Feminicídio,1/9/2025,0
PR,INÁCIO MARTINS,Feminicídio,1/10/2025,0
PR,INÁCIO MARTINS,Feminicídio,1/11/2025,0
PR,INÁCIO MARTINS,Feminicídio,1/12/2025,0
PR,INÁCIO MARTINS,Tentativa de feminicídio,1/1/2025,0
PR,INÁCIO MARTINS,Tentativa de feminicídio,1/2/2025,0
PR,INÁCIO MARTINS,Tentativa de feminicídio,1/3/2025,0
PR,INÁCIO MARTINS,Tentativa de feminicídio,1/4/2025,0
PR,INÁCIO MARTINS,Tentativa de feminicídio,1/5/2025,0
PR,INÁCIO MARTINS,Tentativa de feminicídio,1/6/2025,0
PR,INÁCIO MARTINS,Tentativa de feminicídio,1/7/2025,0
PR,INÁCIO MARTINS,Tentativa de feminicídio,1/8/2025,0
PR,INÁCIO MARTINS,Tentativa de feminicídio,1/9/2025,0
PR,INÁCIO MARTINS,Tentativa de feminicídio,1/10/2025,0
PR,INÁCIO MARTINS,Tentativa de feminicídio,1/11/2025,2
PR,INÁCIO MARTINS,Tentativa de feminicídio,1/12/2025,0
PR,IPIRANGA,Feminicídio,1/1/2025,0
PR,IPIRANGA,Feminicídio,1/2/2025,0
PR,IPIRANGA,Feminicídio,1/3/2025,0
PR,IPIRANGA,Feminicídio,1/4/2025,0
PR,IPIRANGA,Feminicídio,1/5/2025,0
PR,IPIRANGA,Feminicídio,1/6/2025,0
PR,IPIRANGA,Feminicídio,1/7/2025,0
PR,IPIRANGA,Feminicídio,1/8/2025,0
PR,IPIRANGA,Feminicídio,1/9/2025,0
PR,IPIRANGA,Feminicídio,1/10/2025,0
PR,IPIRANGA,Feminicídio,1/11/2025,0
PR,IPIRANGA,Feminicídio,1/12/2025,0
PR,IPIRANGA,Tentativa de feminicídio,1/1/2025,0
PR,IPIRANGA,Tentativa de feminicídio,1/2/2025,0
PR,IPIRANGA,Tentativa de feminicídio,1/3/2025,0
PR,IPIRANGA,Tentativa de feminicídio,1/4/2025,0
PR,IPIRANGA,Tentativa de feminicídio,1/5/2025,0
PR,IPIRANGA,Tentativa de feminicídio,1/6/2025,0
PR,IPIRANGA,Tentativa de feminicídio,1/7/2025,0
PR,IPIRANGA,Tentativa de feminicídio,1/8/2025,0
PR,IPIRANGA,Tentativa de feminicídio,1/9/2025,0
PR,IPIRANGA,Tentativa de feminicídio,1/10/2025,0
PR,IPIRANGA,Tentativa de feminicídio,1/11/2025,0
PR,IPIRANGA,Tentativa de feminicídio,1/12/2025,0
PR,IPORÃ,Feminicídio,1/1/2025,0
PR,IPORÃ,Feminicídio,1/2/2025,0
PR,IPORÃ,Feminicídio,1/3/2025,1
PR,IPORÃ,Feminicídio,1/4/2025,0
PR,IPORÃ,Feminicídio,1/5/2025,0
PR,IPORÃ,Feminicídio,1/6/2025,0
PR,IPORÃ,Feminicídio,1/7/2025,0
PR,IPORÃ,Feminicídio,1/8/2025,0
PR,IPORÃ,Feminicídio,1/9/2025,0
PR,IPORÃ,Feminicídio,1/10/2025,0
PR,IPORÃ,Feminicídio,1/11/2025,0
PR,IPORÃ,Feminicídio,1/12/2025,0
PR,IPORÃ,Tentativa de feminicídio,1/1/2025,0
PR,IPORÃ,Tentativa de feminicídio,1/2/2025,0
PR,IPORÃ,Tentativa de feminicídio,1/3/2025,0
PR,IPORÃ,Tentativa de feminicídio,1/4/2025,0
PR,IPORÃ,Tentativa de feminicídio,1/5/2025,0
PR,IPORÃ,Tentativa de feminicídio,1/6/2025,0
PR,IPORÃ,Tentativa de feminicídio,1/7/2025,0
PR,IPORÃ,Tentativa de feminicídio,1/8/2025,0
PR,IPORÃ,Tentativa de feminicídio,1/9/2025,0
PR,IPORÃ,Tentativa de feminicídio,1/10/2025,0
PR,IPORÃ,Tentativa de feminicídio,1/11/2025,0
PR,IPORÃ,Tentativa de feminicídio,1/12/2025,0
PR,IRACEMA DO OESTE,Feminicídio,1/1/2025,0
PR,IRACEMA DO OESTE,Feminicídio,1/2/2025,0
PR,IRACEMA DO OESTE,Feminicídio,1/3/2025,0
PR,IRACEMA DO OESTE,Feminicídio,1/4/2025,0
PR,IRACEMA DO OESTE,Feminicídio,1/5/2025,0
PR,IRACEMA DO OESTE,Feminicídio,1/6/2025,0
PR,IRACEMA DO OESTE,Feminicídio,1/7/2025,0
PR,IRACEMA DO OESTE,Feminicídio,1/8/2025,0
PR,IRACEMA DO OESTE,Feminicídio,1/9/2025,0
PR,IRACEMA DO OESTE,Feminicídio,1/10/2025,0
PR,IRACEMA DO OESTE,Feminicídio,1/11/2025,0
PR,IRACEMA DO OESTE,Feminicídio,1/12/2025,0
PR,IRACEMA DO OESTE,Tentativa de feminicídio,1/1/2025,0
PR,IRACEMA DO OESTE,Tentativa de feminicídio,1/2/2025,0
PR,IRACEMA DO OESTE,Tentativa de feminicídio,1/3/2025,0
PR,IRACEMA DO OESTE,Tentativa de feminicídio,1/4/2025,0
PR,IRACEMA DO OESTE,Tentativa de feminicídio,1/5/2025,0
PR,IRACEMA DO OESTE,Tentativa de feminicídio,1/6/2025,0
PR,IRACEMA DO OESTE,Tentativa de feminicídio,1/7/2025,0
PR,IRACEMA DO OESTE,Tentativa de feminicídio,1/8/2025,0
PR,IRACEMA DO OESTE,Tentativa de feminicídio,1/9/2025,0
PR,IRACEMA DO OESTE,Tentativa de feminicídio,1/10/2025,0
PR,IRACEMA DO OESTE,Tentativa de feminicídio,1/11/2025,0
PR,IRACEMA DO OESTE,Tentativa de feminicídio,1/12/2025,0
PR,IRATI,Feminicídio,1/1/2025,0
PR,IRATI,Feminicídio,1/2/2025,0
PR,IRATI,Feminicídio,1/3/2025,0
PR,IRATI,Feminicídio,1/4/2025,0
PR,IRATI,Feminicídio,1/5/2025,0
PR,IRATI,Feminicídio,1/6/2025,0
PR,IRATI,Feminicídio,1/7/2025,0
PR,IRATI,Feminicídio,1/8/2025,1
PR,IRATI,Feminicídio,1/9/2025,0
PR,IRATI,Feminicídio,1/10/2025,0
PR,IRATI,Feminicídio,1/11/2025,0
PR,IRATI,Feminicídio,1/12/2025,0
PR,IRATI,Tentativa de feminicídio,1/1/2025,0
PR,IRATI,Tentativa de feminicídio,1/2/2025,0
PR,IRATI,Tentativa de feminicídio,1/3/2025,0
PR,IRATI,Tentativa de feminicídio,1/4/2025,0
PR,IRATI,Tentativa de feminicídio,1/5/2025,0
PR,IRATI,Tentativa de feminicídio,1/6/2025,0
PR,IRATI,Tentativa de feminicídio,1/7/2025,0
PR,IRATI,Tentativa de feminicídio,1/8/2025,0
PR,IRATI,Tentativa de feminicídio,1/9/2025,0
PR,IRATI,Tentativa de feminicídio,1/10/2025,0
PR,IRATI,Tentativa de feminicídio,1/11/2025,0
PR,IRATI,Tentativa de feminicídio,1/12/2025,0
PR,IRETAMA,Feminicídio,1/1/2025,0
PR,IRETAMA,Feminicídio,1/2/2025,0
PR,IRETAMA,Feminicídio,1/3/2025,0
PR,IRETAMA,Feminicídio,1/4/2025,0
PR,IRETAMA,Feminicídio,1/5/2025,0
PR,IRETAMA,Feminicídio,1/6/2025,0
PR,IRETAMA,Feminicídio,1/7/2025,0
PR,IRETAMA,Feminicídio,1/8/2025,0
PR,IRETAMA,Feminicídio,1/9/2025,0
PR,IRETAMA,Feminicídio,1/10/2025,0
PR,IRETAMA,Feminicídio,1/11/2025,0
PR,IRETAMA,Feminicídio,1/12/2025,0
PR,IRETAMA,Tentativa de feminicídio,1/1/2025,0
PR,IRETAMA,Tentativa de feminicídio,1/2/2025,0
PR,IRETAMA,Tentativa de feminicídio,1/3/2025,0
PR,IRETAMA,Tentativa de feminicídio,1/4/2025,0
PR,IRETAMA,Tentativa de feminicídio,1/5/2025,0
PR,IRETAMA,Tentativa de feminicídio,1/6/2025,0
PR,IRETAMA,Tentativa de feminicídio,1/7/2025,0
PR,IRETAMA,Tentativa de feminicídio,1/8/2025,0
PR,IRETAMA,Tentativa de feminicídio,1/9/2025,0
PR,IRETAMA,Tentativa de feminicídio,1/10/2025,0
PR,IRETAMA,Tentativa de feminicídio,1/11/2025,0
PR,IRETAMA,Tentativa de feminicídio,1/12/2025,0
PR,ITAGUAJÉ,Feminicídio,1/1/2025,0
PR,ITAGUAJÉ,Feminicídio,1/2/2025,0
PR,ITAGUAJÉ,Feminicídio,1/3/2025,0
PR,ITAGUAJÉ,Feminicídio,1/4/2025,0
PR,ITAGUAJÉ,Feminicídio,1/5/2025,0
PR,ITAGUAJÉ,Feminicídio,1/6/2025,0
PR,ITAGUAJÉ,Feminicídio,1/7/2025,0
PR,ITAGUAJÉ,Feminicídio,1/8/2025,0
PR,ITAGUAJÉ,Feminicídio,1/9/2025,0
PR,ITAGUAJÉ,Feminicídio,1/10/2025,0
PR,ITAGUAJÉ,Feminicídio,1/11/2025,0
PR,ITAGUAJÉ,Feminicídio,1/12/2025,0
PR,ITAGUAJÉ,Tentativa de feminicídio,1/1/2025,0
PR,ITAGUAJÉ,Tentativa de feminicídio,1/2/2025,0
PR,ITAGUAJÉ,Tentativa de feminicídio,1/3/2025,0
PR,ITAGUAJÉ,Tentativa de feminicídio,1/4/2025,0
PR,ITAGUAJÉ,Tentativa de feminicídio,1/5/2025,0
PR,ITAGUAJÉ,Tentativa de feminicídio,1/6/2025,0
PR,ITAGUAJÉ,Tentativa de feminicídio,1/7/2025,0
PR,ITAGUAJÉ,Tentativa de feminicídio,1/8/2025,0
PR,ITAGUAJÉ,Tentativa de feminicídio,1/9/2025,0
PR,ITAGUAJÉ,Tentativa de feminicídio,1/10/2025,0
PR,ITAGUAJÉ,Tentativa de feminicídio,1/11/2025,0
PR,ITAGUAJÉ,Tentativa de feminicídio,1/12/2025,0
PR,ITAIPULÂNDIA,Feminicídio,1/1/2025,0
PR,ITAIPULÂNDIA,Feminicídio,1/2/2025,0
PR,ITAIPULÂNDIA,Feminicídio,1/3/2025,0
PR,ITAIPULÂNDIA,Feminicídio,1/4/2025,0
PR,ITAIPULÂNDIA,Feminicídio,1/5/2025,0
PR,ITAIPULÂNDIA,Feminicídio,1/6/2025,0
PR,ITAIPULÂNDIA,Feminicídio,1/7/2025,0
PR,ITAIPULÂNDIA,Feminicídio,1/8/2025,0
PR,ITAIPULÂNDIA,Feminicídio,1/9/2025,0
PR,ITAIPULÂNDIA,Feminicídio,1/10/2025,0
PR,ITAIPULÂNDIA,Feminicídio,1/11/2025,0
PR,ITAIPULÂNDIA,Feminicídio,1/12/2025,0
PR,ITAIPULÂNDIA,Tentativa de feminicídio,1/1/2025,0
PR,ITAIPULÂNDIA,Tentativa de feminicídio,1/2/2025,0
PR,ITAIPULÂNDIA,Tentativa de feminicídio,1/3/2025,0
PR,ITAIPULÂNDIA,Tentativa de feminicídio,1/4/2025,0
PR,ITAIPULÂNDIA,Tentativa de feminicídio,1/5/2025,0
PR,ITAIPULÂNDIA,Tentativa de feminicídio,1/6/2025,0
PR,ITAIPULÂNDIA,Tentativa de feminicídio,1/7/2025,0
PR,ITAIPULÂNDIA,Tentativa de feminicídio,1/8/2025,0
PR,ITAIPULÂNDIA,Tentativa de feminicídio,1/9/2025,0
PR,ITAIPULÂNDIA,Tentativa de feminicídio,1/10/2025,0
PR,ITAIPULÂNDIA,Tentativa de feminicídio,1/11/2025,0
PR,ITAIPULÂNDIA,Tentativa de feminicídio,1/12/2025,0
PR,ITAMBARACÁ,Feminicídio,1/1/2025,0
PR,ITAMBARACÁ,Feminicídio,1/2/2025,0
PR,ITAMBARACÁ,Feminicídio,1/3/2025,0
PR,ITAMBARACÁ,Feminicídio,1/4/2025,0
PR,ITAMBARACÁ,Feminicídio,1/5/2025,0
PR,ITAMBARACÁ,Feminicídio,1/6/2025,0
PR,ITAMBARACÁ,Feminicídio,1/7/2025,0
PR,ITAMBARACÁ,Feminicídio,1/8/2025,0
PR,ITAMBARACÁ,Feminicídio,1/9/2025,0
PR,ITAMBARACÁ,Feminicídio,1/10/2025,0
PR,ITAMBARACÁ,Feminicídio,1/11/2025,0
PR,ITAMBARACÁ,Feminicídio,1/12/2025,0
PR,ITAMBARACÁ,Tentativa de feminicídio,1/1/2025,0
PR,ITAMBARACÁ,Tentativa de feminicídio,1/2/2025,0
PR,ITAMBARACÁ,Tentativa de feminicídio,1/3/2025,0
PR,ITAMBARACÁ,Tentativa de feminicídio,1/4/2025,0
PR,ITAMBARACÁ,Tentativa de feminicídio,1/5/2025,0
PR,ITAMBARACÁ,Tentativa de feminicídio,1/6/2025,0
PR,ITAMBARACÁ,Tentativa de feminicídio,1/7/2025,0
PR,ITAMBARACÁ,Tentativa de feminicídio,1/8/2025,0
PR,ITAMBARACÁ,Tentativa de feminicídio,1/9/2025,0
PR,ITAMBARACÁ,Tentativa de feminicídio,1/10/2025,0
PR,ITAMBARACÁ,Tentativa de feminicídio,1/11/2025,0
PR,ITAMBARACÁ,Tentativa de feminicídio,1/12/2025,0
PR,ITAMBÉ,Feminicídio,1/1/2025,0
PR,ITAMBÉ,Feminicídio,1/2/2025,0
PR,ITAMBÉ,Feminicídio,1/3/2025,0
PR,ITAMBÉ,Feminicídio,1/4/2025,0
PR,ITAMBÉ,Feminicídio,1/5/2025,0
PR,ITAMBÉ,Feminicídio,1/6/2025,0
PR,ITAMBÉ,Feminicídio,1/7/2025,0
PR,ITAMBÉ,Feminicídio,1/8/2025,0
PR,ITAMBÉ,Feminicídio,1/9/2025,0
PR,ITAMBÉ,Feminicídio,1/10/2025,0
PR,ITAMBÉ,Feminicídio,1/11/2025,0
PR,ITAMBÉ,Feminicídio,1/12/2025,0
PR,ITAMBÉ,Tentativa de feminicídio,1/1/2025,0
PR,ITAMBÉ,Tentativa de feminicídio,1/2/2025,0
PR,ITAMBÉ,Tentativa de feminicídio,1/3/2025,0
PR,ITAMBÉ,Tentativa de feminicídio,1/4/2025,0
PR,ITAMBÉ,Tentativa de feminicídio,1/5/2025,0
PR,ITAMBÉ,Tentativa de feminicídio,1/6/2025,0
PR,ITAMBÉ,Tentativa de feminicídio,1/7/2025,0
PR,ITAMBÉ,Tentativa de feminicídio,1/8/2025,0
PR,ITAMBÉ,Tentativa de feminicídio,1/9/2025,0
PR,ITAMBÉ,Tentativa de feminicídio,1/10/2025,0
PR,ITAMBÉ,Tentativa de feminicídio,1/11/2025,0
PR,ITAMBÉ,Tentativa de feminicídio,1/12/2025,0
PR,ITAPEJARA D'OESTE,Feminicídio,1/1/2025,0
PR,ITAPEJARA D'OESTE,Feminicídio,1/2/2025,0
PR,ITAPEJARA D'OESTE,Feminicídio,1/3/2025,0
PR,ITAPEJARA D'OESTE,Feminicídio,1/4/2025,0
PR,ITAPEJARA D'OESTE,Feminicídio,1/5/2025,0
PR,ITAPEJARA D'OESTE,Feminicídio,1/6/2025,0
PR,ITAPEJARA D'OESTE,Feminicídio,1/7/2025,0
PR,ITAPEJARA D'OESTE,Feminicídio,1/8/2025,0
PR,ITAPEJARA D'OESTE,Feminicídio,1/9/2025,0
PR,ITAPEJARA D'OESTE,Feminicídio,1/10/2025,0
PR,ITAPEJARA D'OESTE,Feminicídio,1/11/2025,0
PR,ITAPEJARA D'OESTE,Feminicídio,1/12/2025,1
PR,ITAPEJARA D'OESTE,Tentativa de feminicídio,1/1/2025,0
PR,ITAPEJARA D'OESTE,Tentativa de feminicídio,1/2/2025,0
PR,ITAPEJARA D'OESTE,Tentativa de feminicídio,1/3/2025,0
PR,ITAPEJARA D'OESTE,Tentativa de feminicídio,1/4/2025,0
PR,ITAPEJARA D'OESTE,Tentativa de feminicídio,1/5/2025,0
PR,ITAPEJARA D'OESTE,Tentativa de feminicídio,1/6/2025,0
PR,ITAPEJARA D'OESTE,Tentativa de feminicídio,1/7/2025,0
PR,ITAPEJARA D'OESTE,Tentativa de feminicídio,1/8/2025,0
PR,ITAPEJARA D'OESTE,Tentativa de feminicídio,1/9/2025,0
PR,ITAPEJARA D'OESTE,Tentativa de feminicídio,1/10/2025,0
PR,ITAPEJARA D'OESTE,Tentativa de feminicídio,1/11/2025,0
PR,ITAPEJARA D'OESTE,Tentativa de feminicídio,1/12/2025,0
PR,ITAPERUÇU,Feminicídio,1/1/2025,0
PR,ITAPERUÇU,Feminicídio,1/2/2025,0
PR,ITAPERUÇU,Feminicídio,1/3/2025,0
PR,ITAPERUÇU,Feminicídio,1/4/2025,0
PR,ITAPERUÇU,Feminicídio,1/5/2025,0
PR,ITAPERUÇU,Feminicídio,1/6/2025,0
PR,ITAPERUÇU,Feminicídio,1/7/2025,0
PR,ITAPERUÇU,Feminicídio,1/8/2025,0
PR,ITAPERUÇU,Feminicídio,1/9/2025,0
PR,ITAPERUÇU,Feminicídio,1/10/2025,0
PR,ITAPERUÇU,Feminicídio,1/11/2025,0
PR,ITAPERUÇU,Feminicídio,1/12/2025,0
PR,ITAPERUÇU,Tentativa de feminicídio,1/1/2025,0
PR,ITAPERUÇU,Tentativa de feminicídio,1/2/2025,0
PR,ITAPERUÇU,Tentativa de feminicídio,1/3/2025,0
PR,ITAPERUÇU,Tentativa de feminicídio,1/4/2025,0
PR,ITAPERUÇU,Tentativa de feminicídio,1/5/2025,0
PR,ITAPERUÇU,Tentativa de feminicídio,1/6/2025,0
PR,ITAPERUÇU,Tentativa de feminicídio,1/7/2025,0
PR,ITAPERUÇU,Tentativa de feminicídio,1/8/2025,0
PR,ITAPERUÇU,Tentativa de feminicídio,1/9/2025,0
PR,ITAPERUÇU,Tentativa de feminicídio,1/10/2025,0
PR,ITAPERUÇU,Tentativa de feminicídio,1/11/2025,0
PR,ITAPERUÇU,Tentativa de feminicídio,1/12/2025,0
PR,ITAÚNA DO SUL,Feminicídio,1/1/2025,0
PR,ITAÚNA DO SUL,Feminicídio,1/2/2025,0
PR,ITAÚNA DO SUL,Feminicídio,1/3/2025,0
PR,ITAÚNA DO SUL,Feminicídio,1/4/2025,0
PR,ITAÚNA DO SUL,Feminicídio,1/5/2025,0
PR,ITAÚNA DO SUL,Feminicídio,1/6/2025,0
PR,ITAÚNA DO SUL,Feminicídio,1/7/2025,0
PR,ITAÚNA DO SUL,Feminicídio,1/8/2025,0
PR,ITAÚNA DO SUL,Feminicídio,1/9/2025,0
PR,ITAÚNA DO SUL,Feminicídio,1/10/2025,0
PR,ITAÚNA DO SUL,Feminicídio,1/11/2025,0
PR,ITAÚNA DO SUL,Feminicídio,1/12/2025,0
PR,ITAÚNA DO SUL,Tentativa de feminicídio,1/1/2025,0
PR,ITAÚNA DO SUL,Tentativa de feminicídio,1/2/2025,0
PR,ITAÚNA DO SUL,Tentativa de feminicídio,1/3/2025,0
PR,ITAÚNA DO SUL,Tentativa de feminicídio,1/4/2025,0
PR,ITAÚNA DO SUL,Tentativa de feminicídio,1/5/2025,0
PR,ITAÚNA DO SUL,Tentativa de feminicídio,1/6/2025,0
PR,ITAÚNA DO SUL,Tentativa de feminicídio,1/7/2025,0
PR,ITAÚNA DO SUL,Tentativa de feminicídio,1/8/2025,0
PR,ITAÚNA DO SUL,Tentativa de feminicídio,1/9/2025,0
PR,ITAÚNA DO SUL,Tentativa de feminicídio,1/10/2025,0
PR,ITAÚNA DO SUL,Tentativa de feminicídio,1/11/2025,0
PR,ITAÚNA DO SUL,Tentativa de feminicídio,1/12/2025,0
PR,IVAIPORÃ,Feminicídio,1/1/2025,0
PR,IVAIPORÃ,Feminicídio,1/2/2025,0
PR,IVAIPORÃ,Feminicídio,1/3/2025,0
PR,IVAIPORÃ,Feminicídio,1/4/2025,0
PR,IVAIPORÃ,Feminicídio,1/5/2025,0
PR,IVAIPORÃ,Feminicídio,1/6/2025,0
PR,IVAIPORÃ,Feminicídio,1/7/2025,0
PR,IVAIPORÃ,Feminicídio,1/8/2025,0
PR,IVAIPORÃ,Feminicídio,1/9/2025,0
PR,IVAIPORÃ,Feminicídio,1/10/2025,0
PR,IVAIPORÃ,Feminicídio,1/11/2025,0
PR,IVAIPORÃ,Feminicídio,1/12/2025,0
PR,IVAIPORÃ,Tentativa de feminicídio,1/1/2025,0
PR,IVAIPORÃ,Tentativa de feminicídio,1/2/2025,0
PR,IVAIPORÃ,Tentativa de feminicídio,1/3/2025,0
PR,IVAIPORÃ,Tentativa de feminicídio,1/4/2025,0
PR,IVAIPORÃ,Tentativa de feminicídio,1/5/2025,0
PR,IVAIPORÃ,Tentativa de feminicídio,1/6/2025,0
PR,IVAIPORÃ,Tentativa de feminicídio,1/7/2025,0
PR,IVAIPORÃ,Tentativa de feminicídio,1/8/2025,0
PR,IVAIPORÃ,Tentativa de feminicídio,1/9/2025,0
PR,IVAIPORÃ,Tentativa de feminicídio,1/10/2025,0
PR,IVAIPORÃ,Tentativa de feminicídio,1/11/2025,0
PR,IVAIPORÃ,Tentativa de feminicídio,1/12/2025,0
PR,IVATUBA,Feminicídio,1/1/2025,0
PR,IVATUBA,Feminicídio,1/2/2025,0
PR,IVATUBA,Feminicídio,1/3/2025,0
PR,IVATUBA,Feminicídio,1/4/2025,0
PR,IVATUBA,Feminicídio,1/5/2025,0
PR,IVATUBA,Feminicídio,1/6/2025,0
PR,IVATUBA,Feminicídio,1/7/2025,0
PR,IVATUBA,Feminicídio,1/8/2025,0
PR,IVATUBA,Feminicídio,1/9/2025,0
PR,IVATUBA,Feminicídio,1/10/2025,0
PR,IVATUBA,Feminicídio,1/11/2025,0
PR,IVATUBA,Feminicídio,1/12/2025,0
PR,IVATUBA,Tentativa de feminicídio,1/1/2025,0
PR,IVATUBA,Tentativa de feminicídio,1/2/2025,0
PR,IVATUBA,Tentativa de feminicídio,1/3/2025,0
PR,IVATUBA,Tentativa de feminicídio,1/4/2025,0
PR,IVATUBA,Tentativa de feminicídio,1/5/2025,0
PR,IVATUBA,Tentativa de feminicídio,1/6/2025,0
PR,IVATUBA,Tentativa de feminicídio,1/7/2025,0
PR,IVATUBA,Tentativa de feminicídio,1/8/2025,0
PR,IVATUBA,Tentativa de feminicídio,1/9/2025,0
PR,IVATUBA,Tentativa de feminicídio,1/10/2025,0
PR,IVATUBA,Tentativa de feminicídio,1/11/2025,0
PR,IVATUBA,Tentativa de feminicídio,1/12/2025,0
PR,IVATÉ,Feminicídio,1/1/2025,0
PR,IVATÉ,Feminicídio,1/2/2025,0
PR,IVATÉ,Feminicídio,1/3/2025,0
PR,IVATÉ,Feminicídio,1/4/2025,0
PR,IVATÉ,Feminicídio,1/5/2025,0
PR,IVATÉ,Feminicídio,1/6/2025,0
PR,IVATÉ,Feminicídio,1/7/2025,0
PR,IVATÉ,Feminicídio,1/8/2025,0
PR,IVATÉ,Feminicídio,1/9/2025,0
PR,IVATÉ,Feminicídio,1/10/2025,0
PR,IVATÉ,Feminicídio,1/11/2025,0
PR,IVATÉ,Feminicídio,1/12/2025,0
PR,IVATÉ,Tentativa de feminicídio,1/1/2025,0
PR,IVATÉ,Tentativa de feminicídio,1/2/2025,0
PR,IVATÉ,Tentativa de feminicídio,1/3/2025,0
PR,IVATÉ,Tentativa de feminicídio,1/4/2025,0
PR,IVATÉ,Tentativa de feminicídio,1/5/2025,0
PR,IVATÉ,Tentativa de feminicídio,1/6/2025,0
PR,IVATÉ,Tentativa de feminicídio,1/7/2025,0
PR,IVATÉ,Tentativa de feminicídio,1/8/2025,0
PR,IVATÉ,Tentativa de feminicídio,1/9/2025,0
PR,IVATÉ,Tentativa de feminicídio,1/10/2025,0
PR,IVATÉ,Tentativa de feminicídio,1/11/2025,0
PR,IVATÉ,Tentativa de feminicídio,1/12/2025,0
PR,IVAÍ,Feminicídio,1/1/2025,0
PR,IVAÍ,Feminicídio,1/2/2025,0
PR,IVAÍ,Feminicídio,1/3/2025,0
PR,IVAÍ,Feminicídio,1/4/2025,0
PR,IVAÍ,Feminicídio,1/5/2025,0
PR,IVAÍ,Feminicídio,1/6/2025,0
PR,IVAÍ,Feminicídio,1/7/2025,0
PR,IVAÍ,Feminicídio,1/8/2025,0
PR,IVAÍ,Feminicídio,1/9/2025,0
PR,IVAÍ,Feminicídio,1/10/2025,0
PR,IVAÍ,Feminicídio,1/11/2025,0
PR,IVAÍ,Feminicídio,1/12/2025,0
PR,IVAÍ,Tentativa de feminicídio,1/1/2025,0
PR,IVAÍ,Tentativa de feminicídio,1/2/2025,0
PR,IVAÍ,Tentativa de feminicídio,1/3/2025,0
PR,IVAÍ,Tentativa de feminicídio,1/4/2025,0
PR,IVAÍ,Tentativa de feminicídio,1/5/2025,0
PR,IVAÍ,Tentativa de feminicídio,1/6/2025,0
PR,IVAÍ,Tentativa de feminicídio,1/7/2025,0
PR,IVAÍ,Tentativa de feminicídio,1/8/2025,0
PR,IVAÍ,Tentativa de feminicídio,1/9/2025,0
PR,IVAÍ,Tentativa de feminicídio,1/10/2025,0
PR,IVAÍ,Tentativa de feminicídio,1/11/2025,0
PR,IVAÍ,Tentativa de feminicídio,1/12/2025,0
PR,JABOTI,Feminicídio,1/1/2025,0
PR,JABOTI,Feminicídio,1/2/2025,0
PR,JABOTI,Feminicídio,1/3/2025,0
PR,JABOTI,Feminicídio,1/4/2025,0
PR,JABOTI,Feminicídio,1/5/2025,0
PR,JABOTI,Feminicídio,1/6/2025,0
PR,JABOTI,Feminicídio,1/7/2025,0
PR,JABOTI,Feminicídio,1/8/2025,0
PR,JABOTI,Feminicídio,1/9/2025,0
PR,JABOTI,Feminicídio,1/10/2025,0
PR,JABOTI,Feminicídio,1/11/2025,0
PR,JABOTI,Feminicídio,1/12/2025,0
PR,JABOTI,Tentativa de feminicídio,1/1/2025,0
PR,JABOTI,Tentativa de feminicídio,1/2/2025,0
PR,JABOTI,Tentativa de feminicídio,1/3/2025,0
PR,JABOTI,Tentativa de feminicídio,1/4/2025,0
PR,JABOTI,Tentativa de feminicídio,1/5/2025,0
PR,JABOTI,Tentativa de feminicídio,1/6/2025,0
PR,JABOTI,Tentativa de feminicídio,1/7/2025,0
PR,JABOTI,Tentativa de feminicídio,1/8/2025,0
PR,JABOTI,Tentativa de feminicídio,1/9/2025,0
PR,JABOTI,Tentativa de feminicídio,1/10/2025,0
PR,JABOTI,Tentativa de feminicídio,1/11/2025,0
PR,JABOTI,Tentativa de feminicídio,1/12/2025,0
PR,JACAREZINHO,Feminicídio,1/1/2025,0
PR,JACAREZINHO,Feminicídio,1/2/2025,0
PR,JACAREZINHO,Feminicídio,1/3/2025,0
PR,JACAREZINHO,Feminicídio,1/4/2025,0
PR,JACAREZINHO,Feminicídio,1/5/2025,0
PR,JACAREZINHO,Feminicídio,1/6/2025,0
PR,JACAREZINHO,Feminicídio,1/7/2025,0
PR,JACAREZINHO,Feminicídio,1/8/2025,0
PR,JACAREZINHO,Feminicídio,1/9/2025,0
PR,JACAREZINHO,Feminicídio,1/10/2025,0
PR,JACAREZINHO,Feminicídio,1/11/2025,0
PR,JACAREZINHO,Feminicídio,1/12/2025,0
PR,JACAREZINHO,Tentativa de feminicídio,1/1/2025,0
PR,JACAREZINHO,Tentativa de feminicídio,1/2/2025,0
PR,JACAREZINHO,Tentativa de feminicídio,1/3/2025,0
PR,JACAREZINHO,Tentativa de feminicídio,1/4/2025,0
PR,JACAREZINHO,Tentativa de feminicídio,1/5/2025,0
PR,JACAREZINHO,Tentativa de feminicídio,1/6/2025,0
PR,JACAREZINHO,Tentativa de feminicídio,1/7/2025,0
PR,JACAREZINHO,Tentativa de feminicídio,1/8/2025,0
PR,JACAREZINHO,Tentativa de feminicídio,1/9/2025,0
PR,JACAREZINHO,Tentativa de feminicídio,1/10/2025,0
PR,JACAREZINHO,Tentativa de feminicídio,1/11/2025,0
PR,JACAREZINHO,Tentativa de feminicídio,1/12/2025,0
PR,JAGUAPITÃ,Feminicídio,1/1/2025,0
PR,JAGUAPITÃ,Feminicídio,1/2/2025,0
PR,JAGUAPITÃ,Feminicídio,1/3/2025,0
PR,JAGUAPITÃ,Feminicídio,1/4/2025,1
PR,JAGUAPITÃ,Feminicídio,1/5/2025,0
PR,JAGUAPITÃ,Feminicídio,1/6/2025,0
PR,JAGUAPITÃ,Feminicídio,1/7/2025,0
PR,JAGUAPITÃ,Feminicídio,1/8/2025,0
PR,JAGUAPITÃ,Feminicídio,1/9/2025,0
PR,JAGUAPITÃ,Feminicídio,1/10/2025,0
PR,JAGUAPITÃ,Feminicídio,1/11/2025,0
PR,JAGUAPITÃ,Feminicídio,1/12/2025,0
PR,JAGUAPITÃ,Tentativa de feminicídio,1/1/2025,0
PR,JAGUAPITÃ,Tentativa de feminicídio,1/2/2025,0
PR,JAGUAPITÃ,Tentativa de feminicídio,1/3/2025,0
PR,JAGUAPITÃ,Tentativa de feminicídio,1/4/2025,0
PR,JAGUAPITÃ,Tentativa de feminicídio,1/5/2025,0
PR,JAGUAPITÃ,Tentativa de feminicídio,1/6/2025,0
PR,JAGUAPITÃ,Tentativa de feminicídio,1/7/2025,0
PR,JAGUAPITÃ,Tentativa de feminicídio,1/8/2025,0
PR,JAGUAPITÃ,Tentativa de feminicídio,1/9/2025,0
PR,JAGUAPITÃ,Tentativa de feminicídio,1/10/2025,0
PR,JAGUAPITÃ,Tentativa de feminicídio,1/11/2025,0
PR,JAGUAPITÃ,Tentativa de feminicídio,1/12/2025,0
PR,JAGUARIAÍVA,Feminicídio,1/1/2025,0
PR,JAGUARIAÍVA,Feminicídio,1/2/2025,0
PR,JAGUARIAÍVA,Feminicídio,1/3/2025,0
PR,JAGUARIAÍVA,Feminicídio,1/4/2025,0
PR,JAGUARIAÍVA,Feminicídio,1/5/2025,0
PR,JAGUARIAÍVA,Feminicídio,1/6/2025,0
PR,JAGUARIAÍVA,Feminicídio,1/7/2025,0
PR,JAGUARIAÍVA,Feminicídio,1/8/2025,0
PR,JAGUARIAÍVA,Feminicídio,1/9/2025,0
PR,JAGUARIAÍVA,Feminicídio,1/10/2025,0
PR,JAGUARIAÍVA,Feminicídio,1/11/2025,0
PR,JAGUARIAÍVA,Feminicídio,1/12/2025,0
PR,JAGUARIAÍVA,Tentativa de feminicídio,1/1/2025,0
PR,JAGUARIAÍVA,Tentativa de feminicídio,1/2/2025,0
PR,JAGUARIAÍVA,Tentativa de feminicídio,1/3/2025,0
PR,JAGUARIAÍVA,Tentativa de feminicídio,1/4/2025,0
PR,JAGUARIAÍVA,Tentativa de feminicídio,1/5/2025,0
PR,JAGUARIAÍVA,Tentativa de feminicídio,1/6/2025,0
PR,JAGUARIAÍVA,Tentativa de feminicídio,1/7/2025,0
PR,JAGUARIAÍVA,Tentativa de feminicídio,1/8/2025,0
PR,JAGUARIAÍVA,Tentativa de feminicídio,1/9/2025,0
PR,JAGUARIAÍVA,Tentativa de feminicídio,1/10/2025,0
PR,JAGUARIAÍVA,Tentativa de feminicídio,1/11/2025,0
PR,JAGUARIAÍVA,Tentativa de feminicídio,1/12/2025,0
PR,JANDAIA DO SUL,Feminicídio,1/1/2025,1
PR,JANDAIA DO SUL,Feminicídio,1/2/2025,0
PR,JANDAIA DO SUL,Feminicídio,1/3/2025,0
PR,JANDAIA DO SUL,Feminicídio,1/4/2025,0
PR,JANDAIA DO SUL,Feminicídio,1/5/2025,0
PR,JANDAIA DO SUL,Feminicídio,1/6/2025,0
PR,JANDAIA DO SUL,Feminicídio,1/7/2025,0
PR,JANDAIA DO SUL,Feminicídio,1/8/2025,0
PR,JANDAIA DO SUL,Feminicídio,1/9/2025,0
PR,JANDAIA DO SUL,Feminicídio,1/10/2025,0
PR,JANDAIA DO SUL,Feminicídio,1/11/2025,0
PR,JANDAIA DO SUL,Feminicídio,1/12/2025,0
PR,JANDAIA DO SUL,Tentativa de feminicídio,1/1/2025,0
PR,JANDAIA DO SUL,Tentativa de feminicídio,1/2/2025,1
PR,JANDAIA DO SUL,Tentativa de feminicídio,1/3/2025,0
PR,JANDAIA DO SUL,Tentativa de feminicídio,1/4/2025,0
PR,JANDAIA DO SUL,Tentativa de feminicídio,1/5/2025,0
PR,JANDAIA DO SUL,Tentativa de feminicídio,1/6/2025,0
PR,JANDAIA DO SUL,Tentativa de feminicídio,1/7/2025,0
PR,JANDAIA DO SUL,Tentativa de feminicídio,1/8/2025,0
PR,JANDAIA DO SUL,Tentativa de feminicídio,1/9/2025,0
PR,JANDAIA DO SUL,Tentativa de feminicídio,1/10/2025,0
PR,JANDAIA DO SUL,Tentativa de feminicídio,1/11/2025,0
PR,JANDAIA DO SUL,Tentativa de feminicídio,1/12/2025,0
PR,JANIÓPOLIS,Feminicídio,1/1/2025,0
PR,JANIÓPOLIS,Feminicídio,1/2/2025,0
PR,JANIÓPOLIS,Feminicídio,1/3/2025,0
PR,JANIÓPOLIS,Feminicídio,1/4/2025,0
PR,JANIÓPOLIS,Feminicídio,1/5/2025,0
PR,JANIÓPOLIS,Feminicídio,1/6/2025,0
PR,JANIÓPOLIS,Feminicídio,1/7/2025,0
PR,JANIÓPOLIS,Feminicídio,1/8/2025,0
PR,JANIÓPOLIS,Feminicídio,1/9/2025,0
PR,JANIÓPOLIS,Feminicídio,1/10/2025,0
PR,JANIÓPOLIS,Feminicídio,1/11/2025,0
PR,JANIÓPOLIS,Feminicídio,1/12/2025,0
PR,JANIÓPOLIS,Tentativa de feminicídio,1/1/2025,0
PR,JANIÓPOLIS,Tentativa de feminicídio,1/2/2025,0
PR,JANIÓPOLIS,Tentativa de feminicídio,1/3/2025,0
PR,JANIÓPOLIS,Tentativa de feminicídio,1/4/2025,0
PR,JANIÓPOLIS,Tentativa de feminicídio,1/5/2025,0
PR,JANIÓPOLIS,Tentativa de feminicídio,1/6/2025,0
PR,JANIÓPOLIS,Tentativa de feminicídio,1/7/2025,0
PR,JANIÓPOLIS,Tentativa de feminicídio,1/8/2025,0
PR,JANIÓPOLIS,Tentativa de feminicídio,1/9/2025,0
PR,JANIÓPOLIS,Tentativa de feminicídio,1/10/2025,0
PR,JANIÓPOLIS,Tentativa de feminicídio,1/11/2025,0
PR,JANIÓPOLIS,Tentativa de feminicídio,1/12/2025,0
PR,JAPIRA,Feminicídio,1/1/2025,0
PR,JAPIRA,Feminicídio,1/2/2025,0
PR,JAPIRA,Feminicídio,1/3/2025,0
PR,JAPIRA,Feminicídio,1/4/2025,0
PR,JAPIRA,Feminicídio,1/5/2025,0
PR,JAPIRA,Feminicídio,1/6/2025,0
PR,JAPIRA,Feminicídio,1/7/2025,0
PR,JAPIRA,Feminicídio,1/8/2025,0
PR,JAPIRA,Feminicídio,1/9/2025,0
PR,JAPIRA,Feminicídio,1/10/2025,0
PR,JAPIRA,Feminicídio,1/11/2025,0
PR,JAPIRA,Feminicídio,1/12/2025,0
PR,JAPIRA,Tentativa de feminicídio,1/1/2025,0
PR,JAPIRA,Tentativa de feminicídio,1/2/2025,0
PR,JAPIRA,Tentativa de feminicídio,1/3/2025,0
PR,JAPIRA,Tentativa de feminicídio,1/4/2025,0
PR,JAPIRA,Tentativa de feminicídio,1/5/2025,0
PR,JAPIRA,Tentativa de feminicídio,1/6/2025,0
PR,JAPIRA,Tentativa de feminicídio,1/7/2025,0
PR,JAPIRA,Tentativa de feminicídio,1/8/2025,0
PR,JAPIRA,Tentativa de feminicídio,1/9/2025,0
PR,JAPIRA,Tentativa de feminicídio,1/10/2025,0
PR,JAPIRA,Tentativa de feminicídio,1/11/2025,0
PR,JAPIRA,Tentativa de feminicídio,1/12/2025,0
PR,JAPURÁ,Feminicídio,1/1/2025,0
PR,JAPURÁ,Feminicídio,1/2/2025,0
PR,JAPURÁ,Feminicídio,1/3/2025,0
PR,JAPURÁ,Feminicídio,1/4/2025,0
PR,JAPURÁ,Feminicídio,1/5/2025,0
PR,JAPURÁ,Feminicídio,1/6/2025,0
PR,JAPURÁ,Feminicídio,1/7/2025,0
PR,JAPURÁ,Feminicídio,1/8/2025,0
PR,JAPURÁ,Feminicídio,1/9/2025,0
PR,JAPURÁ,Feminicídio,1/10/2025,0
PR,JAPURÁ,Feminicídio,1/11/2025,0
PR,JAPURÁ,Feminicídio,1/12/2025,0
PR,JAPURÁ,Tentativa de feminicídio,1/1/2025,0
PR,JAPURÁ,Tentativa de feminicídio,1/2/2025,0
PR,JAPURÁ,Tentativa de feminicídio,1/3/2025,0
PR,JAPURÁ,Tentativa de feminicídio,1/4/2025,0
PR,JAPURÁ,Tentativa de feminicídio,1/5/2025,0
PR,JAPURÁ,Tentativa de feminicídio,1/6/2025,0
PR,JAPURÁ,Tentativa de feminicídio,1/7/2025,0
PR,JAPURÁ,Tentativa de feminicídio,1/8/2025,0
PR,JAPURÁ,Tentativa de feminicídio,1/9/2025,0
PR,JAPURÁ,Tentativa de feminicídio,1/10/2025,0
PR,JAPURÁ,Tentativa de feminicídio,1/11/2025,0
PR,JAPURÁ,Tentativa de feminicídio,1/12/2025,0
PR,JARDIM ALEGRE,Feminicídio,1/1/2025,0
PR,JARDIM ALEGRE,Feminicídio,1/2/2025,0
PR,JARDIM ALEGRE,Feminicídio,1/3/2025,0
PR,JARDIM ALEGRE,Feminicídio,1/4/2025,1
PR,JARDIM ALEGRE,Feminicídio,1/5/2025,0
PR,JARDIM ALEGRE,Feminicídio,1/6/2025,0
PR,JARDIM ALEGRE,Feminicídio,1/7/2025,0
PR,JARDIM ALEGRE,Feminicídio,1/8/2025,0
PR,JARDIM ALEGRE,Feminicídio,1/9/2025,0
PR,JARDIM ALEGRE,Feminicídio,1/10/2025,0
PR,JARDIM ALEGRE,Feminicídio,1/11/2025,0
PR,JARDIM ALEGRE,Feminicídio,1/12/2025,0
PR,JARDIM ALEGRE,Tentativa de feminicídio,1/1/2025,0
PR,JARDIM ALEGRE,Tentativa de feminicídio,1/2/2025,0
PR,JARDIM ALEGRE,Tentativa de feminicídio,1/3/2025,0
PR,JARDIM ALEGRE,Tentativa de feminicídio,1/4/2025,0
PR,JARDIM ALEGRE,Tentativa de feminicídio,1/5/2025,0
PR,JARDIM ALEGRE,Tentativa de feminicídio,1/6/2025,0
PR,JARDIM ALEGRE,Tentativa de feminicídio,1/7/2025,0
PR,JARDIM ALEGRE,Tentativa de feminicídio,1/8/2025,0
PR,JARDIM ALEGRE,Tentativa de feminicídio,1/9/2025,0
PR,JARDIM ALEGRE,Tentativa de feminicídio,1/10/2025,0
PR,JARDIM ALEGRE,Tentativa de feminicídio,1/11/2025,0
PR,JARDIM ALEGRE,Tentativa de feminicídio,1/12/2025,0
PR,JARDIM OLINDA,Feminicídio,1/1/2025,0
PR,JARDIM OLINDA,Feminicídio,1/2/2025,0
PR,JARDIM OLINDA,Feminicídio,1/3/2025,0
PR,JARDIM OLINDA,Feminicídio,1/4/2025,0
PR,JARDIM OLINDA,Feminicídio,1/5/2025,0
PR,JARDIM OLINDA,Feminicídio,1/6/2025,0
PR,JARDIM OLINDA,Feminicídio,1/7/2025,0
PR,JARDIM OLINDA,Feminicídio,1/8/2025,0
PR,JARDIM OLINDA,Feminicídio,1/9/2025,0
PR,JARDIM OLINDA,Feminicídio,1/10/2025,0
PR,JARDIM OLINDA,Feminicídio,1/11/2025,0
PR,JARDIM OLINDA,Feminicídio,1/12/2025,0
PR,JARDIM OLINDA,Tentativa de feminicídio,1/1/2025,0
PR,JARDIM OLINDA,Tentativa de feminicídio,1/2/2025,0
PR,JARDIM OLINDA,Tentativa de feminicídio,1/3/2025,0
PR,JARDIM OLINDA,Tentativa de feminicídio,1/4/2025,0
PR,JARDIM OLINDA,Tentativa de feminicídio,1/5/2025,0
PR,JARDIM OLINDA,Tentativa de feminicídio,1/6/2025,0
PR,JARDIM OLINDA,Tentativa de feminicídio,1/7/2025,0
PR,JARDIM OLINDA,Tentativa de feminicídio,1/8/2025,0
PR,JARDIM OLINDA,Tentativa de feminicídio,1/9/2025,0
PR,JARDIM OLINDA,Tentativa de feminicídio,1/10/2025,0
PR,JARDIM OLINDA,Tentativa de feminicídio,1/11/2025,0
PR,JARDIM OLINDA,Tentativa de feminicídio,1/12/2025,0
PR,JATAIZINHO,Feminicídio,1/1/2025,1
PR,JATAIZINHO,Feminicídio,1/2/2025,0
PR,JATAIZINHO,Feminicídio,1/3/2025,0
PR,JATAIZINHO,Feminicídio,1/4/2025,0
PR,JATAIZINHO,Feminicídio,1/5/2025,0
PR,JATAIZINHO,Feminicídio,1/6/2025,0
PR,JATAIZINHO,Feminicídio,1/7/2025,0
PR,JATAIZINHO,Feminicídio,1/8/2025,0
PR,JATAIZINHO,Feminicídio,1/9/2025,1
PR,JATAIZINHO,Feminicídio,1/10/2025,0
PR,JATAIZINHO,Feminicídio,1/11/2025,0
PR,JATAIZINHO,Feminicídio,1/12/2025,0
PR,JATAIZINHO,Tentativa de feminicídio,1/1/2025,0
PR,JATAIZINHO,Tentativa de feminicídio,1/2/2025,0
PR,JATAIZINHO,Tentativa de feminicídio,1/3/2025,0
PR,JATAIZINHO,Tentativa de feminicídio,1/4/2025,0
PR,JATAIZINHO,Tentativa de feminicídio,1/5/2025,0
PR,JATAIZINHO,Tentativa de feminicídio,1/6/2025,0
PR,JATAIZINHO,Tentativa de feminicídio,1/7/2025,0
PR,JATAIZINHO,Tentativa de feminicídio,1/8/2025,0
PR,JATAIZINHO,Tentativa de feminicídio,1/9/2025,0
PR,JATAIZINHO,Tentativa de feminicídio,1/10/2025,0
PR,JATAIZINHO,Tentativa de feminicídio,1/11/2025,0
PR,JATAIZINHO,Tentativa de feminicídio,1/12/2025,0
PR,JESUÍTAS,Feminicídio,1/1/2025,0
PR,JESUÍTAS,Feminicídio,1/2/2025,0
PR,JESUÍTAS,Feminicídio,1/3/2025,0
PR,JESUÍTAS,Feminicídio,1/4/2025,0
PR,JESUÍTAS,Feminicídio,1/5/2025,0
PR,JESUÍTAS,Feminicídio,1/6/2025,0
PR,JESUÍTAS,Feminicídio,1/7/2025,0
PR,JESUÍTAS,Feminicídio,1/8/2025,0
PR,JESUÍTAS,Feminicídio,1/9/2025,0
PR,JESUÍTAS,Feminicídio,1/10/2025,0
PR,JESUÍTAS,Feminicídio,1/11/2025,0
PR,JESUÍTAS,Feminicídio,1/12/2025,0
PR,JESUÍTAS,Tentativa de feminicídio,1/1/2025,0
PR,JESUÍTAS,Tentativa de feminicídio,1/2/2025,0
PR,JESUÍTAS,Tentativa de feminicídio,1/3/2025,0
PR,JESUÍTAS,Tentativa de feminicídio,1/4/2025,0
PR,JESUÍTAS,Tentativa de feminicídio,1/5/2025,0
PR,JESUÍTAS,Tentativa de feminicídio,1/6/2025,0
PR,JESUÍTAS,Tentativa de feminicídio,1/7/2025,0
PR,JESUÍTAS,Tentativa de feminicídio,1/8/2025,0
PR,JESUÍTAS,Tentativa de feminicídio,1/9/2025,0
PR,JESUÍTAS,Tentativa de feminicídio,1/10/2025,0
PR,JESUÍTAS,Tentativa de feminicídio,1/11/2025,0
PR,JESUÍTAS,Tentativa de feminicídio,1/12/2025,0
PR,JOAQUIM TÁVORA,Feminicídio,1/1/2025,0
PR,JOAQUIM TÁVORA,Feminicídio,1/2/2025,0
PR,JOAQUIM TÁVORA,Feminicídio,1/3/2025,0
PR,JOAQUIM TÁVORA,Feminicídio,1/4/2025,0
PR,JOAQUIM TÁVORA,Feminicídio,1/5/2025,0
PR,JOAQUIM TÁVORA,Feminicídio,1/6/2025,0
PR,JOAQUIM TÁVORA,Feminicídio,1/7/2025,0
PR,JOAQUIM TÁVORA,Feminicídio,1/8/2025,0
PR,JOAQUIM TÁVORA,Feminicídio,1/9/2025,0
PR,JOAQUIM TÁVORA,Feminicídio,1/10/2025,0
PR,JOAQUIM TÁVORA,Feminicídio,1/11/2025,0
PR,JOAQUIM TÁVORA,Feminicídio,1/12/2025,0
PR,JOAQUIM TÁVORA,Tentativa de feminicídio,1/1/2025,0
PR,JOAQUIM TÁVORA,Tentativa de feminicídio,1/2/2025,0
PR,JOAQUIM TÁVORA,Tentativa de feminicídio,1/3/2025,0
PR,JOAQUIM TÁVORA,Tentativa de feminicídio,1/4/2025,0
PR,JOAQUIM TÁVORA,Tentativa de feminicídio,1/5/2025,0
PR,JOAQUIM TÁVORA,Tentativa de feminicídio,1/6/2025,0
PR,JOAQUIM TÁVORA,Tentativa de feminicídio,1/7/2025,0
PR,JOAQUIM TÁVORA,Tentativa de feminicídio,1/8/2025,0
PR,JOAQUIM TÁVORA,Tentativa de feminicídio,1/9/2025,0
PR,JOAQUIM TÁVORA,Tentativa de feminicídio,1/10/2025,0
PR,JOAQUIM TÁVORA,Tentativa de feminicídio,1/11/2025,0
PR,JOAQUIM TÁVORA,Tentativa de feminicídio,1/12/2025,0
PR,JUNDIAÍ DO SUL,Feminicídio,1/1/2025,0
PR,JUNDIAÍ DO SUL,Feminicídio,1/2/2025,0
PR,JUNDIAÍ DO SUL,Feminicídio,1/3/2025,0
PR,JUNDIAÍ DO SUL,Feminicídio,1/4/2025,0
PR,JUNDIAÍ DO SUL,Feminicídio,1/5/2025,0
PR,JUNDIAÍ DO SUL,Feminicídio,1/6/2025,0
PR,JUNDIAÍ DO SUL,Feminicídio,1/7/2025,0
PR,JUNDIAÍ DO SUL,Feminicídio,1/8/2025,0
PR,JUNDIAÍ DO SUL,Feminicídio,1/9/2025,0
PR,JUNDIAÍ DO SUL,Feminicídio,1/10/2025,0
PR,JUNDIAÍ DO SUL,Feminicídio,1/11/2025,0
PR,JUNDIAÍ DO SUL,Feminicídio,1/12/2025,0
PR,JUNDIAÍ DO SUL,Tentativa de feminicídio,1/1/2025,0
PR,JUNDIAÍ DO SUL,Tentativa de feminicídio,1/2/2025,0
PR,JUNDIAÍ DO SUL,Tentativa de feminicídio,1/3/2025,0
PR,JUNDIAÍ DO SUL,Tentativa de feminicídio,1/4/2025,0
PR,JUNDIAÍ DO SUL,Tentativa de feminicídio,1/5/2025,0
PR,JUNDIAÍ DO SUL,Tentativa de feminicídio,1/6/2025,0
PR,JUNDIAÍ DO SUL,Tentativa de feminicídio,1/7/2025,0
PR,JUNDIAÍ DO SUL,Tentativa de feminicídio,1/8/2025,0
PR,JUNDIAÍ DO SUL,Tentativa de feminicídio,1/9/2025,0
PR,JUNDIAÍ DO SUL,Tentativa de feminicídio,1/10/2025,0
PR,JUNDIAÍ DO SUL,Tentativa de feminicídio,1/11/2025,0
PR,JUNDIAÍ DO SUL,Tentativa de feminicídio,1/12/2025,0
PR,JURANDA,Feminicídio,1/1/2025,0
PR,JURANDA,Feminicídio,1/2/2025,0
PR,JURANDA,Feminicídio,1/3/2025,0
PR,JURANDA,Feminicídio,1/4/2025,0
PR,JURANDA,Feminicídio,1/5/2025,0
PR,JURANDA,Feminicídio,1/6/2025,0
PR,JURANDA,Feminicídio,1/7/2025,0
PR,JURANDA,Feminicídio,1/8/2025,0
PR,JURANDA,Feminicídio,1/9/2025,0
PR,JURANDA,Feminicídio,1/10/2025,0
PR,JURANDA,Feminicídio,1/11/2025,0
PR,JURANDA,Feminicídio,1/12/2025,0
PR,JURANDA,Tentativa de feminicídio,1/1/2025,0
PR,JURANDA,Tentativa de feminicídio,1/2/2025,0
PR,JURANDA,Tentativa de feminicídio,1/3/2025,0
PR,JURANDA,Tentativa de feminicídio,1/4/2025,0
PR,JURANDA,Tentativa de feminicídio,1/5/2025,0
PR,JURANDA,Tentativa de feminicídio,1/6/2025,0
PR,JURANDA,Tentativa de feminicídio,1/7/2025,0
PR,JURANDA,Tentativa de feminicídio,1/8/2025,0
PR,JURANDA,Tentativa de feminicídio,1/9/2025,0
PR,JURANDA,Tentativa de feminicídio,1/10/2025,0
PR,JURANDA,Tentativa de feminicídio,1/11/2025,0
PR,JURANDA,Tentativa de feminicídio,1/12/2025,0
PR,JUSSARA,Feminicídio,1/1/2025,0
PR,JUSSARA,Feminicídio,1/2/2025,0
PR,JUSSARA,Feminicídio,1/3/2025,0
PR,JUSSARA,Feminicídio,1/4/2025,0
PR,JUSSARA,Feminicídio,1/5/2025,0
PR,JUSSARA,Feminicídio,1/6/2025,0
PR,JUSSARA,Feminicídio,1/7/2025,0
PR,JUSSARA,Feminicídio,1/8/2025,0
PR,JUSSARA,Feminicídio,1/9/2025,0
PR,JUSSARA,Feminicídio,1/10/2025,0
PR,JUSSARA,Feminicídio,1/11/2025,0
PR,JUSSARA,Feminicídio,1/12/2025,0
PR,JUSSARA,Tentativa de feminicídio,1/1/2025,0
PR,JUSSARA,Tentativa de feminicídio,1/2/2025,0
PR,JUSSARA,Tentativa de feminicídio,1/3/2025,0
PR,JUSSARA,Tentativa de feminicídio,1/4/2025,0
PR,JUSSARA,Tentativa de feminicídio,1/5/2025,0
PR,JUSSARA,Tentativa de feminicídio,1/6/2025,0
PR,JUSSARA,Tentativa de feminicídio,1/7/2025,0
PR,JUSSARA,Tentativa de feminicídio,1/8/2025,0
PR,JUSSARA,Tentativa de feminicídio,1/9/2025,0
PR,JUSSARA,Tentativa de feminicídio,1/10/2025,0
PR,JUSSARA,Tentativa de feminicídio,1/11/2025,0
PR,JUSSARA,Tentativa de feminicídio,1/12/2025,0
PR,KALORÉ,Feminicídio,1/1/2025,0
PR,KALORÉ,Feminicídio,1/2/2025,0
PR,KALORÉ,Feminicídio,1/3/2025,0
PR,KALORÉ,Feminicídio,1/4/2025,0
PR,KALORÉ,Feminicídio,1/5/2025,0
PR,KALORÉ,Feminicídio,1/6/2025,0
PR,KALORÉ,Feminicídio,1/7/2025,0
PR,KALORÉ,Feminicídio,1/8/2025,0
PR,KALORÉ,Feminicídio,1/9/2025,0
PR,KALORÉ,Feminicídio,1/10/2025,0
PR,KALORÉ,Feminicídio,1/11/2025,0
PR,KALORÉ,Feminicídio,1/12/2025,0
PR,KALORÉ,Tentativa de feminicídio,1/1/2025,0
PR,KALORÉ,Tentativa de feminicídio,1/2/2025,0
PR,KALORÉ,Tentativa de feminicídio,1/3/2025,0
PR,KALORÉ,Tentativa de feminicídio,1/4/2025,0
PR,KALORÉ,Tentativa de feminicídio,1/5/2025,0
PR,KALORÉ,Tentativa de feminicídio,1/6/2025,0
PR,KALORÉ,Tentativa de feminicídio,1/7/2025,0
PR,KALORÉ,Tentativa de feminicídio,1/8/2025,0
PR,KALORÉ,Tentativa de feminicídio,1/9/2025,0
PR,KALORÉ,Tentativa de feminicídio,1/10/2025,0
PR,KALORÉ,Tentativa de feminicídio,1/11/2025,0
PR,KALORÉ,Tentativa de feminicídio,1/12/2025,0
PR,LAPA,Feminicídio,1/1/2025,0
PR,LAPA,Feminicídio,1/2/2025,0
PR,LAPA,Feminicídio,1/3/2025,0
PR,LAPA,Feminicídio,1/4/2025,0
PR,LAPA,Feminicídio,1/5/2025,0
PR,LAPA,Feminicídio,1/6/2025,0
PR,LAPA,Feminicídio,1/7/2025,0
PR,LAPA,Feminicídio,1/8/2025,0
PR,LAPA,Feminicídio,1/9/2025,0
PR,LAPA,Feminicídio,1/10/2025,0
PR,LAPA,Feminicídio,1/11/2025,0
PR,LAPA,Feminicídio,1/12/2025,0
PR,LAPA,Tentativa de feminicídio,1/1/2025,0
PR,LAPA,Tentativa de feminicídio,1/2/2025,0
PR,LAPA,Tentativa de feminicídio,1/3/2025,0
PR,LAPA,Tentativa de feminicídio,1/4/2025,0
PR,LAPA,Tentativa de feminicídio,1/5/2025,0
PR,LAPA,Tentativa de feminicídio,1/6/2025,0
PR,LAPA,Tentativa de feminicídio,1/7/2025,0
PR,LAPA,Tentativa de feminicídio,1/8/2025,0
PR,LAPA,Tentativa de feminicídio,1/9/2025,0
PR,LAPA,Tentativa de feminicídio,1/10/2025,0
PR,LAPA,Tentativa de feminicídio,1/11/2025,0
PR,LAPA,Tentativa de feminicídio,1/12/2025,0
PR,LARANJAL,Feminicídio,1/1/2025,0
PR,LARANJAL,Feminicídio,1/2/2025,0
PR,LARANJAL,Feminicídio,1/3/2025,0
PR,LARANJAL,Feminicídio,1/4/2025,0
PR,LARANJAL,Feminicídio,1/5/2025,0
PR,LARANJAL,Feminicídio,1/6/2025,0
PR,LARANJAL,Feminicídio,1/7/2025,0
PR,LARANJAL,Feminicídio,1/8/2025,0
PR,LARANJAL,Feminicídio,1/9/2025,0
PR,LARANJAL,Feminicídio,1/10/2025,0
PR,LARANJAL,Feminicídio,1/11/2025,0
PR,LARANJAL,Feminicídio,1/12/2025,0
PR,LARANJAL,Tentativa de feminicídio,1/1/2025,0
PR,LARANJAL,Tentativa de feminicídio,1/2/2025,0
PR,LARANJAL,Tentativa de feminicídio,1/3/2025,0
PR,LARANJAL,Tentativa de feminicídio,1/4/2025,0
PR,LARANJAL,Tentativa de feminicídio,1/5/2025,0
PR,LARANJAL,Tentativa de feminicídio,1/6/2025,0
PR,LARANJAL,Tentativa de feminicídio,1/7/2025,0
PR,LARANJAL,Tentativa de feminicídio,1/8/2025,0
PR,LARANJAL,Tentativa de feminicídio,1/9/2025,0
PR,LARANJAL,Tentativa de feminicídio,1/10/2025,0
PR,LARANJAL,Tentativa de feminicídio,1/11/2025,0
PR,LARANJAL,Tentativa de feminicídio,1/12/2025,0
PR,LARANJEIRAS DO SUL,Feminicídio,1/1/2025,0
PR,LARANJEIRAS DO SUL,Feminicídio,1/2/2025,0
PR,LARANJEIRAS DO SUL,Feminicídio,1/3/2025,0
PR,LARANJEIRAS DO SUL,Feminicídio,1/4/2025,0
PR,LARANJEIRAS DO SUL,Feminicídio,1/5/2025,0
PR,LARANJEIRAS DO SUL,Feminicídio,1/6/2025,1
PR,LARANJEIRAS DO SUL,Feminicídio,1/7/2025,0
PR,LARANJEIRAS DO SUL,Feminicídio,1/8/2025,0
PR,LARANJEIRAS DO SUL,Feminicídio,1/9/2025,0
PR,LARANJEIRAS DO SUL,Feminicídio,1/10/2025,0
PR,LARANJEIRAS DO SUL,Feminicídio,1/11/2025,0
PR,LARANJEIRAS DO SUL,Feminicídio,1/12/2025,0
PR,LARANJEIRAS DO SUL,Tentativa de feminicídio,1/1/2025,0
PR,LARANJEIRAS DO SUL,Tentativa de feminicídio,1/2/2025,0
PR,LARANJEIRAS DO SUL,Tentativa de feminicídio,1/3/2025,0
PR,LARANJEIRAS DO SUL,Tentativa de feminicídio,1/4/2025,0
PR,LARANJEIRAS DO SUL,Tentativa de feminicídio,1/5/2025,0
PR,LARANJEIRAS DO SUL,Tentativa de feminicídio,1/6/2025,0
PR,LARANJEIRAS DO SUL,Tentativa de feminicídio,1/7/2025,0
PR,LARANJEIRAS DO SUL,Tentativa de feminicídio,1/8/2025,0
PR,LARANJEIRAS DO SUL,Tentativa de feminicídio,1/9/2025,0
PR,LARANJEIRAS DO SUL,Tentativa de feminicídio,1/10/2025,0
PR,LARANJEIRAS DO SUL,Tentativa de feminicídio,1/11/2025,0
PR,LARANJEIRAS DO SUL,Tentativa de feminicídio,1/12/2025,0
PR,LEÓPOLIS,Feminicídio,1/1/2025,0
PR,LEÓPOLIS,Feminicídio,1/2/2025,0
PR,LEÓPOLIS,Feminicídio,1/3/2025,0
PR,LEÓPOLIS,Feminicídio,1/4/2025,0
PR,LEÓPOLIS,Feminicídio,1/5/2025,0
PR,LEÓPOLIS,Feminicídio,1/6/2025,0
PR,LEÓPOLIS,Feminicídio,1/7/2025,0
PR,LEÓPOLIS,Feminicídio,1/8/2025,0
PR,LEÓPOLIS,Feminicídio,1/9/2025,0
PR,LEÓPOLIS,Feminicídio,1/10/2025,0
PR,LEÓPOLIS,Feminicídio,1/11/2025,0
PR,LEÓPOLIS,Feminicídio,1/12/2025,0
PR,LEÓPOLIS,Tentativa de feminicídio,1/1/2025,0
PR,LEÓPOLIS,Tentativa de feminicídio,1/2/2025,0
PR,LEÓPOLIS,Tentativa de feminicídio,1/3/2025,0
PR,LEÓPOLIS,Tentativa de feminicídio,1/4/2025,0
PR,LEÓPOLIS,Tentativa de feminicídio,1/5/2025,0
PR,LEÓPOLIS,Tentativa de feminicídio,1/6/2025,0
PR,LEÓPOLIS,Tentativa de feminicídio,1/7/2025,0
PR,LEÓPOLIS,Tentativa de feminicídio,1/8/2025,0
PR,LEÓPOLIS,Tentativa de feminicídio,1/9/2025,0
PR,LEÓPOLIS,Tentativa de feminicídio,1/10/2025,0
PR,LEÓPOLIS,Tentativa de feminicídio,1/11/2025,0
PR,LEÓPOLIS,Tentativa de feminicídio,1/12/2025,0
PR,LIDIANÓPOLIS,Feminicídio,1/1/2025,0
PR,LIDIANÓPOLIS,Feminicídio,1/2/2025,0
PR,LIDIANÓPOLIS,Feminicídio,1/3/2025,0
PR,LIDIANÓPOLIS,Feminicídio,1/4/2025,0
PR,LIDIANÓPOLIS,Feminicídio,1/5/2025,0
PR,LIDIANÓPOLIS,Feminicídio,1/6/2025,0
PR,LIDIANÓPOLIS,Feminicídio,1/7/2025,0
PR,LIDIANÓPOLIS,Feminicídio,1/8/2025,0
PR,LIDIANÓPOLIS,Feminicídio,1/9/2025,0
PR,LIDIANÓPOLIS,Feminicídio,1/10/2025,0
PR,LIDIANÓPOLIS,Feminicídio,1/11/2025,0
PR,LIDIANÓPOLIS,Feminicídio,1/12/2025,0
PR,LIDIANÓPOLIS,Tentativa de feminicídio,1/1/2025,0
PR,LIDIANÓPOLIS,Tentativa de feminicídio,1/2/2025,0
PR,LIDIANÓPOLIS,Tentativa de feminicídio,1/3/2025,0
PR,LIDIANÓPOLIS,Tentativa de feminicídio,1/4/2025,0
PR,LIDIANÓPOLIS,Tentativa de feminicídio,1/5/2025,0
PR,LIDIANÓPOLIS,Tentativa de feminicídio,1/6/2025,0
PR,LIDIANÓPOLIS,Tentativa de feminicídio,1/7/2025,0
PR,LIDIANÓPOLIS,Tentativa de feminicídio,1/8/2025,0
PR,LIDIANÓPOLIS,Tentativa de feminicídio,1/9/2025,0
PR,LIDIANÓPOLIS,Tentativa de feminicídio,1/10/2025,0
PR,LIDIANÓPOLIS,Tentativa de feminicídio,1/11/2025,0
PR,LIDIANÓPOLIS,Tentativa de feminicídio,1/12/2025,0
PR,LINDOESTE,Feminicídio,1/1/2025,0
PR,LINDOESTE,Feminicídio,1/2/2025,0
PR,LINDOESTE,Feminicídio,1/3/2025,0
PR,LINDOESTE,Feminicídio,1/4/2025,0
PR,LINDOESTE,Feminicídio,1/5/2025,0
PR,LINDOESTE,Feminicídio,1/6/2025,0
PR,LINDOESTE,Feminicídio,1/7/2025,0
PR,LINDOESTE,Feminicídio,1/8/2025,0
PR,LINDOESTE,Feminicídio,1/9/2025,0
PR,LINDOESTE,Feminicídio,1/10/2025,0
PR,LINDOESTE,Feminicídio,1/11/2025,0
PR,LINDOESTE,Feminicídio,1/12/2025,0
PR,LINDOESTE,Tentativa de feminicídio,1/1/2025,0
PR,LINDOESTE,Tentativa de feminicídio,1/2/2025,0
PR,LINDOESTE,Tentativa de feminicídio,1/3/2025,0
PR,LINDOESTE,Tentativa de feminicídio,1/4/2025,0
PR,LINDOESTE,Tentativa de feminicídio,1/5/2025,0
PR,LINDOESTE,Tentativa de feminicídio,1/6/2025,0
PR,LINDOESTE,Tentativa de feminicídio,1/7/2025,0
PR,LINDOESTE,Tentativa de feminicídio,1/8/2025,0
PR,LINDOESTE,Tentativa de feminicídio,1/9/2025,0
PR,LINDOESTE,Tentativa de feminicídio,1/10/2025,0
PR,LINDOESTE,Tentativa de feminicídio,1/11/2025,0
PR,LINDOESTE,Tentativa de feminicídio,1/12/2025,0
PR,LOANDA,Feminicídio,1/1/2025,0
PR,LOANDA,Feminicídio,1/2/2025,0
PR,LOANDA,Feminicídio,1/3/2025,0
PR,LOANDA,Feminicídio,1/4/2025,0
PR,LOANDA,Feminicídio,1/5/2025,0
PR,LOANDA,Feminicídio,1/6/2025,0
PR,LOANDA,Feminicídio,1/7/2025,0
PR,LOANDA,Feminicídio,1/8/2025,0
PR,LOANDA,Feminicídio,1/9/2025,0
PR,LOANDA,Feminicídio,1/10/2025,0
PR,LOANDA,Feminicídio,1/11/2025,0
PR,LOANDA,Feminicídio,1/12/2025,0
PR,LOANDA,Tentativa de feminicídio,1/1/2025,0
PR,LOANDA,Tentativa de feminicídio,1/2/2025,0
PR,LOANDA,Tentativa de feminicídio,1/3/2025,0
PR,LOANDA,Tentativa de feminicídio,1/4/2025,0
PR,LOANDA,Tentativa de feminicídio,1/5/2025,0
PR,LOANDA,Tentativa de feminicídio,1/6/2025,0
PR,LOANDA,Tentativa de feminicídio,1/7/2025,0
PR,LOANDA,Tentativa de feminicídio,1/8/2025,1
PR,LOANDA,Tentativa de feminicídio,1/9/2025,0
PR,LOANDA,Tentativa de feminicídio,1/10/2025,0
PR,LOANDA,Tentativa de feminicídio,1/11/2025,0
PR,LOANDA,Tentativa de feminicídio,1/12/2025,0
PR,LOBATO,Feminicídio,1/1/2025,0
PR,LOBATO,Feminicídio,1/2/2025,0
PR,LOBATO,Feminicídio,1/3/2025,0
PR,LOBATO,Feminicídio,1/4/2025,0
PR,LOBATO,Feminicídio,1/5/2025,0
PR,LOBATO,Feminicídio,1/6/2025,0
PR,LOBATO,Feminicídio,1/7/2025,0
PR,LOBATO,Feminicídio,1/8/2025,0
PR,LOBATO,Feminicídio,1/9/2025,0
PR,LOBATO,Feminicídio,1/10/2025,0
PR,LOBATO,Feminicídio,1/11/2025,0
PR,LOBATO,Feminicídio,1/12/2025,0
PR,LOBATO,Tentativa de feminicídio,1/1/2025,0
PR,LOBATO,Tentativa de feminicídio,1/2/2025,0
PR,LOBATO,Tentativa de feminicídio,1/3/2025,0
PR,LOBATO,Tentativa de feminicídio,1/4/2025,0
PR,LOBATO,Tentativa de feminicídio,1/5/2025,0
PR,LOBATO,Tentativa de feminicídio,1/6/2025,0
PR,LOBATO,Tentativa de feminicídio,1/7/2025,0
PR,LOBATO,Tentativa de feminicídio,1/8/2025,0
PR,LOBATO,Tentativa de feminicídio,1/9/2025,0
PR,LOBATO,Tentativa de feminicídio,1/10/2025,0
PR,LOBATO,Tentativa de feminicídio,1/11/2025,0
PR,LOBATO,Tentativa de feminicídio,1/12/2025,0
PR,LONDRINA,Feminicídio,1/1/2025,0
PR,LONDRINA,Feminicídio,1/2/2025,0
PR,LONDRINA,Feminicídio,1/3/2025,0
PR,LONDRINA,Feminicídio,1/4/2025,0
PR,LONDRINA,Feminicídio,1/5/2025,0
PR,LONDRINA,Feminicídio,1/6/2025,0
PR,LONDRINA,Feminicídio,1/7/2025,0
PR,LONDRINA,Feminicídio,1/8/2025,0
PR,LONDRINA,Feminicídio,1/9/2025,1
PR,LONDRINA,Feminicídio,1/10/2025,0
PR,LONDRINA,Feminicídio,1/11/2025,0
PR,LONDRINA,Feminicídio,1/12/2025,0
PR,LONDRINA,Tentativa de feminicídio,1/1/2025,0
PR,LONDRINA,Tentativa de feminicídio,1/2/2025,0
PR,LONDRINA,Tentativa de feminicídio,1/3/2025,0
PR,LONDRINA,Tentativa de feminicídio,1/4/2025,0
PR,LONDRINA,Tentativa de feminicídio,1/5/2025,0
PR,LONDRINA,Tentativa de feminicídio,1/6/2025,0
PR,LONDRINA,Tentativa de feminicídio,1/7/2025,1
PR,LONDRINA,Tentativa de feminicídio,1/8/2025,1
PR,LONDRINA,Tentativa de feminicídio,1/9/2025,0
PR,LONDRINA,Tentativa de feminicídio,1/10/2025,0
PR,LONDRINA,Tentativa de feminicídio,1/11/2025,0
PR,LONDRINA,Tentativa de feminicídio,1/12/2025,0
PR,LUIZIANA,Feminicídio,1/1/2025,0
PR,LUIZIANA,Feminicídio,1/2/2025,0
PR,LUIZIANA,Feminicídio,1/3/2025,0
PR,LUIZIANA,Feminicídio,1/4/2025,0
PR,LUIZIANA,Feminicídio,1/5/2025,0
PR,LUIZIANA,Feminicídio,1/6/2025,0
PR,LUIZIANA,Feminicídio,1/7/2025,0
PR,LUIZIANA,Feminicídio,1/8/2025,0
PR,LUIZIANA,Feminicídio,1/9/2025,0
PR,LUIZIANA,Feminicídio,1/10/2025,0
PR,LUIZIANA,Feminicídio,1/11/2025,0
PR,LUIZIANA,Feminicídio,1/12/2025,0
PR,LUIZIANA,Tentativa de feminicídio,1/1/2025,0
PR,LUIZIANA,Tentativa de feminicídio,1/2/2025,0
PR,LUIZIANA,Tentativa de feminicídio,1/3/2025,0
PR,LUIZIANA,Tentativa de feminicídio,1/4/2025,0
PR,LUIZIANA,Tentativa de feminicídio,1/5/2025,0
PR,LUIZIANA,Tentativa de feminicídio,1/6/2025,0
PR,LUIZIANA,Tentativa de feminicídio,1/7/2025,0
PR,LUIZIANA,Tentativa de feminicídio,1/8/2025,0
PR,LUIZIANA,Tentativa de feminicídio,1/9/2025,0
PR,LUIZIANA,Tentativa de feminicídio,1/10/2025,0
PR,LUIZIANA,Tentativa de feminicídio,1/11/2025,0
PR,LUIZIANA,Tentativa de feminicídio,1/12/2025,1
PR,LUNARDELLI,Feminicídio,1/1/2025,0
PR,LUNARDELLI,Feminicídio,1/2/2025,0
PR,LUNARDELLI,Feminicídio,1/3/2025,0
PR,LUNARDELLI,Feminicídio,1/4/2025,0
PR,LUNARDELLI,Feminicídio,1/5/2025,0
PR,LUNARDELLI,Feminicídio,1/6/2025,0
PR,LUNARDELLI,Feminicídio,1/7/2025,0
PR,LUNARDELLI,Feminicídio,1/8/2025,0
PR,LUNARDELLI,Feminicídio,1/9/2025,0
PR,LUNARDELLI,Feminicídio,1/10/2025,0
PR,LUNARDELLI,Feminicídio,1/11/2025,0
PR,LUNARDELLI,Feminicídio,1/12/2025,0
PR,LUNARDELLI,Tentativa de feminicídio,1/1/2025,0
PR,LUNARDELLI,Tentativa de feminicídio,1/2/2025,0
PR,LUNARDELLI,Tentativa de feminicídio,1/3/2025,0
PR,LUNARDELLI,Tentativa de feminicídio,1/4/2025,0
PR,LUNARDELLI,Tentativa de feminicídio,1/5/2025,0
PR,LUNARDELLI,Tentativa de feminicídio,1/6/2025,0
PR,LUNARDELLI,Tentativa de feminicídio,1/7/2025,0
PR,LUNARDELLI,Tentativa de feminicídio,1/8/2025,0
PR,LUNARDELLI,Tentativa de feminicídio,1/9/2025,0
PR,LUNARDELLI,Tentativa de feminicídio,1/10/2025,0
PR,LUNARDELLI,Tentativa de feminicídio,1/11/2025,0
PR,LUNARDELLI,Tentativa de feminicídio,1/12/2025,0
PR,LUPIONÓPOLIS,Feminicídio,1/1/2025,0
PR,LUPIONÓPOLIS,Feminicídio,1/2/2025,0
PR,LUPIONÓPOLIS,Feminicídio,1/3/2025,0
PR,LUPIONÓPOLIS,Feminicídio,1/4/2025,0
PR,LUPIONÓPOLIS,Feminicídio,1/5/2025,0
PR,LUPIONÓPOLIS,Feminicídio,1/6/2025,0
PR,LUPIONÓPOLIS,Feminicídio,1/7/2025,0
PR,LUPIONÓPOLIS,Feminicídio,1/8/2025,0
PR,LUPIONÓPOLIS,Feminicídio,1/9/2025,0
PR,LUPIONÓPOLIS,Feminicídio,1/10/2025,0
PR,LUPIONÓPOLIS,Feminicídio,1/11/2025,0
PR,LUPIONÓPOLIS,Feminicídio,1/12/2025,0
PR,LUPIONÓPOLIS,Tentativa de feminicídio,1/1/2025,0
PR,LUPIONÓPOLIS,Tentativa de feminicídio,1/2/2025,0
PR,LUPIONÓPOLIS,Tentativa de feminicídio,1/3/2025,0
PR,LUPIONÓPOLIS,Tentativa de feminicídio,1/4/2025,0
PR,LUPIONÓPOLIS,Tentativa de feminicídio,1/5/2025,0
PR,LUPIONÓPOLIS,Tentativa de feminicídio,1/6/2025,0
PR,LUPIONÓPOLIS,Tentativa de feminicídio,1/7/2025,0
PR,LUPIONÓPOLIS,Tentativa de feminicídio,1/8/2025,0
PR,LUPIONÓPOLIS,Tentativa de feminicídio,1/9/2025,0
PR,LUPIONÓPOLIS,Tentativa de feminicídio,1/10/2025,1
PR,LUPIONÓPOLIS,Tentativa de feminicídio,1/11/2025,0
PR,LUPIONÓPOLIS,Tentativa de feminicídio,1/12/2025,0
PR,MALLET,Feminicídio,1/1/2025,0
PR,MALLET,Feminicídio,1/2/2025,0
PR,MALLET,Feminicídio,1/3/2025,0
PR,MALLET,Feminicídio,1/4/2025,0
PR,MALLET,Feminicídio,1/5/2025,0
PR,MALLET,Feminicídio,1/6/2025,0
PR,MALLET,Feminicídio,1/7/2025,0
PR,MALLET,Feminicídio,1/8/2025,0
PR,MALLET,Feminicídio,1/9/2025,0
PR,MALLET,Feminicídio,1/10/2025,0
PR,MALLET,Feminicídio,1/11/2025,0
PR,MALLET,Feminicídio,1/12/2025,0
PR,MALLET,Tentativa de feminicídio,1/1/2025,0
PR,MALLET,Tentativa de feminicídio,1/2/2025,0
PR,MALLET,Tentativa de feminicídio,1/3/2025,0
PR,MALLET,Tentativa de feminicídio,1/4/2025,0
PR,MALLET,Tentativa de feminicídio,1/5/2025,0
PR,MALLET,Tentativa de feminicídio,1/6/2025,0
PR,MALLET,Tentativa de feminicídio,1/7/2025,0
PR,MALLET,Tentativa de feminicídio,1/8/2025,0
PR,MALLET,Tentativa de feminicídio,1/9/2025,0
PR,MALLET,Tentativa de feminicídio,1/10/2025,0
PR,MALLET,Tentativa de feminicídio,1/11/2025,0
PR,MALLET,Tentativa de feminicídio,1/12/2025,0
PR,MAMBORÊ,Feminicídio,1/1/2025,0
PR,MAMBORÊ,Feminicídio,1/2/2025,0
PR,MAMBORÊ,Feminicídio,1/3/2025,0
PR,MAMBORÊ,Feminicídio,1/4/2025,0
PR,MAMBORÊ,Feminicídio,1/5/2025,0
PR,MAMBORÊ,Feminicídio,1/6/2025,0
PR,MAMBORÊ,Feminicídio,1/7/2025,0
PR,MAMBORÊ,Feminicídio,1/8/2025,0
PR,MAMBORÊ,Feminicídio,1/9/2025,0
PR,MAMBORÊ,Feminicídio,1/10/2025,0
PR,MAMBORÊ,Feminicídio,1/11/2025,0
PR,MAMBORÊ,Feminicídio,1/12/2025,0
PR,MAMBORÊ,Tentativa de feminicídio,1/1/2025,0
PR,MAMBORÊ,Tentativa de feminicídio,1/2/2025,0
PR,MAMBORÊ,Tentativa de feminicídio,1/3/2025,0
PR,MAMBORÊ,Tentativa de feminicídio,1/4/2025,0
PR,MAMBORÊ,Tentativa de feminicídio,1/5/2025,0
PR,MAMBORÊ,Tentativa de feminicídio,1/6/2025,0
PR,MAMBORÊ,Tentativa de feminicídio,1/7/2025,0
PR,MAMBORÊ,Tentativa de feminicídio,1/8/2025,0
PR,MAMBORÊ,Tentativa de feminicídio,1/9/2025,0
PR,MAMBORÊ,Tentativa de feminicídio,1/10/2025,0
PR,MAMBORÊ,Tentativa de feminicídio,1/11/2025,0
PR,MAMBORÊ,Tentativa de feminicídio,1/12/2025,0
PR,MANDAGUARI,Feminicídio,1/1/2025,0
PR,MANDAGUARI,Feminicídio,1/2/2025,0
PR,MANDAGUARI,Feminicídio,1/3/2025,0
PR,MANDAGUARI,Feminicídio,1/4/2025,0
PR,MANDAGUARI,Feminicídio,1/5/2025,0
PR,MANDAGUARI,Feminicídio,1/6/2025,0
PR,MANDAGUARI,Feminicídio,1/7/2025,0
PR,MANDAGUARI,Feminicídio,1/8/2025,0
PR,MANDAGUARI,Feminicídio,1/9/2025,0
PR,MANDAGUARI,Feminicídio,1/10/2025,0
PR,MANDAGUARI,Feminicídio,1/11/2025,0
PR,MANDAGUARI,Feminicídio,1/12/2025,0
PR,MANDAGUARI,Tentativa de feminicídio,1/1/2025,0
PR,MANDAGUARI,Tentativa de feminicídio,1/2/2025,0
PR,MANDAGUARI,Tentativa de feminicídio,1/3/2025,0
PR,MANDAGUARI,Tentativa de feminicídio,1/4/2025,0
PR,MANDAGUARI,Tentativa de feminicídio,1/5/2025,0
PR,MANDAGUARI,Tentativa de feminicídio,1/6/2025,0
PR,MANDAGUARI,Tentativa de feminicídio,1/7/2025,0
PR,MANDAGUARI,Tentativa de feminicídio,1/8/2025,0
PR,MANDAGUARI,Tentativa de feminicídio,1/9/2025,0
PR,MANDAGUARI,Tentativa de feminicídio,1/10/2025,0
PR,MANDAGUARI,Tentativa de feminicídio,1/11/2025,0
PR,MANDAGUARI,Tentativa de feminicídio,1/12/2025,0
PR,MANDAGUAÇU,Feminicídio,1/1/2025,0
PR,MANDAGUAÇU,Feminicídio,1/2/2025,0
PR,MANDAGUAÇU,Feminicídio,1/3/2025,0
PR,MANDAGUAÇU,Feminicídio,1/4/2025,0
PR,MANDAGUAÇU,Feminicídio,1/5/2025,0
PR,MANDAGUAÇU,Feminicídio,1/6/2025,0
PR,MANDAGUAÇU,Feminicídio,1/7/2025,0
PR,MANDAGUAÇU,Feminicídio,1/8/2025,0
PR,MANDAGUAÇU,Feminicídio,1/9/2025,0
PR,MANDAGUAÇU,Feminicídio,1/10/2025,0
PR,MANDAGUAÇU,Feminicídio,1/11/2025,0
PR,MANDAGUAÇU,Feminicídio,1/12/2025,0
PR,MANDAGUAÇU,Tentativa de feminicídio,1/1/2025,0
PR,MANDAGUAÇU,Tentativa de feminicídio,1/2/2025,0
PR,MANDAGUAÇU,Tentativa de feminicídio,1/3/2025,0
PR,MANDAGUAÇU,Tentativa de feminicídio,1/4/2025,0
PR,MANDAGUAÇU,Tentativa de feminicídio,1/5/2025,0
PR,MANDAGUAÇU,Tentativa de feminicídio,1/6/2025,0
PR,MANDAGUAÇU,Tentativa de feminicídio,1/7/2025,0
PR,MANDAGUAÇU,Tentativa de feminicídio,1/8/2025,0
PR,MANDAGUAÇU,Tentativa de feminicídio,1/9/2025,0
PR,MANDAGUAÇU,Tentativa de feminicídio,1/10/2025,0
PR,MANDAGUAÇU,Tentativa de feminicídio,1/11/2025,0
PR,MANDAGUAÇU,Tentativa de feminicídio,1/12/2025,0
PR,MANDIRITUBA,Feminicídio,1/1/2025,0
PR,MANDIRITUBA,Feminicídio,1/2/2025,0
PR,MANDIRITUBA,Feminicídio,1/3/2025,0
PR,MANDIRITUBA,Feminicídio,1/4/2025,0
PR,MANDIRITUBA,Feminicídio,1/5/2025,1
PR,MANDIRITUBA,Feminicídio,1/6/2025,0
PR,MANDIRITUBA,Feminicídio,1/7/2025,0
PR,MANDIRITUBA,Feminicídio,1/8/2025,0
PR,MANDIRITUBA,Feminicídio,1/9/2025,0
PR,MANDIRITUBA,Feminicídio,1/10/2025,0
PR,MANDIRITUBA,Feminicídio,1/11/2025,0
PR,MANDIRITUBA,Feminicídio,1/12/2025,0
PR,MANDIRITUBA,Tentativa de feminicídio,1/1/2025,0
PR,MANDIRITUBA,Tentativa de feminicídio,1/2/2025,0
PR,MANDIRITUBA,Tentativa de feminicídio,1/3/2025,0
PR,MANDIRITUBA,Tentativa de feminicídio,1/4/2025,0
PR,MANDIRITUBA,Tentativa de feminicídio,1/5/2025,0
PR,MANDIRITUBA,Tentativa de feminicídio,1/6/2025,0
PR,MANDIRITUBA,Tentativa de feminicídio,1/7/2025,0
PR,MANDIRITUBA,Tentativa de feminicídio,1/8/2025,0
PR,MANDIRITUBA,Tentativa de feminicídio,1/9/2025,0
PR,MANDIRITUBA,Tentativa de feminicídio,1/10/2025,0
PR,MANDIRITUBA,Tentativa de feminicídio,1/11/2025,0
PR,MANDIRITUBA,Tentativa de feminicídio,1/12/2025,0
PR,MANFRINÓPOLIS,Feminicídio,1/1/2025,0
PR,MANFRINÓPOLIS,Feminicídio,1/2/2025,0
PR,MANFRINÓPOLIS,Feminicídio,1/3/2025,0
PR,MANFRINÓPOLIS,Feminicídio,1/4/2025,0
PR,MANFRINÓPOLIS,Feminicídio,1/5/2025,0
PR,MANFRINÓPOLIS,Feminicídio,1/6/2025,0
PR,MANFRINÓPOLIS,Feminicídio,1/7/2025,0
PR,MANFRINÓPOLIS,Feminicídio,1/8/2025,0
PR,MANFRINÓPOLIS,Feminicídio,1/9/2025,0
PR,MANFRINÓPOLIS,Feminicídio,1/10/2025,0
PR,MANFRINÓPOLIS,Feminicídio,1/11/2025,0
PR,MANFRINÓPOLIS,Feminicídio,1/12/2025,0
PR,MANFRINÓPOLIS,Tentativa de feminicídio,1/1/2025,0
PR,MANFRINÓPOLIS,Tentativa de feminicídio,1/2/2025,0
PR,MANFRINÓPOLIS,Tentativa de feminicídio,1/3/2025,0
PR,MANFRINÓPOLIS,Tentativa de feminicídio,1/4/2025,0
PR,MANFRINÓPOLIS,Tentativa de feminicídio,1/5/2025,0
PR,MANFRINÓPOLIS,Tentativa de feminicídio,1/6/2025,0
PR,MANFRINÓPOLIS,Tentativa de feminicídio,1/7/2025,0
PR,MANFRINÓPOLIS,Tentativa de feminicídio,1/8/2025,0
PR,MANFRINÓPOLIS,Tentativa de feminicídio,1/9/2025,0
PR,MANFRINÓPOLIS,Tentativa de feminicídio,1/10/2025,0
PR,MANFRINÓPOLIS,Tentativa de feminicídio,1/11/2025,0
PR,MANFRINÓPOLIS,Tentativa de feminicídio,1/12/2025,0
PR,MANGUEIRINHA,Feminicídio,1/1/2025,0
PR,MANGUEIRINHA,Feminicídio,1/2/2025,0
PR,MANGUEIRINHA,Feminicídio,1/3/2025,0
PR,MANGUEIRINHA,Feminicídio,1/4/2025,1
PR,MANGUEIRINHA,Feminicídio,1/5/2025,0
PR,MANGUEIRINHA,Feminicídio,1/6/2025,0
PR,MANGUEIRINHA,Feminicídio,1/7/2025,0
PR,MANGUEIRINHA,Feminicídio,1/8/2025,0
PR,MANGUEIRINHA,Feminicídio,1/9/2025,0
PR,MANGUEIRINHA,Feminicídio,1/10/2025,0
PR,MANGUEIRINHA,Feminicídio,1/11/2025,0
PR,MANGUEIRINHA,Feminicídio,1/12/2025,0
PR,MANGUEIRINHA,Tentativa de feminicídio,1/1/2025,0
PR,MANGUEIRINHA,Tentativa de feminicídio,1/2/2025,0
PR,MANGUEIRINHA,Tentativa de feminicídio,1/3/2025,0
PR,MANGUEIRINHA,Tentativa de feminicídio,1/4/2025,0
PR,MANGUEIRINHA,Tentativa de feminicídio,1/5/2025,0
PR,MANGUEIRINHA,Tentativa de feminicídio,1/6/2025,0
PR,MANGUEIRINHA,Tentativa de feminicídio,1/7/2025,0
PR,MANGUEIRINHA,Tentativa de feminicídio,1/8/2025,0
PR,MANGUEIRINHA,Tentativa de feminicídio,1/9/2025,0
PR,MANGUEIRINHA,Tentativa de feminicídio,1/10/2025,0
PR,MANGUEIRINHA,Tentativa de feminicídio,1/11/2025,0
PR,MANGUEIRINHA,Tentativa de feminicídio,1/12/2025,0
PR,MANOEL RIBAS,Feminicídio,1/1/2025,0
PR,MANOEL RIBAS,Feminicídio,1/2/2025,0
PR,MANOEL RIBAS,Feminicídio,1/3/2025,0
PR,MANOEL RIBAS,Feminicídio,1/4/2025,0
PR,MANOEL RIBAS,Feminicídio,1/5/2025,0
PR,MANOEL RIBAS,Feminicídio,1/6/2025,0
PR,MANOEL RIBAS,Feminicídio,1/7/2025,0
PR,MANOEL RIBAS,Feminicídio,1/8/2025,0
PR,MANOEL RIBAS,Feminicídio,1/9/2025,0
PR,MANOEL RIBAS,Feminicídio,1/10/2025,0
PR,MANOEL RIBAS,Feminicídio,1/11/2025,0
PR,MANOEL RIBAS,Feminicídio,1/12/2025,0
PR,MANOEL RIBAS,Tentativa de feminicídio,1/1/2025,0
PR,MANOEL RIBAS,Tentativa de feminicídio,1/2/2025,0
PR,MANOEL RIBAS,Tentativa de feminicídio,1/3/2025,0
PR,MANOEL RIBAS,Tentativa de feminicídio,1/4/2025,0
PR,MANOEL RIBAS,Tentativa de feminicídio,1/5/2025,0
PR,MANOEL RIBAS,Tentativa de feminicídio,1/6/2025,0
PR,MANOEL RIBAS,Tentativa de feminicídio,1/7/2025,0
PR,MANOEL RIBAS,Tentativa de feminicídio,1/8/2025,0
PR,MANOEL RIBAS,Tentativa de feminicídio,1/9/2025,0
PR,MANOEL RIBAS,Tentativa de feminicídio,1/10/2025,0
PR,MANOEL RIBAS,Tentativa de feminicídio,1/11/2025,0
PR,MANOEL RIBAS,Tentativa de feminicídio,1/12/2025,0
PR,MARECHAL CÂNDIDO RONDON,Feminicídio,1/1/2025,0
PR,MARECHAL CÂNDIDO RONDON,Feminicídio,1/2/2025,0
PR,MARECHAL CÂNDIDO RONDON,Feminicídio,1/3/2025,0
PR,MARECHAL CÂNDIDO RONDON,Feminicídio,1/4/2025,0
PR,MARECHAL CÂNDIDO RONDON,Feminicídio,1/5/2025,0
PR,MARECHAL CÂNDIDO RONDON,Feminicídio,1/6/2025,0
PR,MARECHAL CÂNDIDO RONDON,Feminicídio,1/7/2025,0
PR,MARECHAL CÂNDIDO RONDON,Feminicídio,1/8/2025,0
PR,MARECHAL CÂNDIDO RONDON,Feminicídio,1/9/2025,0
PR,MARECHAL CÂNDIDO RONDON,Feminicídio,1/10/2025,0
PR,MARECHAL CÂNDIDO RONDON,Feminicídio,1/11/2025,0
PR,MARECHAL CÂNDIDO RONDON,Feminicídio,1/12/2025,0
PR,MARECHAL CÂNDIDO RONDON,Tentativa de feminicídio,1/1/2025,0
PR,MARECHAL CÂNDIDO RONDON,Tentativa de feminicídio,1/2/2025,0
PR,MARECHAL CÂNDIDO RONDON,Tentativa de feminicídio,1/3/2025,0
PR,MARECHAL CÂNDIDO RONDON,Tentativa de feminicídio,1/4/2025,0
PR,MARECHAL CÂNDIDO RONDON,Tentativa de feminicídio,1/5/2025,2
PR,MARECHAL CÂNDIDO RONDON,Tentativa de feminicídio,1/6/2025,2
PR,MARECHAL CÂNDIDO RONDON,Tentativa de feminicídio,1/7/2025,1
PR,MARECHAL CÂNDIDO RONDON,Tentativa de feminicídio,1/8/2025,0
PR,MARECHAL CÂNDIDO RONDON,Tentativa de feminicídio,1/9/2025,0
PR,MARECHAL CÂNDIDO RONDON,Tentativa de feminicídio,1/10/2025,0
PR,MARECHAL CÂNDIDO RONDON,Tentativa de feminicídio,1/11/2025,0
PR,MARECHAL CÂNDIDO RONDON,Tentativa de feminicídio,1/12/2025,0
PR,MARIA HELENA,Feminicídio,1/1/2025,0
PR,MARIA HELENA,Feminicídio,1/2/2025,0
PR,MARIA HELENA,Feminicídio,1/3/2025,0
PR,MARIA HELENA,Feminicídio,1/4/2025,0
PR,MARIA HELENA,Feminicídio,1/5/2025,0
PR,MARIA HELENA,Feminicídio,1/6/2025,0
PR,MARIA HELENA,Feminicídio,1/7/2025,0
PR,MARIA HELENA,Feminicídio,1/8/2025,0
PR,MARIA HELENA,Feminicídio,1/9/2025,0
PR,MARIA HELENA,Feminicídio,1/10/2025,0
PR,MARIA HELENA,Feminicídio,1/11/2025,0
PR,MARIA HELENA,Feminicídio,1/12/2025,0
PR,MARIA HELENA,Tentativa de feminicídio,1/1/2025,0
PR,MARIA HELENA,Tentativa de feminicídio,1/2/2025,0
PR,MARIA HELENA,Tentativa de feminicídio,1/3/2025,0
PR,MARIA HELENA,Tentativa de feminicídio,1/4/2025,0
PR,MARIA HELENA,Tentativa de feminicídio,1/5/2025,0
PR,MARIA HELENA,Tentativa de feminicídio,1/6/2025,0
PR,MARIA HELENA,Tentativa de feminicídio,1/7/2025,0
PR,MARIA HELENA,Tentativa de feminicídio,1/8/2025,1
PR,MARIA HELENA,Tentativa de feminicídio,1/9/2025,0
PR,MARIA HELENA,Tentativa de feminicídio,1/10/2025,0
PR,MARIA HELENA,Tentativa de feminicídio,1/11/2025,0
PR,MARIA HELENA,Tentativa de feminicídio,1/12/2025,0
PR,MARIALVA,Feminicídio,1/1/2025,0
PR,MARIALVA,Feminicídio,1/2/2025,0
PR,MARIALVA,Feminicídio,1/3/2025,0
PR,MARIALVA,Feminicídio,1/4/2025,0
PR,MARIALVA,Feminicídio,1/5/2025,0
PR,MARIALVA,Feminicídio,1/6/2025,0
PR,MARIALVA,Feminicídio,1/7/2025,0
PR,MARIALVA,Feminicídio,1/8/2025,0
PR,MARIALVA,Feminicídio,1/9/2025,0
PR,MARIALVA,Feminicídio,1/10/2025,0
PR,MARIALVA,Feminicídio,1/11/2025,0
PR,MARIALVA,Feminicídio,1/12/2025,0
PR,MARIALVA,Tentativa de feminicídio,1/1/2025,0
PR,MARIALVA,Tentativa de feminicídio,1/2/2025,0
PR,MARIALVA,Tentativa de feminicídio,1/3/2025,0
PR,MARIALVA,Tentativa de feminicídio,1/4/2025,0
PR,MARIALVA,Tentativa de feminicídio,1/5/2025,0
PR,MARIALVA,Tentativa de feminicídio,1/6/2025,0
PR,MARIALVA,Tentativa de feminicídio,1/7/2025,0
PR,MARIALVA,Tentativa de feminicídio,1/8/2025,0
PR,MARIALVA,Tentativa de feminicídio,1/9/2025,0
PR,MARIALVA,Tentativa de feminicídio,1/10/2025,0
PR,MARIALVA,Tentativa de feminicídio,1/11/2025,0
PR,MARIALVA,Tentativa de feminicídio,1/12/2025,0
PR,MARILENA,Feminicídio,1/1/2025,0
PR,MARILENA,Feminicídio,1/2/2025,0
PR,MARILENA,Feminicídio,1/3/2025,0
PR,MARILENA,Feminicídio,1/4/2025,0
PR,MARILENA,Feminicídio,1/5/2025,0
PR,MARILENA,Feminicídio,1/6/2025,0
PR,MARILENA,Feminicídio,1/7/2025,0
PR,MARILENA,Feminicídio,1/8/2025,0
PR,MARILENA,Feminicídio,1/9/2025,0
PR,MARILENA,Feminicídio,1/10/2025,0
PR,MARILENA,Feminicídio,1/11/2025,0
PR,MARILENA,Feminicídio,1/12/2025,0
PR,MARILENA,Tentativa de feminicídio,1/1/2025,0
PR,MARILENA,Tentativa de feminicídio,1/2/2025,0
PR,MARILENA,Tentativa de feminicídio,1/3/2025,0
PR,MARILENA,Tentativa de feminicídio,1/4/2025,0
PR,MARILENA,Tentativa de feminicídio,1/5/2025,0
PR,MARILENA,Tentativa de feminicídio,1/6/2025,0
PR,MARILENA,Tentativa de feminicídio,1/7/2025,0
PR,MARILENA,Tentativa de feminicídio,1/8/2025,0
PR,MARILENA,Tentativa de feminicídio,1/9/2025,0
PR,MARILENA,Tentativa de feminicídio,1/10/2025,0
PR,MARILENA,Tentativa de feminicídio,1/11/2025,0
PR,MARILENA,Tentativa de feminicídio,1/12/2025,0
PR,MARILUZ,Feminicídio,1/1/2025,0
PR,MARILUZ,Feminicídio,1/2/2025,0
PR,MARILUZ,Feminicídio,1/3/2025,0
PR,MARILUZ,Feminicídio,1/4/2025,0
PR,MARILUZ,Feminicídio,1/5/2025,0
PR,MARILUZ,Feminicídio,1/6/2025,0
PR,MARILUZ,Feminicídio,1/7/2025,0
PR,MARILUZ,Feminicídio,1/8/2025,0
PR,MARILUZ,Feminicídio,1/9/2025,0
PR,MARILUZ,Feminicídio,1/10/2025,0
PR,MARILUZ,Feminicídio,1/11/2025,0
PR,MARILUZ,Feminicídio,1/12/2025,0
PR,MARILUZ,Tentativa de feminicídio,1/1/2025,0
PR,MARILUZ,Tentativa de feminicídio,1/2/2025,0
PR,MARILUZ,Tentativa de feminicídio,1/3/2025,0
PR,MARILUZ,Tentativa de feminicídio,1/4/2025,0
PR,MARILUZ,Tentativa de feminicídio,1/5/2025,0
PR,MARILUZ,Tentativa de feminicídio,1/6/2025,0
PR,MARILUZ,Tentativa de feminicídio,1/7/2025,0
PR,MARILUZ,Tentativa de feminicídio,1/8/2025,0
PR,MARILUZ,Tentativa de feminicídio,1/9/2025,0
PR,MARILUZ,Tentativa de feminicídio,1/10/2025,0
PR,MARILUZ,Tentativa de feminicídio,1/11/2025,0
PR,MARILUZ,Tentativa de feminicídio,1/12/2025,0
PR,MARILÂNDIA DO SUL,Feminicídio,1/1/2025,0
PR,MARILÂNDIA DO SUL,Feminicídio,1/2/2025,0
PR,MARILÂNDIA DO SUL,Feminicídio,1/3/2025,0
PR,MARILÂNDIA DO SUL,Feminicídio,1/4/2025,0
PR,MARILÂNDIA DO SUL,Feminicídio,1/5/2025,0
PR,MARILÂNDIA DO SUL,Feminicídio,1/6/2025,0
PR,MARILÂNDIA DO SUL,Feminicídio,1/7/2025,0
PR,MARILÂNDIA DO SUL,Feminicídio,1/8/2025,0
PR,MARILÂNDIA DO SUL,Feminicídio,1/9/2025,0
PR,MARILÂNDIA DO SUL,Feminicídio,1/10/2025,0
PR,MARILÂNDIA DO SUL,Feminicídio,1/11/2025,0
PR,MARILÂNDIA DO SUL,Feminicídio,1/12/2025,0
PR,MARILÂNDIA DO SUL,Tentativa de feminicídio,1/1/2025,0
PR,MARILÂNDIA DO SUL,Tentativa de feminicídio,1/2/2025,0
PR,MARILÂNDIA DO SUL,Tentativa de feminicídio,1/3/2025,0
PR,MARILÂNDIA DO SUL,Tentativa de feminicídio,1/4/2025,0
PR,MARILÂNDIA DO SUL,Tentativa de feminicídio,1/5/2025,0
PR,MARILÂNDIA DO SUL,Tentativa de feminicídio,1/6/2025,0
PR,MARILÂNDIA DO SUL,Tentativa de feminicídio,1/7/2025,0
PR,MARILÂNDIA DO SUL,Tentativa de feminicídio,1/8/2025,0
PR,MARILÂNDIA DO SUL,Tentativa de feminicídio,1/9/2025,0
PR,MARILÂNDIA DO SUL,Tentativa de feminicídio,1/10/2025,0
PR,MARILÂNDIA DO SUL,Tentativa de feminicídio,1/11/2025,0
PR,MARILÂNDIA DO SUL,Tentativa de feminicídio,1/12/2025,0
PR,MARINGÁ,Feminicídio,1/1/2025,0
PR,MARINGÁ,Feminicídio,1/2/2025,0
PR,MARINGÁ,Feminicídio,1/3/2025,0
PR,MARINGÁ,Feminicídio,1/4/2025,0
PR,MARINGÁ,Feminicídio,1/5/2025,0
PR,MARINGÁ,Feminicídio,1/6/2025,0
PR,MARINGÁ,Feminicídio,1/7/2025,0
PR,MARINGÁ,Feminicídio,1/8/2025,0
PR,MARINGÁ,Feminicídio,1/9/2025,0
PR,MARINGÁ,Feminicídio,1/10/2025,0
PR,MARINGÁ,Feminicídio,1/11/2025,0
PR,MARINGÁ,Feminicídio,1/12/2025,1
PR,MARINGÁ,Tentativa de feminicídio,1/1/2025,0
PR,MARINGÁ,Tentativa de feminicídio,1/2/2025,0
PR,MARINGÁ,Tentativa de feminicídio,1/3/2025,0
PR,MARINGÁ,Tentativa de feminicídio,1/4/2025,0
PR,MARINGÁ,Tentativa de feminicídio,1/5/2025,1
PR,MARINGÁ,Tentativa de feminicídio,1/6/2025,0
PR,MARINGÁ,Tentativa de feminicídio,1/7/2025,1
PR,MARINGÁ,Tentativa de feminicídio,1/8/2025,0
PR,MARINGÁ,Tentativa de feminicídio,1/9/2025,0
PR,MARINGÁ,Tentativa de feminicídio,1/10/2025,0
PR,MARINGÁ,Tentativa de feminicídio,1/11/2025,0
PR,MARINGÁ,Tentativa de feminicídio,1/12/2025,0
PR,MARIPÁ,Feminicídio,1/1/2025,0
PR,MARIPÁ,Feminicídio,1/2/2025,0
PR,MARIPÁ,Feminicídio,1/3/2025,0
PR,MARIPÁ,Feminicídio,1/4/2025,0
PR,MARIPÁ,Feminicídio,1/5/2025,0
PR,MARIPÁ,Feminicídio,1/6/2025,0
PR,MARIPÁ,Feminicídio,1/7/2025,0
PR,MARIPÁ,Feminicídio,1/8/2025,0
PR,MARIPÁ,Feminicídio,1/9/2025,0
PR,MARIPÁ,Feminicídio,1/10/2025,0
PR,MARIPÁ,Feminicídio,1/11/2025,0
PR,MARIPÁ,Feminicídio,1/12/2025,0
PR,MARIPÁ,Tentativa de feminicídio,1/1/2025,0
PR,MARIPÁ,Tentativa de feminicídio,1/2/2025,0
PR,MARIPÁ,Tentativa de feminicídio,1/3/2025,0
PR,MARIPÁ,Tentativa de feminicídio,1/4/2025,0
PR,MARIPÁ,Tentativa de feminicídio,1/5/2025,0
PR,MARIPÁ,Tentativa de feminicídio,1/6/2025,0
PR,MARIPÁ,Tentativa de feminicídio,1/7/2025,0
PR,MARIPÁ,Tentativa de feminicídio,1/8/2025,0
PR,MARIPÁ,Tentativa de feminicídio,1/9/2025,0
PR,MARIPÁ,Tentativa de feminicídio,1/10/2025,0
PR,MARIPÁ,Tentativa de feminicídio,1/11/2025,0
PR,MARIPÁ,Tentativa de feminicídio,1/12/2025,0
PR,MARIÓPOLIS,Feminicídio,1/1/2025,0
PR,MARIÓPOLIS,Feminicídio,1/2/2025,0
PR,MARIÓPOLIS,Feminicídio,1/3/2025,0
PR,MARIÓPOLIS,Feminicídio,1/4/2025,0
PR,MARIÓPOLIS,Feminicídio,1/5/2025,0
PR,MARIÓPOLIS,Feminicídio,1/6/2025,0
PR,MARIÓPOLIS,Feminicídio,1/7/2025,0
PR,MARIÓPOLIS,Feminicídio,1/8/2025,0
PR,MARIÓPOLIS,Feminicídio,1/9/2025,0
PR,MARIÓPOLIS,Feminicídio,1/10/2025,0
PR,MARIÓPOLIS,Feminicídio,1/11/2025,0
PR,MARIÓPOLIS,Feminicídio,1/12/2025,0
PR,MARIÓPOLIS,Tentativa de feminicídio,1/1/2025,0
PR,MARIÓPOLIS,Tentativa de feminicídio,1/2/2025,0
PR,MARIÓPOLIS,Tentativa de feminicídio,1/3/2025,0
PR,MARIÓPOLIS,Tentativa de feminicídio,1/4/2025,0
PR,MARIÓPOLIS,Tentativa de feminicídio,1/5/2025,0
PR,MARIÓPOLIS,Tentativa de feminicídio,1/6/2025,0
PR,MARIÓPOLIS,Tentativa de feminicídio,1/7/2025,0
PR,MARIÓPOLIS,Tentativa de feminicídio,1/8/2025,0
PR,MARIÓPOLIS,Tentativa de feminicídio,1/9/2025,0
PR,MARIÓPOLIS,Tentativa de feminicídio,1/10/2025,0
PR,MARIÓPOLIS,Tentativa de feminicídio,1/11/2025,0
PR,MARIÓPOLIS,Tentativa de feminicídio,1/12/2025,0
PR,MARMELEIRO,Feminicídio,1/1/2025,0
PR,MARMELEIRO,Feminicídio,1/2/2025,0
PR,MARMELEIRO,Feminicídio,1/3/2025,0
PR,MARMELEIRO,Feminicídio,1/4/2025,0
PR,MARMELEIRO,Feminicídio,1/5/2025,0
PR,MARMELEIRO,Feminicídio,1/6/2025,0
PR,MARMELEIRO,Feminicídio,1/7/2025,0
PR,MARMELEIRO,Feminicídio,1/8/2025,0
PR,MARMELEIRO,Feminicídio,1/9/2025,0
PR,MARMELEIRO,Feminicídio,1/10/2025,0
PR,MARMELEIRO,Feminicídio,1/11/2025,1
PR,MARMELEIRO,Feminicídio,1/12/2025,0
PR,MARMELEIRO,Tentativa de feminicídio,1/1/2025,0
PR,MARMELEIRO,Tentativa de feminicídio,1/2/2025,0
PR,MARMELEIRO,Tentativa de feminicídio,1/3/2025,0
PR,MARMELEIRO,Tentativa de feminicídio,1/4/2025,0
PR,MARMELEIRO,Tentativa de feminicídio,1/5/2025,0
PR,MARMELEIRO,Tentativa de feminicídio,1/6/2025,0
PR,MARMELEIRO,Tentativa de feminicídio,1/7/2025,0
PR,MARMELEIRO,Tentativa de feminicídio,1/8/2025,0
PR,MARMELEIRO,Tentativa de feminicídio,1/9/2025,0
PR,MARMELEIRO,Tentativa de feminicídio,1/10/2025,0
PR,MARMELEIRO,Tentativa de feminicídio,1/11/2025,0
PR,MARMELEIRO,Tentativa de feminicídio,1/12/2025,0
PR,MARQUINHO,Feminicídio,1/1/2025,0
PR,MARQUINHO,Feminicídio,1/2/2025,0
PR,MARQUINHO,Feminicídio,1/3/2025,0
PR,MARQUINHO,Feminicídio,1/4/2025,0
PR,MARQUINHO,Feminicídio,1/5/2025,0
PR,MARQUINHO,Feminicídio,1/6/2025,0
PR,MARQUINHO,Feminicídio,1/7/2025,0
PR,MARQUINHO,Feminicídio,1/8/2025,0
PR,MARQUINHO,Feminicídio,1/9/2025,0
PR,MARQUINHO,Feminicídio,1/10/2025,0
PR,MARQUINHO,Feminicídio,1/11/2025,0
PR,MARQUINHO,Feminicídio,1/12/2025,0
PR,MARQUINHO,Tentativa de feminicídio,1/1/2025,0
PR,MARQUINHO,Tentativa de feminicídio,1/2/2025,0
PR,MARQUINHO,Tentativa de feminicídio,1/3/2025,0
PR,MARQUINHO,Tentativa de feminicídio,1/4/2025,0
PR,MARQUINHO,Tentativa de feminicídio,1/5/2025,0
PR,MARQUINHO,Tentativa de feminicídio,1/6/2025,0
PR,MARQUINHO,Tentativa de feminicídio,1/7/2025,0
PR,MARQUINHO,Tentativa de feminicídio,1/8/2025,0
PR,MARQUINHO,Tentativa de feminicídio,1/9/2025,0
PR,MARQUINHO,Tentativa de feminicídio,1/10/2025,0
PR,MARQUINHO,Tentativa de feminicídio,1/11/2025,0
PR,MARQUINHO,Tentativa de feminicídio,1/12/2025,0
PR,MARUMBI,Feminicídio,1/1/2025,0
PR,MARUMBI,Feminicídio,1/2/2025,0
PR,MARUMBI,Feminicídio,1/3/2025,0
PR,MARUMBI,Feminicídio,1/4/2025,0
PR,MARUMBI,Feminicídio,1/5/2025,0
PR,MARUMBI,Feminicídio,1/6/2025,0
PR,MARUMBI,Feminicídio,1/7/2025,0
PR,MARUMBI,Feminicídio,1/8/2025,0
PR,MARUMBI,Feminicídio,1/9/2025,0
PR,MARUMBI,Feminicídio,1/10/2025,0
PR,MARUMBI,Feminicídio,1/11/2025,0
PR,MARUMBI,Feminicídio,1/12/2025,1
PR,MARUMBI,Tentativa de feminicídio,1/1/2025,0
PR,MARUMBI,Tentativa de feminicídio,1/2/2025,0
PR,MARUMBI,Tentativa de feminicídio,1/3/2025,0
PR,MARUMBI,Tentativa de feminicídio,1/4/2025,0
PR,MARUMBI,Tentativa de feminicídio,1/5/2025,0
PR,MARUMBI,Tentativa de feminicídio,1/6/2025,0
PR,MARUMBI,Tentativa de feminicídio,1/7/2025,0
PR,MARUMBI,Tentativa de feminicídio,1/8/2025,0
PR,MARUMBI,Tentativa de feminicídio,1/9/2025,0
PR,MARUMBI,Tentativa de feminicídio,1/10/2025,0
PR,MARUMBI,Tentativa de feminicídio,1/11/2025,0
PR,MARUMBI,Tentativa de feminicídio,1/12/2025,0
PR,MATELÂNDIA,Feminicídio,1/1/2025,0
PR,MATELÂNDIA,Feminicídio,1/2/2025,0
PR,MATELÂNDIA,Feminicídio,1/3/2025,0
PR,MATELÂNDIA,Feminicídio,1/4/2025,0
PR,MATELÂNDIA,Feminicídio,1/5/2025,0
PR,MATELÂNDIA,Feminicídio,1/6/2025,0
PR,MATELÂNDIA,Feminicídio,1/7/2025,0
PR,MATELÂNDIA,Feminicídio,1/8/2025,0
PR,MATELÂNDIA,Feminicídio,1/9/2025,0
PR,MATELÂNDIA,Feminicídio,1/10/2025,0
PR,MATELÂNDIA,Feminicídio,1/11/2025,0
PR,MATELÂNDIA,Feminicídio,1/12/2025,0
PR,MATELÂNDIA,Tentativa de feminicídio,1/1/2025,0
PR,MATELÂNDIA,Tentativa de feminicídio,1/2/2025,0
PR,MATELÂNDIA,Tentativa de feminicídio,1/3/2025,0
PR,MATELÂNDIA,Tentativa de feminicídio,1/4/2025,0
PR,MATELÂNDIA,Tentativa de feminicídio,1/5/2025,0
PR,MATELÂNDIA,Tentativa de feminicídio,1/6/2025,0
PR,MATELÂNDIA,Tentativa de feminicídio,1/7/2025,0
PR,MATELÂNDIA,Tentativa de feminicídio,1/8/2025,0
PR,MATELÂNDIA,Tentativa de feminicídio,1/9/2025,0
PR,MATELÂNDIA,Tentativa de feminicídio,1/10/2025,0
PR,MATELÂNDIA,Tentativa de feminicídio,1/11/2025,0
PR,MATELÂNDIA,Tentativa de feminicídio,1/12/2025,0
PR,MATINHOS,Feminicídio,1/1/2025,0
PR,MATINHOS,Feminicídio,1/2/2025,1
PR,MATINHOS,Feminicídio,1/3/2025,0
PR,MATINHOS,Feminicídio,1/4/2025,0
PR,MATINHOS,Feminicídio,1/5/2025,0
PR,MATINHOS,Feminicídio,1/6/2025,0
PR,MATINHOS,Feminicídio,1/7/2025,0
PR,MATINHOS,Feminicídio,1/8/2025,0
PR,MATINHOS,Feminicídio,1/9/2025,0
PR,MATINHOS,Feminicídio,1/10/2025,0
PR,MATINHOS,Feminicídio,1/11/2025,0
PR,MATINHOS,Feminicídio,1/12/2025,0
PR,MATINHOS,Tentativa de feminicídio,1/1/2025,0
PR,MATINHOS,Tentativa de feminicídio,1/2/2025,0
PR,MATINHOS,Tentativa de feminicídio,1/3/2025,0
PR,MATINHOS,Tentativa de feminicídio,1/4/2025,0
PR,MATINHOS,Tentativa de feminicídio,1/5/2025,0
PR,MATINHOS,Tentativa de feminicídio,1/6/2025,0
PR,MATINHOS,Tentativa de feminicídio,1/7/2025,0
PR,MATINHOS,Tentativa de feminicídio,1/8/2025,1
PR,MATINHOS,Tentativa de feminicídio,1/9/2025,0
PR,MATINHOS,Tentativa de feminicídio,1/10/2025,0
PR,MATINHOS,Tentativa de feminicídio,1/11/2025,0
PR,MATINHOS,Tentativa de feminicídio,1/12/2025,0
PR,MATO RICO,Feminicídio,1/1/2025,0
PR,MATO RICO,Feminicídio,1/2/2025,0
PR,MATO RICO,Feminicídio,1/3/2025,0
PR,MATO RICO,Feminicídio,1/4/2025,0
PR,MATO RICO,Feminicídio,1/5/2025,0
PR,MATO RICO,Feminicídio,1/6/2025,0
PR,MATO RICO,Feminicídio,1/7/2025,0
PR,MATO RICO,Feminicídio,1/8/2025,0
PR,MATO RICO,Feminicídio,1/9/2025,0
PR,MATO RICO,Feminicídio,1/10/2025,0
PR,MATO RICO,Feminicídio,1/11/2025,0
PR,MATO RICO,Feminicídio,1/12/2025,0
PR,MATO RICO,Tentativa de feminicídio,1/1/2025,0
PR,MATO RICO,Tentativa de feminicídio,1/2/2025,0
PR,MATO RICO,Tentativa de feminicídio,1/3/2025,1
PR,MATO RICO,Tentativa de feminicídio,1/4/2025,0
PR,MATO RICO,Tentativa de feminicídio,1/5/2025,0
PR,MATO RICO,Tentativa de feminicídio,1/6/2025,0
PR,MATO RICO,Tentativa de feminicídio,1/7/2025,0
PR,MATO RICO,Tentativa de feminicídio,1/8/2025,0
PR,MATO RICO,Tentativa de feminicídio,1/9/2025,0
PR,MATO RICO,Tentativa de feminicídio,1/10/2025,0
PR,MATO RICO,Tentativa de feminicídio,1/11/2025,0
PR,MATO RICO,Tentativa de feminicídio,1/12/2025,0
PR,MAUÁ DA SERRA,Feminicídio,1/1/2025,0
PR,MAUÁ DA SERRA,Feminicídio,1/2/2025,0
PR,MAUÁ DA SERRA,Feminicídio,1/3/2025,0
PR,MAUÁ DA SERRA,Feminicídio,1/4/2025,0
PR,MAUÁ DA SERRA,Feminicídio,1/5/2025,0
PR,MAUÁ DA SERRA,Feminicídio,1/6/2025,0
PR,MAUÁ DA SERRA,Feminicídio,1/7/2025,0
PR,MAUÁ DA SERRA,Feminicídio,1/8/2025,0
PR,MAUÁ DA SERRA,Feminicídio,1/9/2025,0
PR,MAUÁ DA SERRA,Feminicídio,1/10/2025,0
PR,MAUÁ DA SERRA,Feminicídio,1/11/2025,0
PR,MAUÁ DA SERRA,Feminicídio,1/12/2025,0
PR,MAUÁ DA SERRA,Tentativa de feminicídio,1/1/2025,0
PR,MAUÁ DA SERRA,Tentativa de feminicídio,1/2/2025,0
PR,MAUÁ DA SERRA,Tentativa de feminicídio,1/3/2025,0
PR,MAUÁ DA SERRA,Tentativa de feminicídio,1/4/2025,0
PR,MAUÁ DA SERRA,Tentativa de feminicídio,1/5/2025,0
PR,MAUÁ DA SERRA,Tentativa de feminicídio,1/6/2025,0
PR,MAUÁ DA SERRA,Tentativa de feminicídio,1/7/2025,0
PR,MAUÁ DA SERRA,Tentativa de feminicídio,1/8/2025,0
PR,MAUÁ DA SERRA,Tentativa de feminicídio,1/9/2025,0
PR,MAUÁ DA SERRA,Tentativa de feminicídio,1/10/2025,0
PR,MAUÁ DA SERRA,Tentativa de feminicídio,1/11/2025,0
PR,MAUÁ DA SERRA,Tentativa de feminicídio,1/12/2025,0
PR,MEDIANEIRA,Feminicídio,1/1/2025,1
PR,MEDIANEIRA,Feminicídio,1/2/2025,0
PR,MEDIANEIRA,Feminicídio,1/3/2025,0
PR,MEDIANEIRA,Feminicídio,1/4/2025,0
PR,MEDIANEIRA,Feminicídio,1/5/2025,0
PR,MEDIANEIRA,Feminicídio,1/6/2025,0
PR,MEDIANEIRA,Feminicídio,1/7/2025,0
PR,MEDIANEIRA,Feminicídio,1/8/2025,0
PR,MEDIANEIRA,Feminicídio,1/9/2025,0
PR,MEDIANEIRA,Feminicídio,1/10/2025,0
PR,MEDIANEIRA,Feminicídio,1/11/2025,0
PR,MEDIANEIRA,Feminicídio,1/12/2025,0
PR,MEDIANEIRA,Tentativa de feminicídio,1/1/2025,0
PR,MEDIANEIRA,Tentativa de feminicídio,1/2/2025,0
PR,MEDIANEIRA,Tentativa de feminicídio,1/3/2025,0
PR,MEDIANEIRA,Tentativa de feminicídio,1/4/2025,1
PR,MEDIANEIRA,Tentativa de feminicídio,1/5/2025,0
PR,MEDIANEIRA,Tentativa de feminicídio,1/6/2025,0
PR,MEDIANEIRA,Tentativa de feminicídio,1/7/2025,0
PR,MEDIANEIRA,Tentativa de feminicídio,1/8/2025,0
PR,MEDIANEIRA,Tentativa de feminicídio,1/9/2025,0
PR,MEDIANEIRA,Tentativa de feminicídio,1/10/2025,0
PR,MEDIANEIRA,Tentativa de feminicídio,1/11/2025,0
PR,MEDIANEIRA,Tentativa de feminicídio,1/12/2025,0
PR,MERCEDES,Feminicídio,1/1/2025,0
PR,MERCEDES,Feminicídio,1/2/2025,0
PR,MERCEDES,Feminicídio,1/3/2025,0
PR,MERCEDES,Feminicídio,1/4/2025,0
PR,MERCEDES,Feminicídio,1/5/2025,0
PR,MERCEDES,Feminicídio,1/6/2025,0
PR,MERCEDES,Feminicídio,1/7/2025,0
PR,MERCEDES,Feminicídio,1/8/2025,0
PR,MERCEDES,Feminicídio,1/9/2025,0
PR,MERCEDES,Feminicídio,1/10/2025,0
PR,MERCEDES,Feminicídio,1/11/2025,0
PR,MERCEDES,Feminicídio,1/12/2025,0
PR,MERCEDES,Tentativa de feminicídio,1/1/2025,0
PR,MERCEDES,Tentativa de feminicídio,1/2/2025,0
PR,MERCEDES,Tentativa de feminicídio,1/3/2025,0
PR,MERCEDES,Tentativa de feminicídio,1/4/2025,0
PR,MERCEDES,Tentativa de feminicídio,1/5/2025,0
PR,MERCEDES,Tentativa de feminicídio,1/6/2025,0
PR,MERCEDES,Tentativa de feminicídio,1/7/2025,0
PR,MERCEDES,Tentativa de feminicídio,1/8/2025,0
PR,MERCEDES,Tentativa de feminicídio,1/9/2025,0
PR,MERCEDES,Tentativa de feminicídio,1/10/2025,0
PR,MERCEDES,Tentativa de feminicídio,1/11/2025,0
PR,MERCEDES,Tentativa de feminicídio,1/12/2025,0
PR,MIRADOR,Feminicídio,1/1/2025,0
PR,MIRADOR,Feminicídio,1/2/2025,0
PR,MIRADOR,Feminicídio,1/3/2025,0
PR,MIRADOR,Feminicídio,1/4/2025,0
PR,MIRADOR,Feminicídio,1/5/2025,0
PR,MIRADOR,Feminicídio,1/6/2025,0
PR,MIRADOR,Feminicídio,1/7/2025,0
PR,MIRADOR,Feminicídio,1/8/2025,0
PR,MIRADOR,Feminicídio,1/9/2025,0
PR,MIRADOR,Feminicídio,1/10/2025,0
PR,MIRADOR,Feminicídio,1/11/2025,0
PR,MIRADOR,Feminicídio,1/12/2025,0
PR,MIRADOR,Tentativa de feminicídio,1/1/2025,0
PR,MIRADOR,Tentativa de feminicídio,1/2/2025,0
PR,MIRADOR,Tentativa de feminicídio,1/3/2025,0
PR,MIRADOR,Tentativa de feminicídio,1/4/2025,0
PR,MIRADOR,Tentativa de feminicídio,1/5/2025,0
PR,MIRADOR,Tentativa de feminicídio,1/6/2025,0
PR,MIRADOR,Tentativa de feminicídio,1/7/2025,0
PR,MIRADOR,Tentativa de feminicídio,1/8/2025,0
PR,MIRADOR,Tentativa de feminicídio,1/9/2025,0
PR,MIRADOR,Tentativa de feminicídio,1/10/2025,0
PR,MIRADOR,Tentativa de feminicídio,1/11/2025,0
PR,MIRADOR,Tentativa de feminicídio,1/12/2025,0
PR,MIRASELVA,Feminicídio,1/1/2025,0
PR,MIRASELVA,Feminicídio,1/2/2025,0
PR,MIRASELVA,Feminicídio,1/3/2025,0
PR,MIRASELVA,Feminicídio,1/4/2025,0
PR,MIRASELVA,Feminicídio,1/5/2025,0
PR,MIRASELVA,Feminicídio,1/6/2025,0
PR,MIRASELVA,Feminicídio,1/7/2025,0
PR,MIRASELVA,Feminicídio,1/8/2025,0
PR,MIRASELVA,Feminicídio,1/9/2025,0
PR,MIRASELVA,Feminicídio,1/10/2025,0
PR,MIRASELVA,Feminicídio,1/11/2025,0
PR,MIRASELVA,Feminicídio,1/12/2025,0
PR,MIRASELVA,Tentativa de feminicídio,1/1/2025,0
PR,MIRASELVA,Tentativa de feminicídio,1/2/2025,0
PR,MIRASELVA,Tentativa de feminicídio,1/3/2025,0
PR,MIRASELVA,Tentativa de feminicídio,1/4/2025,0
PR,MIRASELVA,Tentativa de feminicídio,1/5/2025,0
PR,MIRASELVA,Tentativa de feminicídio,1/6/2025,0
PR,MIRASELVA,Tentativa de feminicídio,1/7/2025,0
PR,MIRASELVA,Tentativa de feminicídio,1/8/2025,0
PR,MIRASELVA,Tentativa de feminicídio,1/9/2025,0
PR,MIRASELVA,Tentativa de feminicídio,1/10/2025,0
PR,MIRASELVA,Tentativa de feminicídio,1/11/2025,0
PR,MIRASELVA,Tentativa de feminicídio,1/12/2025,0
PR,MISSAL,Feminicídio,1/1/2025,0
PR,MISSAL,Feminicídio,1/2/2025,0
PR,MISSAL,Feminicídio,1/3/2025,0
PR,MISSAL,Feminicídio,1/4/2025,0
PR,MISSAL,Feminicídio,1/5/2025,0
PR,MISSAL,Feminicídio,1/6/2025,0
PR,MISSAL,Feminicídio,1/7/2025,0
PR,MISSAL,Feminicídio,1/8/2025,0
PR,MISSAL,Feminicídio,1/9/2025,0
PR,MISSAL,Feminicídio,1/10/2025,0
PR,MISSAL,Feminicídio,1/11/2025,0
PR,MISSAL,Feminicídio,1/12/2025,0
PR,MISSAL,Tentativa de feminicídio,1/1/2025,0
PR,MISSAL,Tentativa de feminicídio,1/2/2025,1
PR,MISSAL,Tentativa de feminicídio,1/3/2025,0
PR,MISSAL,Tentativa de feminicídio,1/4/2025,0
PR,MISSAL,Tentativa de feminicídio,1/5/2025,0
PR,MISSAL,Tentativa de feminicídio,1/6/2025,0
PR,MISSAL,Tentativa de feminicídio,1/7/2025,0
PR,MISSAL,Tentativa de feminicídio,1/8/2025,0
PR,MISSAL,Tentativa de feminicídio,1/9/2025,0
PR,MISSAL,Tentativa de feminicídio,1/10/2025,0
PR,MISSAL,Tentativa de feminicídio,1/11/2025,0
PR,MISSAL,Tentativa de feminicídio,1/12/2025,0
PR,MOREIRA SALES,Feminicídio,1/1/2025,0
PR,MOREIRA SALES,Feminicídio,1/2/2025,0
PR,MOREIRA SALES,Feminicídio,1/3/2025,0
PR,MOREIRA SALES,Feminicídio,1/4/2025,0
PR,MOREIRA SALES,Feminicídio,1/5/2025,0
PR,MOREIRA SALES,Feminicídio,1/6/2025,0
PR,MOREIRA SALES,Feminicídio,1/7/2025,0
PR,MOREIRA SALES,Feminicídio,1/8/2025,0
PR,MOREIRA SALES,Feminicídio,1/9/2025,0
PR,MOREIRA SALES,Feminicídio,1/10/2025,0
PR,MOREIRA SALES,Feminicídio,1/11/2025,0
PR,MOREIRA SALES,Feminicídio,1/12/2025,0
PR,MOREIRA SALES,Tentativa de feminicídio,1/1/2025,0
PR,MOREIRA SALES,Tentativa de feminicídio,1/2/2025,0
PR,MOREIRA SALES,Tentativa de feminicídio,1/3/2025,0
PR,MOREIRA SALES,Tentativa de feminicídio,1/4/2025,0
PR,MOREIRA SALES,Tentativa de feminicídio,1/5/2025,0
PR,MOREIRA SALES,Tentativa de feminicídio,1/6/2025,0
PR,MOREIRA SALES,Tentativa de feminicídio,1/7/2025,0
PR,MOREIRA SALES,Tentativa de feminicídio,1/8/2025,0
PR,MOREIRA SALES,Tentativa de feminicídio,1/9/2025,0
PR,MOREIRA SALES,Tentativa de feminicídio,1/10/2025,0
PR,MOREIRA SALES,Tentativa de feminicídio,1/11/2025,0
PR,MOREIRA SALES,Tentativa de feminicídio,1/12/2025,0
PR,MORRETES,Feminicídio,1/1/2025,0
PR,MORRETES,Feminicídio,1/2/2025,0
PR,MORRETES,Feminicídio,1/3/2025,0
PR,MORRETES,Feminicídio,1/4/2025,0
PR,MORRETES,Feminicídio,1/5/2025,0
PR,MORRETES,Feminicídio,1/6/2025,0
PR,MORRETES,Feminicídio,1/7/2025,0
PR,MORRETES,Feminicídio,1/8/2025,0
PR,MORRETES,Feminicídio,1/9/2025,0
PR,MORRETES,Feminicídio,1/10/2025,0
PR,MORRETES,Feminicídio,1/11/2025,0
PR,MORRETES,Feminicídio,1/12/2025,0
PR,MORRETES,Tentativa de feminicídio,1/1/2025,0
PR,MORRETES,Tentativa de feminicídio,1/2/2025,0
PR,MORRETES,Tentativa de feminicídio,1/3/2025,0
PR,MORRETES,Tentativa de feminicídio,1/4/2025,0
PR,MORRETES,Tentativa de feminicídio,1/5/2025,0
PR,MORRETES,Tentativa de feminicídio,1/6/2025,0
PR,MORRETES,Tentativa de feminicídio,1/7/2025,0
PR,MORRETES,Tentativa de feminicídio,1/8/2025,0
PR,MORRETES,Tentativa de feminicídio,1/9/2025,0
PR,MORRETES,Tentativa de feminicídio,1/10/2025,0
PR,MORRETES,Tentativa de feminicídio,1/11/2025,0
PR,MORRETES,Tentativa de feminicídio,1/12/2025,0
PR,MUNHOZ DE MELO,Feminicídio,1/1/2025,0
PR,MUNHOZ DE MELO,Feminicídio,1/2/2025,0
PR,MUNHOZ DE MELO,Feminicídio,1/3/2025,0
PR,MUNHOZ DE MELO,Feminicídio,1/4/2025,0
PR,MUNHOZ DE MELO,Feminicídio,1/5/2025,0
PR,MUNHOZ DE MELO,Feminicídio,1/6/2025,0
PR,MUNHOZ DE MELO,Feminicídio,1/7/2025,0
PR,MUNHOZ DE MELO,Feminicídio,1/8/2025,0
PR,MUNHOZ DE MELO,Feminicídio,1/9/2025,0
PR,MUNHOZ DE MELO,Feminicídio,1/10/2025,0
PR,MUNHOZ DE MELO,Feminicídio,1/11/2025,0
PR,MUNHOZ DE MELO,Feminicídio,1/12/2025,0
PR,MUNHOZ DE MELO,Tentativa de feminicídio,1/1/2025,0
PR,MUNHOZ DE MELO,Tentativa de feminicídio,1/2/2025,0
PR,MUNHOZ DE MELO,Tentativa de feminicídio,1/3/2025,0
PR,MUNHOZ DE MELO,Tentativa de feminicídio,1/4/2025,0
PR,MUNHOZ DE MELO,Tentativa de feminicídio,1/5/2025,0
PR,MUNHOZ DE MELO,Tentativa de feminicídio,1/6/2025,0
PR,MUNHOZ DE MELO,Tentativa de feminicídio,1/7/2025,0
PR,MUNHOZ DE MELO,Tentativa de feminicídio,1/8/2025,0
PR,MUNHOZ DE MELO,Tentativa de feminicídio,1/9/2025,0
PR,MUNHOZ DE MELO,Tentativa de feminicídio,1/10/2025,0
PR,MUNHOZ DE MELO,Tentativa de feminicídio,1/11/2025,0
PR,MUNHOZ DE MELO,Tentativa de feminicídio,1/12/2025,0
PR,NOSSA SENHORA DAS GRAÇAS,Feminicídio,1/1/2025,0
PR,NOSSA SENHORA DAS GRAÇAS,Feminicídio,1/2/2025,0
PR,NOSSA SENHORA DAS GRAÇAS,Feminicídio,1/3/2025,0
PR,NOSSA SENHORA DAS GRAÇAS,Feminicídio,1/4/2025,0
PR,NOSSA SENHORA DAS GRAÇAS,Feminicídio,1/5/2025,0
PR,NOSSA SENHORA DAS GRAÇAS,Feminicídio,1/6/2025,0
PR,NOSSA SENHORA DAS GRAÇAS,Feminicídio,1/7/2025,0
PR,NOSSA SENHORA DAS GRAÇAS,Feminicídio,1/8/2025,0
PR,NOSSA SENHORA DAS GRAÇAS,Feminicídio,1/9/2025,0
PR,NOSSA SENHORA DAS GRAÇAS,Feminicídio,1/10/2025,0
PR,NOSSA SENHORA DAS GRAÇAS,Feminicídio,1/11/2025,0
PR,NOSSA SENHORA DAS GRAÇAS,Feminicídio,1/12/2025,0
PR,NOSSA SENHORA DAS GRAÇAS,Tentativa de feminicídio,1/1/2025,0
PR,NOSSA SENHORA DAS GRAÇAS,Tentativa de feminicídio,1/2/2025,0
PR,NOSSA SENHORA DAS GRAÇAS,Tentativa de feminicídio,1/3/2025,0
PR,NOSSA SENHORA DAS GRAÇAS,Tentativa de feminicídio,1/4/2025,0
PR,NOSSA SENHORA DAS GRAÇAS,Tentativa de feminicídio,1/5/2025,0
PR,NOSSA SENHORA DAS GRAÇAS,Tentativa de feminicídio,1/6/2025,0
PR,NOSSA SENHORA DAS GRAÇAS,Tentativa de feminicídio,1/7/2025,0
PR,NOSSA SENHORA DAS GRAÇAS,Tentativa de feminicídio,1/8/2025,0
PR,NOSSA SENHORA DAS GRAÇAS,Tentativa de feminicídio,1/9/2025,0
PR,NOSSA SENHORA DAS GRAÇAS,Tentativa de feminicídio,1/10/2025,0
PR,NOSSA SENHORA DAS GRAÇAS,Tentativa de feminicídio,1/11/2025,0
PR,NOSSA SENHORA DAS GRAÇAS,Tentativa de feminicídio,1/12/2025,0
PR,NOVA ALIANÇA DO IVAÍ,Feminicídio,1/1/2025,0
PR,NOVA ALIANÇA DO IVAÍ,Feminicídio,1/2/2025,0
PR,NOVA ALIANÇA DO IVAÍ,Feminicídio,1/3/2025,0
PR,NOVA ALIANÇA DO IVAÍ,Feminicídio,1/4/2025,0
PR,NOVA ALIANÇA DO IVAÍ,Feminicídio,1/5/2025,0
PR,NOVA ALIANÇA DO IVAÍ,Feminicídio,1/6/2025,0
PR,NOVA ALIANÇA DO IVAÍ,Feminicídio,1/7/2025,0
PR,NOVA ALIANÇA DO IVAÍ,Feminicídio,1/8/2025,0
PR,NOVA ALIANÇA DO IVAÍ,Feminicídio,1/9/2025,0
PR,NOVA ALIANÇA DO IVAÍ,Feminicídio,1/10/2025,0
PR,NOVA ALIANÇA DO IVAÍ,Feminicídio,1/11/2025,0
PR,NOVA ALIANÇA DO IVAÍ,Feminicídio,1/12/2025,0
PR,NOVA ALIANÇA DO IVAÍ,Tentativa de feminicídio,1/1/2025,0
PR,NOVA ALIANÇA DO IVAÍ,Tentativa de feminicídio,1/2/2025,0
PR,NOVA ALIANÇA DO IVAÍ,Tentativa de feminicídio,1/3/2025,0
PR,NOVA ALIANÇA DO IVAÍ,Tentativa de feminicídio,1/4/2025,0
PR,NOVA ALIANÇA DO IVAÍ,Tentativa de feminicídio,1/5/2025,0
PR,NOVA ALIANÇA DO IVAÍ,Tentativa de feminicídio,1/6/2025,0
PR,NOVA ALIANÇA DO IVAÍ,Tentativa de feminicídio,1/7/2025,0
PR,NOVA ALIANÇA DO IVAÍ,Tentativa de feminicídio,1/8/2025,0
PR,NOVA ALIANÇA DO IVAÍ,Tentativa de feminicídio,1/9/2025,0
PR,NOVA ALIANÇA DO IVAÍ,Tentativa de feminicídio,1/10/2025,0
PR,NOVA ALIANÇA DO IVAÍ,Tentativa de feminicídio,1/11/2025,0
PR,NOVA ALIANÇA DO IVAÍ,Tentativa de feminicídio,1/12/2025,0
PR,NOVA AMÉRICA DA COLINA,Feminicídio,1/1/2025,0
PR,NOVA AMÉRICA DA COLINA,Feminicídio,1/2/2025,0
PR,NOVA AMÉRICA DA COLINA,Feminicídio,1/3/2025,0
PR,NOVA AMÉRICA DA COLINA,Feminicídio,1/4/2025,0
PR,NOVA AMÉRICA DA COLINA,Feminicídio,1/5/2025,0
PR,NOVA AMÉRICA DA COLINA,Feminicídio,1/6/2025,0
PR,NOVA AMÉRICA DA COLINA,Feminicídio,1/7/2025,0
PR,NOVA AMÉRICA DA COLINA,Feminicídio,1/8/2025,0
PR,NOVA AMÉRICA DA COLINA,Feminicídio,1/9/2025,0
PR,NOVA AMÉRICA DA COLINA,Feminicídio,1/10/2025,0
PR,NOVA AMÉRICA DA COLINA,Feminicídio,1/11/2025,0
PR,NOVA AMÉRICA DA COLINA,Feminicídio,1/12/2025,0
PR,NOVA AMÉRICA DA COLINA,Tentativa de feminicídio,1/1/2025,0
PR,NOVA AMÉRICA DA COLINA,Tentativa de feminicídio,1/2/2025,0
PR,NOVA AMÉRICA DA COLINA,Tentativa de feminicídio,1/3/2025,0
PR,NOVA AMÉRICA DA COLINA,Tentativa de feminicídio,1/4/2025,0
PR,NOVA AMÉRICA DA COLINA,Tentativa de feminicídio,1/5/2025,0
PR,NOVA AMÉRICA DA COLINA,Tentativa de feminicídio,1/6/2025,0
PR,NOVA AMÉRICA DA COLINA,Tentativa de feminicídio,1/7/2025,0
PR,NOVA AMÉRICA DA COLINA,Tentativa de feminicídio,1/8/2025,0
PR,NOVA AMÉRICA DA COLINA,Tentativa de feminicídio,1/9/2025,0
PR,NOVA AMÉRICA DA COLINA,Tentativa de feminicídio,1/10/2025,0
PR,NOVA AMÉRICA DA COLINA,Tentativa de feminicídio,1/11/2025,0
PR,NOVA AMÉRICA DA COLINA,Tentativa de feminicídio,1/12/2025,0
PR,NOVA AURORA,Feminicídio,1/1/2025,0
PR,NOVA AURORA,Feminicídio,1/2/2025,0
PR,NOVA AURORA,Feminicídio,1/3/2025,0
PR,NOVA AURORA,Feminicídio,1/4/2025,0
PR,NOVA AURORA,Feminicídio,1/5/2025,0
PR,NOVA AURORA,Feminicídio,1/6/2025,0
PR,NOVA AURORA,Feminicídio,1/7/2025,0
PR,NOVA AURORA,Feminicídio,1/8/2025,0
PR,NOVA AURORA,Feminicídio,1/9/2025,0
PR,NOVA AURORA,Feminicídio,1/10/2025,0
PR,NOVA AURORA,Feminicídio,1/11/2025,0
PR,NOVA AURORA,Feminicídio,1/12/2025,0
PR,NOVA AURORA,Tentativa de feminicídio,1/1/2025,0
PR,NOVA AURORA,Tentativa de feminicídio,1/2/2025,0
PR,NOVA AURORA,Tentativa de feminicídio,1/3/2025,0
PR,NOVA AURORA,Tentativa de feminicídio,1/4/2025,0
PR,NOVA AURORA,Tentativa de feminicídio,1/5/2025,0
PR,NOVA AURORA,Tentativa de feminicídio,1/6/2025,0
PR,NOVA AURORA,Tentativa de feminicídio,1/7/2025,0
PR,NOVA AURORA,Tentativa de feminicídio,1/8/2025,0
PR,NOVA AURORA,Tentativa de feminicídio,1/9/2025,0
PR,NOVA AURORA,Tentativa de feminicídio,1/10/2025,0
PR,NOVA AURORA,Tentativa de feminicídio,1/11/2025,0
PR,NOVA AURORA,Tentativa de feminicídio,1/12/2025,0
PR,NOVA CANTU,Feminicídio,1/1/2025,0
PR,NOVA CANTU,Feminicídio,1/2/2025,0
PR,NOVA CANTU,Feminicídio,1/3/2025,0
PR,NOVA CANTU,Feminicídio,1/4/2025,0
PR,NOVA CANTU,Feminicídio,1/5/2025,0
PR,NOVA CANTU,Feminicídio,1/6/2025,0
PR,NOVA CANTU,Feminicídio,1/7/2025,0
PR,NOVA CANTU,Feminicídio,1/8/2025,0
PR,NOVA CANTU,Feminicídio,1/9/2025,0
PR,NOVA CANTU,Feminicídio,1/10/2025,0
PR,NOVA CANTU,Feminicídio,1/11/2025,0
PR,NOVA CANTU,Feminicídio,1/12/2025,0
PR,NOVA CANTU,Tentativa de feminicídio,1/1/2025,0
PR,NOVA CANTU,Tentativa de feminicídio,1/2/2025,0
PR,NOVA CANTU,Tentativa de feminicídio,1/3/2025,0
PR,NOVA CANTU,Tentativa de feminicídio,1/4/2025,0
PR,NOVA CANTU,Tentativa de feminicídio,1/5/2025,0
PR,NOVA CANTU,Tentativa de feminicídio,1/6/2025,0
PR,NOVA CANTU,Tentativa de feminicídio,1/7/2025,0
PR,NOVA CANTU,Tentativa de feminicídio,1/8/2025,0
PR,NOVA CANTU,Tentativa de feminicídio,1/9/2025,0
PR,NOVA CANTU,Tentativa de feminicídio,1/10/2025,0
PR,NOVA CANTU,Tentativa de feminicídio,1/11/2025,0
PR,NOVA CANTU,Tentativa de feminicídio,1/12/2025,0
PR,NOVA ESPERANÇA,Feminicídio,1/1/2025,0
PR,NOVA ESPERANÇA,Feminicídio,1/2/2025,0
PR,NOVA ESPERANÇA,Feminicídio,1/3/2025,0
PR,NOVA ESPERANÇA,Feminicídio,1/4/2025,1
PR,NOVA ESPERANÇA,Feminicídio,1/5/2025,1
PR,NOVA ESPERANÇA,Feminicídio,1/6/2025,0
PR,NOVA ESPERANÇA,Feminicídio,1/7/2025,0
PR,NOVA ESPERANÇA,Feminicídio,1/8/2025,0
PR,NOVA ESPERANÇA,Feminicídio,1/9/2025,0
PR,NOVA ESPERANÇA,Feminicídio,1/10/2025,0
PR,NOVA ESPERANÇA,Feminicídio,1/11/2025,0
PR,NOVA ESPERANÇA,Feminicídio,1/12/2025,0
PR,NOVA ESPERANÇA,Tentativa de feminicídio,1/1/2025,0
PR,NOVA ESPERANÇA,Tentativa de feminicídio,1/2/2025,0
PR,NOVA ESPERANÇA,Tentativa de feminicídio,1/3/2025,0
PR,NOVA ESPERANÇA,Tentativa de feminicídio,1/4/2025,0
PR,NOVA ESPERANÇA,Tentativa de feminicídio,1/5/2025,0
PR,NOVA ESPERANÇA,Tentativa de feminicídio,1/6/2025,0
PR,NOVA ESPERANÇA,Tentativa de feminicídio,1/7/2025,0
PR,NOVA ESPERANÇA,Tentativa de feminicídio,1/8/2025,0
PR,NOVA ESPERANÇA,Tentativa de feminicídio,1/9/2025,0
PR,NOVA ESPERANÇA,Tentativa de feminicídio,1/10/2025,0
PR,NOVA ESPERANÇA,Tentativa de feminicídio,1/11/2025,0
PR,NOVA ESPERANÇA,Tentativa de feminicídio,1/12/2025,0
PR,NOVA ESPERANÇA DO SUDOESTE,Feminicídio,1/1/2025,0
PR,NOVA ESPERANÇA DO SUDOESTE,Feminicídio,1/2/2025,0
PR,NOVA ESPERANÇA DO SUDOESTE,Feminicídio,1/3/2025,0
PR,NOVA ESPERANÇA DO SUDOESTE,Feminicídio,1/4/2025,0
PR,NOVA ESPERANÇA DO SUDOESTE,Feminicídio,1/5/2025,0
PR,NOVA ESPERANÇA DO SUDOESTE,Feminicídio,1/6/2025,0
PR,NOVA ESPERANÇA DO SUDOESTE,Feminicídio,1/7/2025,0
PR,NOVA ESPERANÇA DO SUDOESTE,Feminicídio,1/8/2025,0
PR,NOVA ESPERANÇA DO SUDOESTE,Feminicídio,1/9/2025,0
PR,NOVA ESPERANÇA DO SUDOESTE,Feminicídio,1/10/2025,0
PR,NOVA ESPERANÇA DO SUDOESTE,Feminicídio,1/11/2025,0
PR,NOVA ESPERANÇA DO SUDOESTE,Feminicídio,1/12/2025,0
PR,NOVA ESPERANÇA DO SUDOESTE,Tentativa de feminicídio,1/1/2025,0
PR,NOVA ESPERANÇA DO SUDOESTE,Tentativa de feminicídio,1/2/2025,0
PR,NOVA ESPERANÇA DO SUDOESTE,Tentativa de feminicídio,1/3/2025,0
PR,NOVA ESPERANÇA DO SUDOESTE,Tentativa de feminicídio,1/4/2025,0
PR,NOVA ESPERANÇA DO SUDOESTE,Tentativa de feminicídio,1/5/2025,0
PR,NOVA ESPERANÇA DO SUDOESTE,Tentativa de feminicídio,1/6/2025,0
PR,NOVA ESPERANÇA DO SUDOESTE,Tentativa de feminicídio,1/7/2025,0
PR,NOVA ESPERANÇA DO SUDOESTE,Tentativa de feminicídio,1/8/2025,1
PR,NOVA ESPERANÇA DO SUDOESTE,Tentativa de feminicídio,1/9/2025,0
PR,NOVA ESPERANÇA DO SUDOESTE,Tentativa de feminicídio,1/10/2025,0
PR,NOVA ESPERANÇA DO SUDOESTE,Tentativa de feminicídio,1/11/2025,0
PR,NOVA ESPERANÇA DO SUDOESTE,Tentativa de feminicídio,1/12/2025,0
PR,NOVA FÁTIMA,Feminicídio,1/1/2025,0
PR,NOVA FÁTIMA,Feminicídio,1/2/2025,0
PR,NOVA FÁTIMA,Feminicídio,1/3/2025,0
PR,NOVA FÁTIMA,Feminicídio,1/4/2025,0
PR,NOVA FÁTIMA,Feminicídio,1/5/2025,0
PR,NOVA FÁTIMA,Feminicídio,1/6/2025,0
PR,NOVA FÁTIMA,Feminicídio,1/7/2025,0
PR,NOVA FÁTIMA,Feminicídio,1/8/2025,0
PR,NOVA FÁTIMA,Feminicídio,1/9/2025,0
PR,NOVA FÁTIMA,Feminicídio,1/10/2025,0
PR,NOVA FÁTIMA,Feminicídio,1/11/2025,0
PR,NOVA FÁTIMA,Feminicídio,1/12/2025,0
PR,NOVA FÁTIMA,Tentativa de feminicídio,1/1/2025,0
PR,NOVA FÁTIMA,Tentativa de feminicídio,1/2/2025,0
PR,NOVA FÁTIMA,Tentativa de feminicídio,1/3/2025,0
PR,NOVA FÁTIMA,Tentativa de feminicídio,1/4/2025,0
PR,NOVA FÁTIMA,Tentativa de feminicídio,1/5/2025,0
PR,NOVA FÁTIMA,Tentativa de feminicídio,1/6/2025,0
PR,NOVA FÁTIMA,Tentativa de feminicídio,1/7/2025,0
PR,NOVA FÁTIMA,Tentativa de feminicídio,1/8/2025,0
PR,NOVA FÁTIMA,Tentativa de feminicídio,1/9/2025,0
PR,NOVA FÁTIMA,Tentativa de feminicídio,1/10/2025,0
PR,NOVA FÁTIMA,Tentativa de feminicídio,1/11/2025,0
PR,NOVA FÁTIMA,Tentativa de feminicídio,1/12/2025,0
PR,NOVA LARANJEIRAS,Feminicídio,1/1/2025,0
PR,NOVA LARANJEIRAS,Feminicídio,1/2/2025,0
PR,NOVA LARANJEIRAS,Feminicídio,1/3/2025,0
PR,NOVA LARANJEIRAS,Feminicídio,1/4/2025,0
PR,NOVA LARANJEIRAS,Feminicídio,1/5/2025,0
PR,NOVA LARANJEIRAS,Feminicídio,1/6/2025,0
PR,NOVA LARANJEIRAS,Feminicídio,1/7/2025,0
PR,NOVA LARANJEIRAS,Feminicídio,1/8/2025,0
PR,NOVA LARANJEIRAS,Feminicídio,1/9/2025,0
PR,NOVA LARANJEIRAS,Feminicídio,1/10/2025,0
PR,NOVA LARANJEIRAS,Feminicídio,1/11/2025,0
PR,NOVA LARANJEIRAS,Feminicídio,1/12/2025,0
PR,NOVA LARANJEIRAS,Tentativa de feminicídio,1/1/2025,0
PR,NOVA LARANJEIRAS,Tentativa de feminicídio,1/2/2025,0
PR,NOVA LARANJEIRAS,Tentativa de feminicídio,1/3/2025,0
PR,NOVA LARANJEIRAS,Tentativa de feminicídio,1/4/2025,0
PR,NOVA LARANJEIRAS,Tentativa de feminicídio,1/5/2025,0
PR,NOVA LARANJEIRAS,Tentativa de feminicídio,1/6/2025,0
PR,NOVA LARANJEIRAS,Tentativa de feminicídio,1/7/2025,0
PR,NOVA LARANJEIRAS,Tentativa de feminicídio,1/8/2025,0
PR,NOVA LARANJEIRAS,Tentativa de feminicídio,1/9/2025,0
PR,NOVA LARANJEIRAS,Tentativa de feminicídio,1/10/2025,0
PR,NOVA LARANJEIRAS,Tentativa de feminicídio,1/11/2025,0
PR,NOVA LARANJEIRAS,Tentativa de feminicídio,1/12/2025,0
PR,NOVA LONDRINA,Feminicídio,1/1/2025,0
PR,NOVA LONDRINA,Feminicídio,1/2/2025,0
PR,NOVA LONDRINA,Feminicídio,1/3/2025,0
PR,NOVA LONDRINA,Feminicídio,1/4/2025,0
PR,NOVA LONDRINA,Feminicídio,1/5/2025,0
PR,NOVA LONDRINA,Feminicídio,1/6/2025,0
PR,NOVA LONDRINA,Feminicídio,1/7/2025,0
PR,NOVA LONDRINA,Feminicídio,1/8/2025,0
PR,NOVA LONDRINA,Feminicídio,1/9/2025,0
PR,NOVA LONDRINA,Feminicídio,1/10/2025,0
PR,NOVA LONDRINA,Feminicídio,1/11/2025,0
PR,NOVA LONDRINA,Feminicídio,1/12/2025,0
PR,NOVA LONDRINA,Tentativa de feminicídio,1/1/2025,0
PR,NOVA LONDRINA,Tentativa de feminicídio,1/2/2025,0
PR,NOVA LONDRINA,Tentativa de feminicídio,1/3/2025,0
PR,NOVA LONDRINA,Tentativa de feminicídio,1/4/2025,0
PR,NOVA LONDRINA,Tentativa de feminicídio,1/5/2025,0
PR,NOVA LONDRINA,Tentativa de feminicídio,1/6/2025,0
PR,NOVA LONDRINA,Tentativa de feminicídio,1/7/2025,0
PR,NOVA LONDRINA,Tentativa de feminicídio,1/8/2025,0
PR,NOVA LONDRINA,Tentativa de feminicídio,1/9/2025,0
PR,NOVA LONDRINA,Tentativa de feminicídio,1/10/2025,0
PR,NOVA LONDRINA,Tentativa de feminicídio,1/11/2025,0
PR,NOVA LONDRINA,Tentativa de feminicídio,1/12/2025,0
PR,NOVA OLÍMPIA,Feminicídio,1/1/2025,0
PR,NOVA OLÍMPIA,Feminicídio,1/2/2025,0
PR,NOVA OLÍMPIA,Feminicídio,1/3/2025,0
PR,NOVA OLÍMPIA,Feminicídio,1/4/2025,0
PR,NOVA OLÍMPIA,Feminicídio,1/5/2025,0
PR,NOVA OLÍMPIA,Feminicídio,1/6/2025,0
PR,NOVA OLÍMPIA,Feminicídio,1/7/2025,0
PR,NOVA OLÍMPIA,Feminicídio,1/8/2025,0
PR,NOVA OLÍMPIA,Feminicídio,1/9/2025,0
PR,NOVA OLÍMPIA,Feminicídio,1/10/2025,0
PR,NOVA OLÍMPIA,Feminicídio,1/11/2025,0
PR,NOVA OLÍMPIA,Feminicídio,1/12/2025,0
PR,NOVA OLÍMPIA,Tentativa de feminicídio,1/1/2025,0
PR,NOVA OLÍMPIA,Tentativa de feminicídio,1/2/2025,0
PR,NOVA OLÍMPIA,Tentativa de feminicídio,1/3/2025,0
PR,NOVA OLÍMPIA,Tentativa de feminicídio,1/4/2025,0
PR,NOVA OLÍMPIA,Tentativa de feminicídio,1/5/2025,0
PR,NOVA OLÍMPIA,Tentativa de feminicídio,1/6/2025,0
PR,NOVA OLÍMPIA,Tentativa de feminicídio,1/7/2025,0
PR,NOVA OLÍMPIA,Tentativa de feminicídio,1/8/2025,0
PR,NOVA OLÍMPIA,Tentativa de feminicídio,1/9/2025,0
PR,NOVA OLÍMPIA,Tentativa de feminicídio,1/10/2025,0
PR,NOVA OLÍMPIA,Tentativa de feminicídio,1/11/2025,0
PR,NOVA OLÍMPIA,Tentativa de feminicídio,1/12/2025,0
PR,NOVA PRATA DO IGUAÇU,Feminicídio,1/1/2025,0
PR,NOVA PRATA DO IGUAÇU,Feminicídio,1/2/2025,0
PR,NOVA PRATA DO IGUAÇU,Feminicídio,1/3/2025,0
PR,NOVA PRATA DO IGUAÇU,Feminicídio,1/4/2025,0
PR,NOVA PRATA DO IGUAÇU,Feminicídio,1/5/2025,1
PR,NOVA PRATA DO IGUAÇU,Feminicídio,1/6/2025,0
PR,NOVA PRATA DO IGUAÇU,Feminicídio,1/7/2025,0
PR,NOVA PRATA DO IGUAÇU,Feminicídio,1/8/2025,0
PR,NOVA PRATA DO IGUAÇU,Feminicídio,1/9/2025,0
PR,NOVA PRATA DO IGUAÇU,Feminicídio,1/10/2025,0
PR,NOVA PRATA DO IGUAÇU,Feminicídio,1/11/2025,0
PR,NOVA PRATA DO IGUAÇU,Feminicídio,1/12/2025,0
PR,NOVA PRATA DO IGUAÇU,Tentativa de feminicídio,1/1/2025,0
PR,NOVA PRATA DO IGUAÇU,Tentativa de feminicídio,1/2/2025,0
PR,NOVA PRATA DO IGUAÇU,Tentativa de feminicídio,1/3/2025,0
PR,NOVA PRATA DO IGUAÇU,Tentativa de feminicídio,1/4/2025,0
PR,NOVA PRATA DO IGUAÇU,Tentativa de feminicídio,1/5/2025,0
PR,NOVA PRATA DO IGUAÇU,Tentativa de feminicídio,1/6/2025,0
PR,NOVA PRATA DO IGUAÇU,Tentativa de feminicídio,1/7/2025,0
PR,NOVA PRATA DO IGUAÇU,Tentativa de feminicídio,1/8/2025,0
PR,NOVA PRATA DO IGUAÇU,Tentativa de feminicídio,1/9/2025,0
PR,NOVA PRATA DO IGUAÇU,Tentativa de feminicídio,1/10/2025,0
PR,NOVA PRATA DO IGUAÇU,Tentativa de feminicídio,1/11/2025,0
PR,NOVA PRATA DO IGUAÇU,Tentativa de feminicídio,1/12/2025,0
PR,NOVA SANTA BÁRBARA,Feminicídio,1/1/2025,0
PR,NOVA SANTA BÁRBARA,Feminicídio,1/2/2025,0
PR,NOVA SANTA BÁRBARA,Feminicídio,1/3/2025,0
PR,NOVA SANTA BÁRBARA,Feminicídio,1/4/2025,0
PR,NOVA SANTA BÁRBARA,Feminicídio,1/5/2025,0
PR,NOVA SANTA BÁRBARA,Feminicídio,1/6/2025,0
PR,NOVA SANTA BÁRBARA,Feminicídio,1/7/2025,0
PR,NOVA SANTA BÁRBARA,Feminicídio,1/8/2025,0
PR,NOVA SANTA BÁRBARA,Feminicídio,1/9/2025,0
PR,NOVA SANTA BÁRBARA,Feminicídio,1/10/2025,0
PR,NOVA SANTA BÁRBARA,Feminicídio,1/11/2025,0
PR,NOVA SANTA BÁRBARA,Feminicídio,1/12/2025,0
PR,NOVA SANTA BÁRBARA,Tentativa de feminicídio,1/1/2025,0
PR,NOVA SANTA BÁRBARA,Tentativa de feminicídio,1/2/2025,0
PR,NOVA SANTA BÁRBARA,Tentativa de feminicídio,1/3/2025,0
PR,NOVA SANTA BÁRBARA,Tentativa de feminicídio,1/4/2025,0
PR,NOVA SANTA BÁRBARA,Tentativa de feminicídio,1/5/2025,0
PR,NOVA SANTA BÁRBARA,Tentativa de feminicídio,1/6/2025,0
PR,NOVA SANTA BÁRBARA,Tentativa de feminicídio,1/7/2025,0
PR,NOVA SANTA BÁRBARA,Tentativa de feminicídio,1/8/2025,0
PR,NOVA SANTA BÁRBARA,Tentativa de feminicídio,1/9/2025,0
PR,NOVA SANTA BÁRBARA,Tentativa de feminicídio,1/10/2025,0
PR,NOVA SANTA BÁRBARA,Tentativa de feminicídio,1/11/2025,0
PR,NOVA SANTA BÁRBARA,Tentativa de feminicídio,1/12/2025,0
PR,NOVA SANTA ROSA,Feminicídio,1/1/2025,0
PR,NOVA SANTA ROSA,Feminicídio,1/2/2025,0
PR,NOVA SANTA ROSA,Feminicídio,1/3/2025,0
PR,NOVA SANTA ROSA,Feminicídio,1/4/2025,0
PR,NOVA SANTA ROSA,Feminicídio,1/5/2025,0
PR,NOVA SANTA ROSA,Feminicídio,1/6/2025,0
PR,NOVA SANTA ROSA,Feminicídio,1/7/2025,0
PR,NOVA SANTA ROSA,Feminicídio,1/8/2025,0
PR,NOVA SANTA ROSA,Feminicídio,1/9/2025,0
PR,NOVA SANTA ROSA,Feminicídio,1/10/2025,0
PR,NOVA SANTA ROSA,Feminicídio,1/11/2025,0
PR,NOVA SANTA ROSA,Feminicídio,1/12/2025,0
PR,NOVA SANTA ROSA,Tentativa de feminicídio,1/1/2025,0
PR,NOVA SANTA ROSA,Tentativa de feminicídio,1/2/2025,0
PR,NOVA SANTA ROSA,Tentativa de feminicídio,1/3/2025,0
PR,NOVA SANTA ROSA,Tentativa de feminicídio,1/4/2025,0
PR,NOVA SANTA ROSA,Tentativa de feminicídio,1/5/2025,0
PR,NOVA SANTA ROSA,Tentativa de feminicídio,1/6/2025,0
PR,NOVA SANTA ROSA,Tentativa de feminicídio,1/7/2025,0
PR,NOVA SANTA ROSA,Tentativa de feminicídio,1/8/2025,0
PR,NOVA SANTA ROSA,Tentativa de feminicídio,1/9/2025,0
PR,NOVA SANTA ROSA,Tentativa de feminicídio,1/10/2025,0
PR,NOVA SANTA ROSA,Tentativa de feminicídio,1/11/2025,0
PR,NOVA SANTA ROSA,Tentativa de feminicídio,1/12/2025,0
PR,NOVA TEBAS,Feminicídio,1/1/2025,0
PR,NOVA TEBAS,Feminicídio,1/2/2025,0
PR,NOVA TEBAS,Feminicídio,1/3/2025,0
PR,NOVA TEBAS,Feminicídio,1/4/2025,0
PR,NOVA TEBAS,Feminicídio,1/5/2025,0
PR,NOVA TEBAS,Feminicídio,1/6/2025,0
PR,NOVA TEBAS,Feminicídio,1/7/2025,0
PR,NOVA TEBAS,Feminicídio,1/8/2025,0
PR,NOVA TEBAS,Feminicídio,1/9/2025,0
PR,NOVA TEBAS,Feminicídio,1/10/2025,0
PR,NOVA TEBAS,Feminicídio,1/11/2025,0
PR,NOVA TEBAS,Feminicídio,1/12/2025,0
PR,NOVA TEBAS,Tentativa de feminicídio,1/1/2025,0
PR,NOVA TEBAS,Tentativa de feminicídio,1/2/2025,0
PR,NOVA TEBAS,Tentativa de feminicídio,1/3/2025,0
PR,NOVA TEBAS,Tentativa de feminicídio,1/4/2025,0
PR,NOVA TEBAS,Tentativa de feminicídio,1/5/2025,0
PR,NOVA TEBAS,Tentativa de feminicídio,1/6/2025,0
PR,NOVA TEBAS,Tentativa de feminicídio,1/7/2025,0
PR,NOVA TEBAS,Tentativa de feminicídio,1/8/2025,0
PR,NOVA TEBAS,Tentativa de feminicídio,1/9/2025,0
PR,NOVA TEBAS,Tentativa de feminicídio,1/10/2025,0
PR,NOVA TEBAS,Tentativa de feminicídio,1/11/2025,0
PR,NOVA TEBAS,Tentativa de feminicídio,1/12/2025,0
PR,NOVO ITACOLOMI,Feminicídio,1/1/2025,0
PR,NOVO ITACOLOMI,Feminicídio,1/2/2025,0
PR,NOVO ITACOLOMI,Feminicídio,1/3/2025,0
PR,NOVO ITACOLOMI,Feminicídio,1/4/2025,0
PR,NOVO ITACOLOMI,Feminicídio,1/5/2025,0
PR,NOVO ITACOLOMI,Feminicídio,1/6/2025,0
PR,NOVO ITACOLOMI,Feminicídio,1/7/2025,0
PR,NOVO ITACOLOMI,Feminicídio,1/8/2025,0
PR,NOVO ITACOLOMI,Feminicídio,1/9/2025,0
PR,NOVO ITACOLOMI,Feminicídio,1/10/2025,0
PR,NOVO ITACOLOMI,Feminicídio,1/11/2025,0
PR,NOVO ITACOLOMI,Feminicídio,1/12/2025,0
PR,NOVO ITACOLOMI,Tentativa de feminicídio,1/1/2025,0
PR,NOVO ITACOLOMI,Tentativa de feminicídio,1/2/2025,0
PR,NOVO ITACOLOMI,Tentativa de feminicídio,1/3/2025,0
PR,NOVO ITACOLOMI,Tentativa de feminicídio,1/4/2025,0
PR,NOVO ITACOLOMI,Tentativa de feminicídio,1/5/2025,0
PR,NOVO ITACOLOMI,Tentativa de feminicídio,1/6/2025,0
PR,NOVO ITACOLOMI,Tentativa de feminicídio,1/7/2025,0
PR,NOVO ITACOLOMI,Tentativa de feminicídio,1/8/2025,0
PR,NOVO ITACOLOMI,Tentativa de feminicídio,1/9/2025,0
PR,NOVO ITACOLOMI,Tentativa de feminicídio,1/10/2025,0
PR,NOVO ITACOLOMI,Tentativa de feminicídio,1/11/2025,0
PR,NOVO ITACOLOMI,Tentativa de feminicídio,1/12/2025,0
PR,NÃO INFORMADO,Feminicídio,1/1/2025,0
PR,NÃO INFORMADO,Feminicídio,1/2/2025,0
PR,NÃO INFORMADO,Feminicídio,1/3/2025,0
PR,NÃO INFORMADO,Feminicídio,1/4/2025,0
PR,NÃO INFORMADO,Feminicídio,1/5/2025,0
PR,NÃO INFORMADO,Feminicídio,1/6/2025,0
PR,NÃO INFORMADO,Feminicídio,1/7/2025,0
PR,NÃO INFORMADO,Feminicídio,1/8/2025,0
PR,NÃO INFORMADO,Feminicídio,1/9/2025,0
PR,NÃO INFORMADO,Feminicídio,1/10/2025,0
PR,NÃO INFORMADO,Feminicídio,1/11/2025,0
PR,NÃO INFORMADO,Feminicídio,1/12/2025,0
PR,NÃO INFORMADO,Tentativa de feminicídio,1/1/2025,0
PR,NÃO INFORMADO,Tentativa de feminicídio,1/2/2025,0
PR,NÃO INFORMADO,Tentativa de feminicídio,1/3/2025,0
PR,NÃO INFORMADO,Tentativa de feminicídio,1/4/2025,0
PR,NÃO INFORMADO,Tentativa de feminicídio,1/5/2025,0
PR,NÃO INFORMADO,Tentativa de feminicídio,1/6/2025,0
PR,NÃO INFORMADO,Tentativa de feminicídio,1/7/2025,0
PR,NÃO INFORMADO,Tentativa de feminicídio,1/8/2025,0
PR,NÃO INFORMADO,Tentativa de feminicídio,1/9/2025,0
PR,NÃO INFORMADO,Tentativa de feminicídio,1/10/2025,0
PR,NÃO INFORMADO,Tentativa de feminicídio,1/11/2025,0
PR,NÃO INFORMADO,Tentativa de feminicídio,1/12/2025,0
PR,ORTIGUEIRA,Feminicídio,1/1/2025,0
PR,ORTIGUEIRA,Feminicídio,1/2/2025,0
PR,ORTIGUEIRA,Feminicídio,1/3/2025,0
PR,ORTIGUEIRA,Feminicídio,1/4/2025,0
PR,ORTIGUEIRA,Feminicídio,1/5/2025,0
PR,ORTIGUEIRA,Feminicídio,1/6/2025,0
PR,ORTIGUEIRA,Feminicídio,1/7/2025,0
PR,ORTIGUEIRA,Feminicídio,1/8/2025,0
PR,ORTIGUEIRA,Feminicídio,1/9/2025,0
PR,ORTIGUEIRA,Feminicídio,1/10/2025,0
PR,ORTIGUEIRA,Feminicídio,1/11/2025,1
PR,ORTIGUEIRA,Feminicídio,1/12/2025,0
PR,ORTIGUEIRA,Tentativa de feminicídio,1/1/2025,0
PR,ORTIGUEIRA,Tentativa de feminicídio,1/2/2025,0
PR,ORTIGUEIRA,Tentativa de feminicídio,1/3/2025,0
PR,ORTIGUEIRA,Tentativa de feminicídio,1/4/2025,0
PR,ORTIGUEIRA,Tentativa de feminicídio,1/5/2025,0
PR,ORTIGUEIRA,Tentativa de feminicídio,1/6/2025,0
PR,ORTIGUEIRA,Tentativa de feminicídio,1/7/2025,0
PR,ORTIGUEIRA,Tentativa de feminicídio,1/8/2025,0
PR,ORTIGUEIRA,Tentativa de feminicídio,1/9/2025,0
PR,ORTIGUEIRA,Tentativa de feminicídio,1/10/2025,0
PR,ORTIGUEIRA,Tentativa de feminicídio,1/11/2025,0
PR,ORTIGUEIRA,Tentativa de feminicídio,1/12/2025,0
PR,OURIZONA,Feminicídio,1/1/2025,0
PR,OURIZONA,Feminicídio,1/2/2025,0
PR,OURIZONA,Feminicídio,1/3/2025,0
PR,OURIZONA,Feminicídio,1/4/2025,0
PR,OURIZONA,Feminicídio,1/5/2025,0
PR,OURIZONA,Feminicídio,1/6/2025,0
PR,OURIZONA,Feminicídio,1/7/2025,0
PR,OURIZONA,Feminicídio,1/8/2025,0
PR,OURIZONA,Feminicídio,1/9/2025,0
PR,OURIZONA,Feminicídio,1/10/2025,0
PR,OURIZONA,Feminicídio,1/11/2025,0
PR,OURIZONA,Feminicídio,1/12/2025,0
PR,OURIZONA,Tentativa de feminicídio,1/1/2025,0
PR,OURIZONA,Tentativa de feminicídio,1/2/2025,0
PR,OURIZONA,Tentativa de feminicídio,1/3/2025,0
PR,OURIZONA,Tentativa de feminicídio,1/4/2025,0
PR,OURIZONA,Tentativa de feminicídio,1/5/2025,0
PR,OURIZONA,Tentativa de feminicídio,1/6/2025,0
PR,OURIZONA,Tentativa de feminicídio,1/7/2025,0
PR,OURIZONA,Tentativa de feminicídio,1/8/2025,0
PR,OURIZONA,Tentativa de feminicídio,1/9/2025,0
PR,OURIZONA,Tentativa de feminicídio,1/10/2025,0
PR,OURIZONA,Tentativa de feminicídio,1/11/2025,0
PR,OURIZONA,Tentativa de feminicídio,1/12/2025,0
PR,OURO VERDE DO OESTE,Feminicídio,1/1/2025,0
PR,OURO VERDE DO OESTE,Feminicídio,1/2/2025,0
PR,OURO VERDE DO OESTE,Feminicídio,1/3/2025,0
PR,OURO VERDE DO OESTE,Feminicídio,1/4/2025,0
PR,OURO VERDE DO OESTE,Feminicídio,1/5/2025,0
PR,OURO VERDE DO OESTE,Feminicídio,1/6/2025,0
PR,OURO VERDE DO OESTE,Feminicídio,1/7/2025,0
PR,OURO VERDE DO OESTE,Feminicídio,1/8/2025,0
PR,OURO VERDE DO OESTE,Feminicídio,1/9/2025,0
PR,OURO VERDE DO OESTE,Feminicídio,1/10/2025,0
PR,OURO VERDE DO OESTE,Feminicídio,1/11/2025,0
PR,OURO VERDE DO OESTE,Feminicídio,1/12/2025,0
PR,OURO VERDE DO OESTE,Tentativa de feminicídio,1/1/2025,0
PR,OURO VERDE DO OESTE,Tentativa de feminicídio,1/2/2025,0
PR,OURO VERDE DO OESTE,Tentativa de feminicídio,1/3/2025,0
PR,OURO VERDE DO OESTE,Tentativa de feminicídio,1/4/2025,0
PR,OURO VERDE DO OESTE,Tentativa de feminicídio,1/5/2025,0
PR,OURO VERDE DO OESTE,Tentativa de feminicídio,1/6/2025,0
PR,OURO VERDE DO OESTE,Tentativa de feminicídio,1/7/2025,0
PR,OURO VERDE DO OESTE,Tentativa de feminicídio,1/8/2025,0
PR,OURO VERDE DO OESTE,Tentativa de feminicídio,1/9/2025,0
PR,OURO VERDE DO OESTE,Tentativa de feminicídio,1/10/2025,0
PR,OURO VERDE DO OESTE,Tentativa de feminicídio,1/11/2025,0
PR,OURO VERDE DO OESTE,Tentativa de feminicídio,1/12/2025,0
PR,PAIÇANDU,Feminicídio,1/1/2025,0
PR,PAIÇANDU,Feminicídio,1/2/2025,0
PR,PAIÇANDU,Feminicídio,1/3/2025,0
PR,PAIÇANDU,Feminicídio,1/4/2025,0
PR,PAIÇANDU,Feminicídio,1/5/2025,0
PR,PAIÇANDU,Feminicídio,1/6/2025,0
PR,PAIÇANDU,Feminicídio,1/7/2025,0
PR,PAIÇANDU,Feminicídio,1/8/2025,1
PR,PAIÇANDU,Feminicídio,1/9/2025,0
PR,PAIÇANDU,Feminicídio,1/10/2025,0
PR,PAIÇANDU,Feminicídio,1/11/2025,0
PR,PAIÇANDU,Feminicídio,1/12/2025,0
PR,PAIÇANDU,Tentativa de feminicídio,1/1/2025,0
PR,PAIÇANDU,Tentativa de feminicídio,1/2/2025,0
PR,PAIÇANDU,Tentativa de feminicídio,1/3/2025,0
PR,PAIÇANDU,Tentativa de feminicídio,1/4/2025,0
PR,PAIÇANDU,Tentativa de feminicídio,1/5/2025,1
PR,PAIÇANDU,Tentativa de feminicídio,1/6/2025,0
PR,PAIÇANDU,Tentativa de feminicídio,1/7/2025,0
PR,PAIÇANDU,Tentativa de feminicídio,1/8/2025,0
PR,PAIÇANDU,Tentativa de feminicídio,1/9/2025,0
PR,PAIÇANDU,Tentativa de feminicídio,1/10/2025,0
PR,PAIÇANDU,Tentativa de feminicídio,1/11/2025,0
PR,PAIÇANDU,Tentativa de feminicídio,1/12/2025,0
PR,PALMAS,Feminicídio,1/1/2025,0
PR,PALMAS,Feminicídio,1/2/2025,0
PR,PALMAS,Feminicídio,1/3/2025,0
PR,PALMAS,Feminicídio,1/4/2025,0
PR,PALMAS,Feminicídio,1/5/2025,0
PR,PALMAS,Feminicídio,1/6/2025,0
PR,PALMAS,Feminicídio,1/7/2025,0
PR,PALMAS,Feminicídio,1/8/2025,0
PR,PALMAS,Feminicídio,1/9/2025,0
PR,PALMAS,Feminicídio,1/10/2025,0
PR,PALMAS,Feminicídio,1/11/2025,0
PR,PALMAS,Feminicídio,1/12/2025,0
PR,PALMAS,Tentativa de feminicídio,1/1/2025,0
PR,PALMAS,Tentativa de feminicídio,1/2/2025,0
PR,PALMAS,Tentativa de feminicídio,1/3/2025,0
PR,PALMAS,Tentativa de feminicídio,1/4/2025,0
PR,PALMAS,Tentativa de feminicídio,1/5/2025,0
PR,PALMAS,Tentativa de feminicídio,1/6/2025,0
PR,PALMAS,Tentativa de feminicídio,1/7/2025,0
PR,PALMAS,Tentativa de feminicídio,1/8/2025,0
PR,PALMAS,Tentativa de feminicídio,1/9/2025,0
PR,PALMAS,Tentativa de feminicídio,1/10/2025,1
PR,PALMAS,Tentativa de feminicídio,1/11/2025,0
PR,PALMAS,Tentativa de feminicídio,1/12/2025,0
PR,PALMEIRA,Feminicídio,1/1/2025,1
PR,PALMEIRA,Feminicídio,1/2/2025,0
PR,PALMEIRA,Feminicídio,1/3/2025,0
PR,PALMEIRA,Feminicídio,1/4/2025,0
PR,PALMEIRA,Feminicídio,1/5/2025,0
PR,PALMEIRA,Feminicídio,1/6/2025,0
PR,PALMEIRA,Feminicídio,1/7/2025,0
PR,PALMEIRA,Feminicídio,1/8/2025,0
PR,PALMEIRA,Feminicídio,1/9/2025,0
PR,PALMEIRA,Feminicídio,1/10/2025,0
PR,PALMEIRA,Feminicídio,1/11/2025,0
PR,PALMEIRA,Feminicídio,1/12/2025,0
PR,PALMEIRA,Tentativa de feminicídio,1/1/2025,0
PR,PALMEIRA,Tentativa de feminicídio,1/2/2025,0
PR,PALMEIRA,Tentativa de feminicídio,1/3/2025,0
PR,PALMEIRA,Tentativa de feminicídio,1/4/2025,0
PR,PALMEIRA,Tentativa de feminicídio,1/5/2025,0
PR,PALMEIRA,Tentativa de feminicídio,1/6/2025,0
PR,PALMEIRA,Tentativa de feminicídio,1/7/2025,0
PR,PALMEIRA,Tentativa de feminicídio,1/8/2025,0
PR,PALMEIRA,Tentativa de feminicídio,1/9/2025,0
PR,PALMEIRA,Tentativa de feminicídio,1/10/2025,0
PR,PALMEIRA,Tentativa de feminicídio,1/11/2025,0
PR,PALMEIRA,Tentativa de feminicídio,1/12/2025,0
PR,PALMITAL,Feminicídio,1/1/2025,0
PR,PALMITAL,Feminicídio,1/2/2025,0
PR,PALMITAL,Feminicídio,1/3/2025,0
PR,PALMITAL,Feminicídio,1/4/2025,0
PR,PALMITAL,Feminicídio,1/5/2025,0
PR,PALMITAL,Feminicídio,1/6/2025,0
PR,PALMITAL,Feminicídio,1/7/2025,0
PR,PALMITAL,Feminicídio,1/8/2025,0
PR,PALMITAL,Feminicídio,1/9/2025,0
PR,PALMITAL,Feminicídio,1/10/2025,0
PR,PALMITAL,Feminicídio,1/11/2025,0
PR,PALMITAL,Feminicídio,1/12/2025,0
PR,PALMITAL,Tentativa de feminicídio,1/1/2025,0
PR,PALMITAL,Tentativa de feminicídio,1/2/2025,0
PR,PALMITAL,Tentativa de feminicídio,1/3/2025,0
PR,PALMITAL,Tentativa de feminicídio,1/4/2025,0
PR,PALMITAL,Tentativa de feminicídio,1/5/2025,0
PR,PALMITAL,Tentativa de feminicídio,1/6/2025,0
PR,PALMITAL,Tentativa de feminicídio,1/7/2025,0
PR,PALMITAL,Tentativa de feminicídio,1/8/2025,0
PR,PALMITAL,Tentativa de feminicídio,1/9/2025,0
PR,PALMITAL,Tentativa de feminicídio,1/10/2025,0
PR,PALMITAL,Tentativa de feminicídio,1/11/2025,0
PR,PALMITAL,Tentativa de feminicídio,1/12/2025,0
PR,PALOTINA,Feminicídio,1/1/2025,0
PR,PALOTINA,Feminicídio,1/2/2025,0
PR,PALOTINA,Feminicídio,1/3/2025,0
PR,PALOTINA,Feminicídio,1/4/2025,0
PR,PALOTINA,Feminicídio,1/5/2025,0
PR,PALOTINA,Feminicídio,1/6/2025,1
PR,PALOTINA,Feminicídio,1/7/2025,0
PR,PALOTINA,Feminicídio,1/8/2025,0
PR,PALOTINA,Feminicídio,1/9/2025,0
PR,PALOTINA,Feminicídio,1/10/2025,0
PR,PALOTINA,Feminicídio,1/11/2025,0
PR,PALOTINA,Feminicídio,1/12/2025,0
PR,PALOTINA,Tentativa de feminicídio,1/1/2025,0
PR,PALOTINA,Tentativa de feminicídio,1/2/2025,0
PR,PALOTINA,Tentativa de feminicídio,1/3/2025,1
PR,PALOTINA,Tentativa de feminicídio,1/4/2025,0
PR,PALOTINA,Tentativa de feminicídio,1/5/2025,0
PR,PALOTINA,Tentativa de feminicídio,1/6/2025,0
PR,PALOTINA,Tentativa de feminicídio,1/7/2025,0
PR,PALOTINA,Tentativa de feminicídio,1/8/2025,0
PR,PALOTINA,Tentativa de feminicídio,1/9/2025,0
PR,PALOTINA,Tentativa de feminicídio,1/10/2025,0
PR,PALOTINA,Tentativa de feminicídio,1/11/2025,0
PR,PALOTINA,Tentativa de feminicídio,1/12/2025,0
PR,PARANACITY,Feminicídio,1/1/2025,0
PR,PARANACITY,Feminicídio,1/2/2025,0
PR,PARANACITY,Feminicídio,1/3/2025,0
PR,PARANACITY,Feminicídio,1/4/2025,0
PR,PARANACITY,Feminicídio,1/5/2025,0
PR,PARANACITY,Feminicídio,1/6/2025,0
PR,PARANACITY,Feminicídio,1/7/2025,0
PR,PARANACITY,Feminicídio,1/8/2025,0
PR,PARANACITY,Feminicídio,1/9/2025,0
PR,PARANACITY,Feminicídio,1/10/2025,0
PR,PARANACITY,Feminicídio,1/11/2025,0
PR,PARANACITY,Feminicídio,1/12/2025,0
PR,PARANACITY,Tentativa de feminicídio,1/1/2025,0
PR,PARANACITY,Tentativa de feminicídio,1/2/2025,0
PR,PARANACITY,Tentativa de feminicídio,1/3/2025,0
PR,PARANACITY,Tentativa de feminicídio,1/4/2025,2
PR,PARANACITY,Tentativa de feminicídio,1/5/2025,0
PR,PARANACITY,Tentativa de feminicídio,1/6/2025,0
PR,PARANACITY,Tentativa de feminicídio,1/7/2025,0
PR,PARANACITY,Tentativa de feminicídio,1/8/2025,0
PR,PARANACITY,Tentativa de feminicídio,1/9/2025,0
PR,PARANACITY,Tentativa de feminicídio,1/10/2025,0
PR,PARANACITY,Tentativa de feminicídio,1/11/2025,0
PR,PARANACITY,Tentativa de feminicídio,1/12/2025,0
PR,PARANAGUÁ,Feminicídio,1/1/2025,0
PR,PARANAGUÁ,Feminicídio,1/2/2025,0
PR,PARANAGUÁ,Feminicídio,1/3/2025,0
PR,PARANAGUÁ,Feminicídio,1/4/2025,1
PR,PARANAGUÁ,Feminicídio,1/5/2025,0
PR,PARANAGUÁ,Feminicídio,1/6/2025,0
PR,PARANAGUÁ,Feminicídio,1/7/2025,0
PR,PARANAGUÁ,Feminicídio,1/8/2025,0
PR,PARANAGUÁ,Feminicídio,1/9/2025,0
PR,PARANAGUÁ,Feminicídio,1/10/2025,0
PR,PARANAGUÁ,Feminicídio,1/11/2025,1
PR,PARANAGUÁ,Feminicídio,1/12/2025,0
PR,PARANAGUÁ,Tentativa de feminicídio,1/1/2025,0
PR,PARANAGUÁ,Tentativa de feminicídio,1/2/2025,0
PR,PARANAGUÁ,Tentativa de feminicídio,1/3/2025,0
PR,PARANAGUÁ,Tentativa de feminicídio,1/4/2025,0
PR,PARANAGUÁ,Tentativa de feminicídio,1/5/2025,2
PR,PARANAGUÁ,Tentativa de feminicídio,1/6/2025,1
PR,PARANAGUÁ,Tentativa de feminicídio,1/7/2025,0
PR,PARANAGUÁ,Tentativa de feminicídio,1/8/2025,0
PR,PARANAGUÁ,Tentativa de feminicídio,1/9/2025,0
PR,PARANAGUÁ,Tentativa de feminicídio,1/10/2025,0
PR,PARANAGUÁ,Tentativa de feminicídio,1/11/2025,0
PR,PARANAGUÁ,Tentativa de feminicídio,1/12/2025,0
PR,PARANAPOEMA,Feminicídio,1/1/2025,0
PR,PARANAPOEMA,Feminicídio,1/2/2025,0
PR,PARANAPOEMA,Feminicídio,1/3/2025,0
PR,PARANAPOEMA,Feminicídio,1/4/2025,0
PR,PARANAPOEMA,Feminicídio,1/5/2025,0
PR,PARANAPOEMA,Feminicídio,1/6/2025,0
PR,PARANAPOEMA,Feminicídio,1/7/2025,0
PR,PARANAPOEMA,Feminicídio,1/8/2025,0
PR,PARANAPOEMA,Feminicídio,1/9/2025,0
PR,PARANAPOEMA,Feminicídio,1/10/2025,0
PR,PARANAPOEMA,Feminicídio,1/11/2025,0
PR,PARANAPOEMA,Feminicídio,1/12/2025,0
PR,PARANAPOEMA,Tentativa de feminicídio,1/1/2025,0
PR,PARANAPOEMA,Tentativa de feminicídio,1/2/2025,0
PR,PARANAPOEMA,Tentativa de feminicídio,1/3/2025,0
PR,PARANAPOEMA,Tentativa de feminicídio,1/4/2025,0
PR,PARANAPOEMA,Tentativa de feminicídio,1/5/2025,0
PR,PARANAPOEMA,Tentativa de feminicídio,1/6/2025,0
PR,PARANAPOEMA,Tentativa de feminicídio,1/7/2025,0
PR,PARANAPOEMA,Tentativa de feminicídio,1/8/2025,0
PR,PARANAPOEMA,Tentativa de feminicídio,1/9/2025,0
PR,PARANAPOEMA,Tentativa de feminicídio,1/10/2025,0
PR,PARANAPOEMA,Tentativa de feminicídio,1/11/2025,0
PR,PARANAPOEMA,Tentativa de feminicídio,1/12/2025,0
PR,PARANAVAÍ,Feminicídio,1/1/2025,0
PR,PARANAVAÍ,Feminicídio,1/2/2025,0
PR,PARANAVAÍ,Feminicídio,1/3/2025,0
PR,PARANAVAÍ,Feminicídio,1/4/2025,0
PR,PARANAVAÍ,Feminicídio,1/5/2025,0
PR,PARANAVAÍ,Feminicídio,1/6/2025,0
PR,PARANAVAÍ,Feminicídio,1/7/2025,0
PR,PARANAVAÍ,Feminicídio,1/8/2025,0
PR,PARANAVAÍ,Feminicídio,1/9/2025,0
PR,PARANAVAÍ,Feminicídio,1/10/2025,0
PR,PARANAVAÍ,Feminicídio,1/11/2025,1
PR,PARANAVAÍ,Feminicídio,1/12/2025,0
PR,PARANAVAÍ,Tentativa de feminicídio,1/1/2025,0
PR,PARANAVAÍ,Tentativa de feminicídio,1/2/2025,0
PR,PARANAVAÍ,Tentativa de feminicídio,1/3/2025,0
PR,PARANAVAÍ,Tentativa de feminicídio,1/4/2025,0
PR,PARANAVAÍ,Tentativa de feminicídio,1/5/2025,0
PR,PARANAVAÍ,Tentativa de feminicídio,1/6/2025,0
PR,PARANAVAÍ,Tentativa de feminicídio,1/7/2025,0
PR,PARANAVAÍ,Tentativa de feminicídio,1/8/2025,0
PR,PARANAVAÍ,Tentativa de feminicídio,1/9/2025,0
PR,PARANAVAÍ,Tentativa de feminicídio,1/10/2025,0
PR,PARANAVAÍ,Tentativa de feminicídio,1/11/2025,0
PR,PARANAVAÍ,Tentativa de feminicídio,1/12/2025,0
PR,PARAÍSO DO NORTE,Feminicídio,1/1/2025,0
PR,PARAÍSO DO NORTE,Feminicídio,1/2/2025,0
PR,PARAÍSO DO NORTE,Feminicídio,1/3/2025,0
PR,PARAÍSO DO NORTE,Feminicídio,1/4/2025,0
PR,PARAÍSO DO NORTE,Feminicídio,1/5/2025,0
PR,PARAÍSO DO NORTE,Feminicídio,1/6/2025,0
PR,PARAÍSO DO NORTE,Feminicídio,1/7/2025,0
PR,PARAÍSO DO NORTE,Feminicídio,1/8/2025,0
PR,PARAÍSO DO NORTE,Feminicídio,1/9/2025,0
PR,PARAÍSO DO NORTE,Feminicídio,1/10/2025,0
PR,PARAÍSO DO NORTE,Feminicídio,1/11/2025,0
PR,PARAÍSO DO NORTE,Feminicídio,1/12/2025,0
PR,PARAÍSO DO NORTE,Tentativa de feminicídio,1/1/2025,0
PR,PARAÍSO DO NORTE,Tentativa de feminicídio,1/2/2025,0
PR,PARAÍSO DO NORTE,Tentativa de feminicídio,1/3/2025,0
PR,PARAÍSO DO NORTE,Tentativa de feminicídio,1/4/2025,0
PR,PARAÍSO DO NORTE,Tentativa de feminicídio,1/5/2025,0
PR,PARAÍSO DO NORTE,Tentativa de feminicídio,1/6/2025,0
PR,PARAÍSO DO NORTE,Tentativa de feminicídio,1/7/2025,0
PR,PARAÍSO DO NORTE,Tentativa de feminicídio,1/8/2025,0
PR,PARAÍSO DO NORTE,Tentativa de feminicídio,1/9/2025,0
PR,PARAÍSO DO NORTE,Tentativa de feminicídio,1/10/2025,0
PR,PARAÍSO DO NORTE,Tentativa de feminicídio,1/11/2025,0
PR,PARAÍSO DO NORTE,Tentativa de feminicídio,1/12/2025,0
PR,PATO BRAGADO,Feminicídio,1/1/2025,0
PR,PATO BRAGADO,Feminicídio,1/2/2025,0
PR,PATO BRAGADO,Feminicídio,1/3/2025,0
PR,PATO BRAGADO,Feminicídio,1/4/2025,0
PR,PATO BRAGADO,Feminicídio,1/5/2025,0
PR,PATO BRAGADO,Feminicídio,1/6/2025,0
PR,PATO BRAGADO,Feminicídio,1/7/2025,0
PR,PATO BRAGADO,Feminicídio,1/8/2025,0
PR,PATO BRAGADO,Feminicídio,1/9/2025,0
PR,PATO BRAGADO,Feminicídio,1/10/2025,0
PR,PATO BRAGADO,Feminicídio,1/11/2025,0
PR,PATO BRAGADO,Feminicídio,1/12/2025,0
PR,PATO BRAGADO,Tentativa de feminicídio,1/1/2025,0
PR,PATO BRAGADO,Tentativa de feminicídio,1/2/2025,0
PR,PATO BRAGADO,Tentativa de feminicídio,1/3/2025,0
PR,PATO BRAGADO,Tentativa de feminicídio,1/4/2025,0
PR,PATO BRAGADO,Tentativa de feminicídio,1/5/2025,0
PR,PATO BRAGADO,Tentativa de feminicídio,1/6/2025,0
PR,PATO BRAGADO,Tentativa de feminicídio,1/7/2025,0
PR,PATO BRAGADO,Tentativa de feminicídio,1/8/2025,0
PR,PATO BRAGADO,Tentativa de feminicídio,1/9/2025,0
PR,PATO BRAGADO,Tentativa de feminicídio,1/10/2025,0
PR,PATO BRAGADO,Tentativa de feminicídio,1/11/2025,0
PR,PATO BRAGADO,Tentativa de feminicídio,1/12/2025,0
PR,PATO BRANCO,Feminicídio,1/1/2025,1
PR,PATO BRANCO,Feminicídio,1/2/2025,0
PR,PATO BRANCO,Feminicídio,1/3/2025,0
PR,PATO BRANCO,Feminicídio,1/4/2025,0
PR,PATO BRANCO,Feminicídio,1/5/2025,0
PR,PATO BRANCO,Feminicídio,1/6/2025,0
PR,PATO BRANCO,Feminicídio,1/7/2025,0
PR,PATO BRANCO,Feminicídio,1/8/2025,0
PR,PATO BRANCO,Feminicídio,1/9/2025,0
PR,PATO BRANCO,Feminicídio,1/10/2025,0
PR,PATO BRANCO,Feminicídio,1/11/2025,0
PR,PATO BRANCO,Feminicídio,1/12/2025,0
PR,PATO BRANCO,Tentativa de feminicídio,1/1/2025,0
PR,PATO BRANCO,Tentativa de feminicídio,1/2/2025,0
PR,PATO BRANCO,Tentativa de feminicídio,1/3/2025,0
PR,PATO BRANCO,Tentativa de feminicídio,1/4/2025,0
PR,PATO BRANCO,Tentativa de feminicídio,1/5/2025,0
PR,PATO BRANCO,Tentativa de feminicídio,1/6/2025,0
PR,PATO BRANCO,Tentativa de feminicídio,1/7/2025,0
PR,PATO BRANCO,Tentativa de feminicídio,1/8/2025,0
PR,PATO BRANCO,Tentativa de feminicídio,1/9/2025,0
PR,PATO BRANCO,Tentativa de feminicídio,1/10/2025,0
PR,PATO BRANCO,Tentativa de feminicídio,1/11/2025,0
PR,PATO BRANCO,Tentativa de feminicídio,1/12/2025,1
PR,PAULA FREITAS,Feminicídio,1/1/2025,0
PR,PAULA FREITAS,Feminicídio,1/2/2025,0
PR,PAULA FREITAS,Feminicídio,1/3/2025,0
PR,PAULA FREITAS,Feminicídio,1/4/2025,0
PR,PAULA FREITAS,Feminicídio,1/5/2025,0
PR,PAULA FREITAS,Feminicídio,1/6/2025,0
PR,PAULA FREITAS,Feminicídio,1/7/2025,0
PR,PAULA FREITAS,Feminicídio,1/8/2025,0
PR,PAULA FREITAS,Feminicídio,1/9/2025,0
PR,PAULA FREITAS,Feminicídio,1/10/2025,0
PR,PAULA FREITAS,Feminicídio,1/11/2025,0
PR,PAULA FREITAS,Feminicídio,1/12/2025,0
PR,PAULA FREITAS,Tentativa de feminicídio,1/1/2025,0
PR,PAULA FREITAS,Tentativa de feminicídio,1/2/2025,0
PR,PAULA FREITAS,Tentativa de feminicídio,1/3/2025,0
PR,PAULA FREITAS,Tentativa de feminicídio,1/4/2025,0
PR,PAULA FREITAS,Tentativa de feminicídio,1/5/2025,0
PR,PAULA FREITAS,Tentativa de feminicídio,1/6/2025,0
PR,PAULA FREITAS,Tentativa de feminicídio,1/7/2025,0
PR,PAULA FREITAS,Tentativa de feminicídio,1/8/2025,0
PR,PAULA FREITAS,Tentativa de feminicídio,1/9/2025,0
PR,PAULA FREITAS,Tentativa de feminicídio,1/10/2025,0
PR,PAULA FREITAS,Tentativa de feminicídio,1/11/2025,0
PR,PAULA FREITAS,Tentativa de feminicídio,1/12/2025,0
PR,PAULO FRONTIN,Feminicídio,1/1/2025,0
PR,PAULO FRONTIN,Feminicídio,1/2/2025,0
PR,PAULO FRONTIN,Feminicídio,1/3/2025,0
PR,PAULO FRONTIN,Feminicídio,1/4/2025,0
PR,PAULO FRONTIN,Feminicídio,1/5/2025,0
PR,PAULO FRONTIN,Feminicídio,1/6/2025,0
PR,PAULO FRONTIN,Feminicídio,1/7/2025,0
PR,PAULO FRONTIN,Feminicídio,1/8/2025,0
PR,PAULO FRONTIN,Feminicídio,1/9/2025,0
PR,PAULO FRONTIN,Feminicídio,1/10/2025,0
PR,PAULO FRONTIN,Feminicídio,1/11/2025,0
PR,PAULO FRONTIN,Feminicídio,1/12/2025,0
PR,PAULO FRONTIN,Tentativa de feminicídio,1/1/2025,0
PR,PAULO FRONTIN,Tentativa de feminicídio,1/2/2025,0
PR,PAULO FRONTIN,Tentativa de feminicídio,1/3/2025,0
PR,PAULO FRONTIN,Tentativa de feminicídio,1/4/2025,0
PR,PAULO FRONTIN,Tentativa de feminicídio,1/5/2025,0
PR,PAULO FRONTIN,Tentativa de feminicídio,1/6/2025,0
PR,PAULO FRONTIN,Tentativa de feminicídio,1/7/2025,0
PR,PAULO FRONTIN,Tentativa de feminicídio,1/8/2025,0
PR,PAULO FRONTIN,Tentativa de feminicídio,1/9/2025,0
PR,PAULO FRONTIN,Tentativa de feminicídio,1/10/2025,0
PR,PAULO FRONTIN,Tentativa de feminicídio,1/11/2025,0
PR,PAULO FRONTIN,Tentativa de feminicídio,1/12/2025,0
PR,PEABIRU,Feminicídio,1/1/2025,0
PR,PEABIRU,Feminicídio,1/2/2025,0
PR,PEABIRU,Feminicídio,1/3/2025,0
PR,PEABIRU,Feminicídio,1/4/2025,0
PR,PEABIRU,Feminicídio,1/5/2025,0
PR,PEABIRU,Feminicídio,1/6/2025,0
PR,PEABIRU,Feminicídio,1/7/2025,0
PR,PEABIRU,Feminicídio,1/8/2025,0
PR,PEABIRU,Feminicídio,1/9/2025,0
PR,PEABIRU,Feminicídio,1/10/2025,0
PR,PEABIRU,Feminicídio,1/11/2025,0
PR,PEABIRU,Feminicídio,1/12/2025,0
PR,PEABIRU,Tentativa de feminicídio,1/1/2025,0
PR,PEABIRU,Tentativa de feminicídio,1/2/2025,0
PR,PEABIRU,Tentativa de feminicídio,1/3/2025,0
PR,PEABIRU,Tentativa de feminicídio,1/4/2025,0
PR,PEABIRU,Tentativa de feminicídio,1/5/2025,0
PR,PEABIRU,Tentativa de feminicídio,1/6/2025,0
PR,PEABIRU,Tentativa de feminicídio,1/7/2025,0
PR,PEABIRU,Tentativa de feminicídio,1/8/2025,0
PR,PEABIRU,Tentativa de feminicídio,1/9/2025,0
PR,PEABIRU,Tentativa de feminicídio,1/10/2025,0
PR,PEABIRU,Tentativa de feminicídio,1/11/2025,0
PR,PEABIRU,Tentativa de feminicídio,1/12/2025,0
PR,PEROBAL,Feminicídio,1/1/2025,0
PR,PEROBAL,Feminicídio,1/2/2025,0
PR,PEROBAL,Feminicídio,1/3/2025,0
PR,PEROBAL,Feminicídio,1/4/2025,0
PR,PEROBAL,Feminicídio,1/5/2025,0
PR,PEROBAL,Feminicídio,1/6/2025,0
PR,PEROBAL,Feminicídio,1/7/2025,0
PR,PEROBAL,Feminicídio,1/8/2025,0
PR,PEROBAL,Feminicídio,1/9/2025,0
PR,PEROBAL,Feminicídio,1/10/2025,0
PR,PEROBAL,Feminicídio,1/11/2025,0
PR,PEROBAL,Feminicídio,1/12/2025,0
PR,PEROBAL,Tentativa de feminicídio,1/1/2025,0
PR,PEROBAL,Tentativa de feminicídio,1/2/2025,0
PR,PEROBAL,Tentativa de feminicídio,1/3/2025,0
PR,PEROBAL,Tentativa de feminicídio,1/4/2025,0
PR,PEROBAL,Tentativa de feminicídio,1/5/2025,0
PR,PEROBAL,Tentativa de feminicídio,1/6/2025,0
PR,PEROBAL,Tentativa de feminicídio,1/7/2025,0
PR,PEROBAL,Tentativa de feminicídio,1/8/2025,0
PR,PEROBAL,Tentativa de feminicídio,1/9/2025,0
PR,PEROBAL,Tentativa de feminicídio,1/10/2025,0
PR,PEROBAL,Tentativa de feminicídio,1/11/2025,0
PR,PEROBAL,Tentativa de feminicídio,1/12/2025,0
PR,PINHAIS,Feminicídio,1/1/2025,0
PR,PINHAIS,Feminicídio,1/2/2025,0
PR,PINHAIS,Feminicídio,1/3/2025,0
PR,PINHAIS,Feminicídio,1/4/2025,0
PR,PINHAIS,Feminicídio,1/5/2025,0
PR,PINHAIS,Feminicídio,1/6/2025,0
PR,PINHAIS,Feminicídio,1/7/2025,0
PR,PINHAIS,Feminicídio,1/8/2025,0
PR,PINHAIS,Feminicídio,1/9/2025,0
PR,PINHAIS,Feminicídio,1/10/2025,0
PR,PINHAIS,Feminicídio,1/11/2025,0
PR,PINHAIS,Feminicídio,1/12/2025,0
PR,PINHAIS,Tentativa de feminicídio,1/1/2025,0
PR,PINHAIS,Tentativa de feminicídio,1/2/2025,0
PR,PINHAIS,Tentativa de feminicídio,1/3/2025,0
PR,PINHAIS,Tentativa de feminicídio,1/4/2025,0
PR,PINHAIS,Tentativa de feminicídio,1/5/2025,0
PR,PINHAIS,Tentativa de feminicídio,1/6/2025,0
PR,PINHAIS,Tentativa de feminicídio,1/7/2025,0
PR,PINHAIS,Tentativa de feminicídio,1/8/2025,0
PR,PINHAIS,Tentativa de feminicídio,1/9/2025,0
PR,PINHAIS,Tentativa de feminicídio,1/10/2025,0
PR,PINHAIS,Tentativa de feminicídio,1/11/2025,0
PR,PINHAIS,Tentativa de feminicídio,1/12/2025,0
PR,PINHAL DE SÃO BENTO,Feminicídio,1/1/2025,0
PR,PINHAL DE SÃO BENTO,Feminicídio,1/2/2025,0
PR,PINHAL DE SÃO BENTO,Feminicídio,1/3/2025,0
PR,PINHAL DE SÃO BENTO,Feminicídio,1/4/2025,0
PR,PINHAL DE SÃO BENTO,Feminicídio,1/5/2025,0
PR,PINHAL DE SÃO BENTO,Feminicídio,1/6/2025,0
PR,PINHAL DE SÃO BENTO,Feminicídio,1/7/2025,0
PR,PINHAL DE SÃO BENTO,Feminicídio,1/8/2025,0
PR,PINHAL DE SÃO BENTO,Feminicídio,1/9/2025,0
PR,PINHAL DE SÃO BENTO,Feminicídio,1/10/2025,0
PR,PINHAL DE SÃO BENTO,Feminicídio,1/11/2025,0
PR,PINHAL DE SÃO BENTO,Feminicídio,1/12/2025,0
PR,PINHAL DE SÃO BENTO,Tentativa de feminicídio,1/1/2025,0
PR,PINHAL DE SÃO BENTO,Tentativa de feminicídio,1/2/2025,0
PR,PINHAL DE SÃO BENTO,Tentativa de feminicídio,1/3/2025,0
PR,PINHAL DE SÃO BENTO,Tentativa de feminicídio,1/4/2025,0
PR,PINHAL DE SÃO BENTO,Tentativa de feminicídio,1/5/2025,0
PR,PINHAL DE SÃO BENTO,Tentativa de feminicídio,1/6/2025,0
PR,PINHAL DE SÃO BENTO,Tentativa de feminicídio,1/7/2025,0
PR,PINHAL DE SÃO BENTO,Tentativa de feminicídio,1/8/2025,0
PR,PINHAL DE SÃO BENTO,Tentativa de feminicídio,1/9/2025,0
PR,PINHAL DE SÃO BENTO,Tentativa de feminicídio,1/10/2025,0
PR,PINHAL DE SÃO BENTO,Tentativa de feminicídio,1/11/2025,0
PR,PINHAL DE SÃO BENTO,Tentativa de feminicídio,1/12/2025,0
PR,PINHALÃO,Feminicídio,1/1/2025,0
PR,PINHALÃO,Feminicídio,1/2/2025,0
PR,PINHALÃO,Feminicídio,1/3/2025,0
PR,PINHALÃO,Feminicídio,1/4/2025,0
PR,PINHALÃO,Feminicídio,1/5/2025,0
PR,PINHALÃO,Feminicídio,1/6/2025,0
PR,PINHALÃO,Feminicídio,1/7/2025,0
PR,PINHALÃO,Feminicídio,1/8/2025,0
PR,PINHALÃO,Feminicídio,1/9/2025,0
PR,PINHALÃO,Feminicídio,1/10/2025,0
PR,PINHALÃO,Feminicídio,1/11/2025,0
PR,PINHALÃO,Feminicídio,1/12/2025,0
PR,PINHALÃO,Tentativa de feminicídio,1/1/2025,0
PR,PINHALÃO,Tentativa de feminicídio,1/2/2025,0
PR,PINHALÃO,Tentativa de feminicídio,1/3/2025,0
PR,PINHALÃO,Tentativa de feminicídio,1/4/2025,0
PR,PINHALÃO,Tentativa de feminicídio,1/5/2025,0
PR,PINHALÃO,Tentativa de feminicídio,1/6/2025,0
PR,PINHALÃO,Tentativa de feminicídio,1/7/2025,0
PR,PINHALÃO,Tentativa de feminicídio,1/8/2025,0
PR,PINHALÃO,Tentativa de feminicídio,1/9/2025,0
PR,PINHALÃO,Tentativa de feminicídio,1/10/2025,0
PR,PINHALÃO,Tentativa de feminicídio,1/11/2025,0
PR,PINHALÃO,Tentativa de feminicídio,1/12/2025,0
PR,PINHÃO,Feminicídio,1/1/2025,0
PR,PINHÃO,Feminicídio,1/2/2025,0
PR,PINHÃO,Feminicídio,1/3/2025,0
PR,PINHÃO,Feminicídio,1/4/2025,0
PR,PINHÃO,Feminicídio,1/5/2025,0
PR,PINHÃO,Feminicídio,1/6/2025,0
PR,PINHÃO,Feminicídio,1/7/2025,0
PR,PINHÃO,Feminicídio,1/8/2025,0
PR,PINHÃO,Feminicídio,1/9/2025,0
PR,PINHÃO,Feminicídio,1/10/2025,0
PR,PINHÃO,Feminicídio,1/11/2025,0
PR,PINHÃO,Feminicídio,1/12/2025,0
PR,PINHÃO,Tentativa de feminicídio,1/1/2025,0
PR,PINHÃO,Tentativa de feminicídio,1/2/2025,0
PR,PINHÃO,Tentativa de feminicídio,1/3/2025,0
PR,PINHÃO,Tentativa de feminicídio,1/4/2025,0
PR,PINHÃO,Tentativa de feminicídio,1/5/2025,0
PR,PINHÃO,Tentativa de feminicídio,1/6/2025,0
PR,PINHÃO,Tentativa de feminicídio,1/7/2025,0
PR,PINHÃO,Tentativa de feminicídio,1/8/2025,0
PR,PINHÃO,Tentativa de feminicídio,1/9/2025,0
PR,PINHÃO,Tentativa de feminicídio,1/10/2025,0
PR,PINHÃO,Tentativa de feminicídio,1/11/2025,0
PR,PINHÃO,Tentativa de feminicídio,1/12/2025,0
PR,PIRAQUARA,Feminicídio,1/1/2025,0
PR,PIRAQUARA,Feminicídio,1/2/2025,0
PR,PIRAQUARA,Feminicídio,1/3/2025,0
PR,PIRAQUARA,Feminicídio,1/4/2025,0
PR,PIRAQUARA,Feminicídio,1/5/2025,0
PR,PIRAQUARA,Feminicídio,1/6/2025,0
PR,PIRAQUARA,Feminicídio,1/7/2025,0
PR,PIRAQUARA,Feminicídio,1/8/2025,0
PR,PIRAQUARA,Feminicídio,1/9/2025,0
PR,PIRAQUARA,Feminicídio,1/10/2025,1
PR,PIRAQUARA,Feminicídio,1/11/2025,0
PR,PIRAQUARA,Feminicídio,1/12/2025,0
PR,PIRAQUARA,Tentativa de feminicídio,1/1/2025,0
PR,PIRAQUARA,Tentativa de feminicídio,1/2/2025,0
PR,PIRAQUARA,Tentativa de feminicídio,1/3/2025,0
PR,PIRAQUARA,Tentativa de feminicídio,1/4/2025,1
PR,PIRAQUARA,Tentativa de feminicídio,1/5/2025,1
PR,PIRAQUARA,Tentativa de feminicídio,1/6/2025,0
PR,PIRAQUARA,Tentativa de feminicídio,1/7/2025,0
PR,PIRAQUARA,Tentativa de feminicídio,1/8/2025,0
PR,PIRAQUARA,Tentativa de feminicídio,1/9/2025,0
PR,PIRAQUARA,Tentativa de feminicídio,1/10/2025,0
PR,PIRAQUARA,Tentativa de feminicídio,1/11/2025,0
PR,PIRAQUARA,Tentativa de feminicídio,1/12/2025,0
PR,PIRAÍ DO SUL,Feminicídio,1/1/2025,0
PR,PIRAÍ DO SUL,Feminicídio,1/2/2025,0
PR,PIRAÍ DO SUL,Feminicídio,1/3/2025,0
PR,PIRAÍ DO SUL,Feminicídio,1/4/2025,0
PR,PIRAÍ DO SUL,Feminicídio,1/5/2025,0
PR,PIRAÍ DO SUL,Feminicídio,1/6/2025,0
PR,PIRAÍ DO SUL,Feminicídio,1/7/2025,0
PR,PIRAÍ DO SUL,Feminicídio,1/8/2025,0
PR,PIRAÍ DO SUL,Feminicídio,1/9/2025,0
PR,PIRAÍ DO SUL,Feminicídio,1/10/2025,0
PR,PIRAÍ DO SUL,Feminicídio,1/11/2025,0
PR,PIRAÍ DO SUL,Feminicídio,1/12/2025,0
PR,PIRAÍ DO SUL,Tentativa de feminicídio,1/1/2025,0
PR,PIRAÍ DO SUL,Tentativa de feminicídio,1/2/2025,0
PR,PIRAÍ DO SUL,Tentativa de feminicídio,1/3/2025,0
PR,PIRAÍ DO SUL,Tentativa de feminicídio,1/4/2025,0
PR,PIRAÍ DO SUL,Tentativa de feminicídio,1/5/2025,0
PR,PIRAÍ DO SUL,Tentativa de feminicídio,1/6/2025,0
PR,PIRAÍ DO SUL,Tentativa de feminicídio,1/7/2025,0
PR,PIRAÍ DO SUL,Tentativa de feminicídio,1/8/2025,0
PR,PIRAÍ DO SUL,Tentativa de feminicídio,1/9/2025,0
PR,PIRAÍ DO SUL,Tentativa de feminicídio,1/10/2025,0
PR,PIRAÍ DO SUL,Tentativa de feminicídio,1/11/2025,1
PR,PIRAÍ DO SUL,Tentativa de feminicídio,1/12/2025,0
PR,PITANGA,Feminicídio,1/1/2025,0
PR,PITANGA,Feminicídio,1/2/2025,0
PR,PITANGA,Feminicídio,1/3/2025,0
PR,PITANGA,Feminicídio,1/4/2025,0
PR,PITANGA,Feminicídio,1/5/2025,0
PR,PITANGA,Feminicídio,1/6/2025,0
PR,PITANGA,Feminicídio,1/7/2025,0
PR,PITANGA,Feminicídio,1/8/2025,0
PR,PITANGA,Feminicídio,1/9/2025,0
PR,PITANGA,Feminicídio,1/10/2025,0
PR,PITANGA,Feminicídio,1/11/2025,0
PR,PITANGA,Feminicídio,1/12/2025,0
PR,PITANGA,Tentativa de feminicídio,1/1/2025,0
PR,PITANGA,Tentativa de feminicídio,1/2/2025,0
PR,PITANGA,Tentativa de feminicídio,1/3/2025,0
PR,PITANGA,Tentativa de feminicídio,1/4/2025,0
PR,PITANGA,Tentativa de feminicídio,1/5/2025,0
PR,PITANGA,Tentativa de feminicídio,1/6/2025,1
PR,PITANGA,Tentativa de feminicídio,1/7/2025,0
PR,PITANGA,Tentativa de feminicídio,1/8/2025,0
PR,PITANGA,Tentativa de feminicídio,1/9/2025,0
PR,PITANGA,Tentativa de feminicídio,1/10/2025,0
PR,PITANGA,Tentativa de feminicídio,1/11/2025,0
PR,PITANGA,Tentativa de feminicídio,1/12/2025,0
PR,PITANGUEIRAS,Feminicídio,1/1/2025,0
PR,PITANGUEIRAS,Feminicídio,1/2/2025,0
PR,PITANGUEIRAS,Feminicídio,1/3/2025,0
PR,PITANGUEIRAS,Feminicídio,1/4/2025,0
PR,PITANGUEIRAS,Feminicídio,1/5/2025,0
PR,PITANGUEIRAS,Feminicídio,1/6/2025,0
PR,PITANGUEIRAS,Feminicídio,1/7/2025,0
PR,PITANGUEIRAS,Feminicídio,1/8/2025,0
PR,PITANGUEIRAS,Feminicídio,1/9/2025,0
PR,PITANGUEIRAS,Feminicídio,1/10/2025,0
PR,PITANGUEIRAS,Feminicídio,1/11/2025,0
PR,PITANGUEIRAS,Feminicídio,1/12/2025,0
PR,PITANGUEIRAS,Tentativa de feminicídio,1/1/2025,0
PR,PITANGUEIRAS,Tentativa de feminicídio,1/2/2025,0
PR,PITANGUEIRAS,Tentativa de feminicídio,1/3/2025,0
PR,PITANGUEIRAS,Tentativa de feminicídio,1/4/2025,0
PR,PITANGUEIRAS,Tentativa de feminicídio,1/5/2025,0
PR,PITANGUEIRAS,Tentativa de feminicídio,1/6/2025,0
PR,PITANGUEIRAS,Tentativa de feminicídio,1/7/2025,0
PR,PITANGUEIRAS,Tentativa de feminicídio,1/8/2025,0
PR,PITANGUEIRAS,Tentativa de feminicídio,1/9/2025,0
PR,PITANGUEIRAS,Tentativa de feminicídio,1/10/2025,0
PR,PITANGUEIRAS,Tentativa de feminicídio,1/11/2025,0
PR,PITANGUEIRAS,Tentativa de feminicídio,1/12/2025,0
PR,PIÊN,Feminicídio,1/1/2025,0
PR,PIÊN,Feminicídio,1/2/2025,1
PR,PIÊN,Feminicídio,1/3/2025,0
PR,PIÊN,Feminicídio,1/4/2025,0
PR,PIÊN,Feminicídio,1/5/2025,0
PR,PIÊN,Feminicídio,1/6/2025,0
PR,PIÊN,Feminicídio,1/7/2025,0
PR,PIÊN,Feminicídio,1/8/2025,0
PR,PIÊN,Feminicídio,1/9/2025,0
PR,PIÊN,Feminicídio,1/10/2025,0
PR,PIÊN,Feminicídio,1/11/2025,0
PR,PIÊN,Feminicídio,1/12/2025,0
PR,PIÊN,Tentativa de feminicídio,1/1/2025,0
PR,PIÊN,Tentativa de feminicídio,1/2/2025,0
PR,PIÊN,Tentativa de feminicídio,1/3/2025,0
PR,PIÊN,Tentativa de feminicídio,1/4/2025,0
PR,PIÊN,Tentativa de feminicídio,1/5/2025,0
PR,PIÊN,Tentativa de feminicídio,1/6/2025,0
PR,PIÊN,Tentativa de feminicídio,1/7/2025,0
PR,PIÊN,Tentativa de feminicídio,1/8/2025,0
PR,PIÊN,Tentativa de feminicídio,1/9/2025,0
PR,PIÊN,Tentativa de feminicídio,1/10/2025,0
PR,PIÊN,Tentativa de feminicídio,1/11/2025,0
PR,PIÊN,Tentativa de feminicídio,1/12/2025,0
PR,PLANALTINA DO PARANÁ,Feminicídio,1/1/2025,0
PR,PLANALTINA DO PARANÁ,Feminicídio,1/2/2025,0
PR,PLANALTINA DO PARANÁ,Feminicídio,1/3/2025,0
PR,PLANALTINA DO PARANÁ,Feminicídio,1/4/2025,0
PR,PLANALTINA DO PARANÁ,Feminicídio,1/5/2025,0
PR,PLANALTINA DO PARANÁ,Feminicídio,1/6/2025,0
PR,PLANALTINA DO PARANÁ,Feminicídio,1/7/2025,0
PR,PLANALTINA DO PARANÁ,Feminicídio,1/8/2025,0
PR,PLANALTINA DO PARANÁ,Feminicídio,1/9/2025,0
PR,PLANALTINA DO PARANÁ,Feminicídio,1/10/2025,0
PR,PLANALTINA DO PARANÁ,Feminicídio,1/11/2025,0
PR,PLANALTINA DO PARANÁ,Feminicídio,1/12/2025,0
PR,PLANALTINA DO PARANÁ,Tentativa de feminicídio,1/1/2025,0
PR,PLANALTINA DO PARANÁ,Tentativa de feminicídio,1/2/2025,0
PR,PLANALTINA DO PARANÁ,Tentativa de feminicídio,1/3/2025,0
PR,PLANALTINA DO PARANÁ,Tentativa de feminicídio,1/4/2025,0
PR,PLANALTINA DO PARANÁ,Tentativa de feminicídio,1/5/2025,0
PR,PLANALTINA DO PARANÁ,Tentativa de feminicídio,1/6/2025,0
PR,PLANALTINA DO PARANÁ,Tentativa de feminicídio,1/7/2025,0
PR,PLANALTINA DO PARANÁ,Tentativa de feminicídio,1/8/2025,0
PR,PLANALTINA DO PARANÁ,Tentativa de feminicídio,1/9/2025,0
PR,PLANALTINA DO PARANÁ,Tentativa de feminicídio,1/10/2025,0
PR,PLANALTINA DO PARANÁ,Tentativa de feminicídio,1/11/2025,0
PR,PLANALTINA DO PARANÁ,Tentativa de feminicídio,1/12/2025,0
PR,PLANALTO,Feminicídio,1/1/2025,0
PR,PLANALTO,Feminicídio,1/2/2025,0
PR,PLANALTO,Feminicídio,1/3/2025,0
PR,PLANALTO,Feminicídio,1/4/2025,0
PR,PLANALTO,Feminicídio,1/5/2025,0
PR,PLANALTO,Feminicídio,1/6/2025,0
PR,PLANALTO,Feminicídio,1/7/2025,0
PR,PLANALTO,Feminicídio,1/8/2025,0
PR,PLANALTO,Feminicídio,1/9/2025,0
PR,PLANALTO,Feminicídio,1/10/2025,0
PR,PLANALTO,Feminicídio,1/11/2025,0
PR,PLANALTO,Feminicídio,1/12/2025,0
PR,PLANALTO,Tentativa de feminicídio,1/1/2025,0
PR,PLANALTO,Tentativa de feminicídio,1/2/2025,0
PR,PLANALTO,Tentativa de feminicídio,1/3/2025,0
PR,PLANALTO,Tentativa de feminicídio,1/4/2025,0
PR,PLANALTO,Tentativa de feminicídio,1/5/2025,0
PR,PLANALTO,Tentativa de feminicídio,1/6/2025,0
PR,PLANALTO,Tentativa de feminicídio,1/7/2025,0
PR,PLANALTO,Tentativa de feminicídio,1/8/2025,0
PR,PLANALTO,Tentativa de feminicídio,1/9/2025,0
PR,PLANALTO,Tentativa de feminicídio,1/10/2025,0
PR,PLANALTO,Tentativa de feminicídio,1/11/2025,0
PR,PLANALTO,Tentativa de feminicídio,1/12/2025,0
PR,PONTA GROSSA,Feminicídio,1/1/2025,0
PR,PONTA GROSSA,Feminicídio,1/2/2025,0
PR,PONTA GROSSA,Feminicídio,1/3/2025,0
PR,PONTA GROSSA,Feminicídio,1/4/2025,0
PR,PONTA GROSSA,Feminicídio,1/5/2025,0
PR,PONTA GROSSA,Feminicídio,1/6/2025,0
PR,PONTA GROSSA,Feminicídio,1/7/2025,0
PR,PONTA GROSSA,Feminicídio,1/8/2025,0
PR,PONTA GROSSA,Feminicídio,1/9/2025,0
PR,PONTA GROSSA,Feminicídio,1/10/2025,0
PR,PONTA GROSSA,Feminicídio,1/11/2025,0
PR,PONTA GROSSA,Feminicídio,1/12/2025,0
PR,PONTA GROSSA,Tentativa de feminicídio,1/1/2025,0
PR,PONTA GROSSA,Tentativa de feminicídio,1/2/2025,1
PR,PONTA GROSSA,Tentativa de feminicídio,1/3/2025,0
PR,PONTA GROSSA,Tentativa de feminicídio,1/4/2025,0
PR,PONTA GROSSA,Tentativa de feminicídio,1/5/2025,1
PR,PONTA GROSSA,Tentativa de feminicídio,1/6/2025,0
PR,PONTA GROSSA,Tentativa de feminicídio,1/7/2025,0
PR,PONTA GROSSA,Tentativa de feminicídio,1/8/2025,0
PR,PONTA GROSSA,Tentativa de feminicídio,1/9/2025,0
PR,PONTA GROSSA,Tentativa de feminicídio,1/10/2025,0
PR,PONTA GROSSA,Tentativa de feminicídio,1/11/2025,1
PR,PONTA GROSSA,Tentativa de feminicídio,1/12/2025,0
PR,PONTAL DO PARANÁ,Feminicídio,1/1/2025,0
PR,PONTAL DO PARANÁ,Feminicídio,1/2/2025,0
PR,PONTAL DO PARANÁ,Feminicídio,1/3/2025,0
PR,PONTAL DO PARANÁ,Feminicídio,1/4/2025,0
PR,PONTAL DO PARANÁ,Feminicídio,1/5/2025,0
PR,PONTAL DO PARANÁ,Feminicídio,1/6/2025,0
PR,PONTAL DO PARANÁ,Feminicídio,1/7/2025,0
PR,PONTAL DO PARANÁ,Feminicídio,1/8/2025,0
PR,PONTAL DO PARANÁ,Feminicídio,1/9/2025,0
PR,PONTAL DO PARANÁ,Feminicídio,1/10/2025,0
PR,PONTAL DO PARANÁ,Feminicídio,1/11/2025,0
PR,PONTAL DO PARANÁ,Feminicídio,1/12/2025,0
PR,PONTAL DO PARANÁ,Tentativa de feminicídio,1/1/2025,0
PR,PONTAL DO PARANÁ,Tentativa de feminicídio,1/2/2025,0
PR,PONTAL DO PARANÁ,Tentativa de feminicídio,1/3/2025,0
PR,PONTAL DO PARANÁ,Tentativa de feminicídio,1/4/2025,2
PR,PONTAL DO PARANÁ,Tentativa de feminicídio,1/5/2025,0
PR,PONTAL DO PARANÁ,Tentativa de feminicídio,1/6/2025,0
PR,PONTAL DO PARANÁ,Tentativa de feminicídio,1/7/2025,0
PR,PONTAL DO PARANÁ,Tentativa de feminicídio,1/8/2025,0
PR,PONTAL DO PARANÁ,Tentativa de feminicídio,1/9/2025,0
PR,PONTAL DO PARANÁ,Tentativa de feminicídio,1/10/2025,0
PR,PONTAL DO PARANÁ,Tentativa de feminicídio,1/11/2025,1
PR,PONTAL DO PARANÁ,Tentativa de feminicídio,1/12/2025,0
PR,PORECATU,Feminicídio,1/1/2025,0
PR,PORECATU,Feminicídio,1/2/2025,0
PR,PORECATU,Feminicídio,1/3/2025,0
PR,PORECATU,Feminicídio,1/4/2025,0
PR,PORECATU,Feminicídio,1/5/2025,0
PR,PORECATU,Feminicídio,1/6/2025,0
PR,PORECATU,Feminicídio,1/7/2025,0
PR,PORECATU,Feminicídio,1/8/2025,0
PR,PORECATU,Feminicídio,1/9/2025,0
PR,PORECATU,Feminicídio,1/10/2025,0
PR,PORECATU,Feminicídio,1/11/2025,0
PR,PORECATU,Feminicídio,1/12/2025,0
PR,PORECATU,Tentativa de feminicídio,1/1/2025,0
PR,PORECATU,Tentativa de feminicídio,1/2/2025,0
PR,PORECATU,Tentativa de feminicídio,1/3/2025,0
PR,PORECATU,Tentativa de feminicídio,1/4/2025,0
PR,PORECATU,Tentativa de feminicídio,1/5/2025,0
PR,PORECATU,Tentativa de feminicídio,1/6/2025,0
PR,PORECATU,Tentativa de feminicídio,1/7/2025,0
PR,PORECATU,Tentativa de feminicídio,1/8/2025,0
PR,PORECATU,Tentativa de feminicídio,1/9/2025,0
PR,PORECATU,Tentativa de feminicídio,1/10/2025,0
PR,PORECATU,Tentativa de feminicídio,1/11/2025,0
PR,PORECATU,Tentativa de feminicídio,1/12/2025,0
PR,PORTO AMAZONAS,Feminicídio,1/1/2025,0
PR,PORTO AMAZONAS,Feminicídio,1/2/2025,0
PR,PORTO AMAZONAS,Feminicídio,1/3/2025,0
PR,PORTO AMAZONAS,Feminicídio,1/4/2025,0
PR,PORTO AMAZONAS,Feminicídio,1/5/2025,0
PR,PORTO AMAZONAS,Feminicídio,1/6/2025,0
PR,PORTO AMAZONAS,Feminicídio,1/7/2025,0
PR,PORTO AMAZONAS,Feminicídio,1/8/2025,0
PR,PORTO AMAZONAS,Feminicídio,1/9/2025,0
PR,PORTO AMAZONAS,Feminicídio,1/10/2025,0
PR,PORTO AMAZONAS,Feminicídio,1/11/2025,0
PR,PORTO AMAZONAS,Feminicídio,1/12/2025,0
PR,PORTO AMAZONAS,Tentativa de feminicídio,1/1/2025,0
PR,PORTO AMAZONAS,Tentativa de feminicídio,1/2/2025,0
PR,PORTO AMAZONAS,Tentativa de feminicídio,1/3/2025,0
PR,PORTO AMAZONAS,Tentativa de feminicídio,1/4/2025,0
PR,PORTO AMAZONAS,Tentativa de feminicídio,1/5/2025,0
PR,PORTO AMAZONAS,Tentativa de feminicídio,1/6/2025,0
PR,PORTO AMAZONAS,Tentativa de feminicídio,1/7/2025,0
PR,PORTO AMAZONAS,Tentativa de feminicídio,1/8/2025,0
PR,PORTO AMAZONAS,Tentativa de feminicídio,1/9/2025,0
PR,PORTO AMAZONAS,Tentativa de feminicídio,1/10/2025,0
PR,PORTO AMAZONAS,Tentativa de feminicídio,1/11/2025,0
PR,PORTO AMAZONAS,Tentativa de feminicídio,1/12/2025,0
PR,PORTO BARREIRO,Feminicídio,1/1/2025,0
PR,PORTO BARREIRO,Feminicídio,1/2/2025,0
PR,PORTO BARREIRO,Feminicídio,1/3/2025,0
PR,PORTO BARREIRO,Feminicídio,1/4/2025,0
PR,PORTO BARREIRO,Feminicídio,1/5/2025,0
PR,PORTO BARREIRO,Feminicídio,1/6/2025,0
PR,PORTO BARREIRO,Feminicídio,1/7/2025,0
PR,PORTO BARREIRO,Feminicídio,1/8/2025,0
PR,PORTO BARREIRO,Feminicídio,1/9/2025,0
PR,PORTO BARREIRO,Feminicídio,1/10/2025,0
PR,PORTO BARREIRO,Feminicídio,1/11/2025,0
PR,PORTO BARREIRO,Feminicídio,1/12/2025,0
PR,PORTO BARREIRO,Tentativa de feminicídio,1/1/2025,0
PR,PORTO BARREIRO,Tentativa de feminicídio,1/2/2025,0
PR,PORTO BARREIRO,Tentativa de feminicídio,1/3/2025,0
PR,PORTO BARREIRO,Tentativa de feminicídio,1/4/2025,0
PR,PORTO BARREIRO,Tentativa de feminicídio,1/5/2025,0
PR,PORTO BARREIRO,Tentativa de feminicídio,1/6/2025,0
PR,PORTO BARREIRO,Tentativa de feminicídio,1/7/2025,0
PR,PORTO BARREIRO,Tentativa de feminicídio,1/8/2025,0
PR,PORTO BARREIRO,Tentativa de feminicídio,1/9/2025,0
PR,PORTO BARREIRO,Tentativa de feminicídio,1/10/2025,0
PR,PORTO BARREIRO,Tentativa de feminicídio,1/11/2025,0
PR,PORTO BARREIRO,Tentativa de feminicídio,1/12/2025,0
PR,PORTO RICO,Feminicídio,1/1/2025,0
PR,PORTO RICO,Feminicídio,1/2/2025,0
PR,PORTO RICO,Feminicídio,1/3/2025,0
PR,PORTO RICO,Feminicídio,1/4/2025,0
PR,PORTO RICO,Feminicídio,1/5/2025,0
PR,PORTO RICO,Feminicídio,1/6/2025,0
PR,PORTO RICO,Feminicídio,1/7/2025,0
PR,PORTO RICO,Feminicídio,1/8/2025,0
PR,PORTO RICO,Feminicídio,1/9/2025,0
PR,PORTO RICO,Feminicídio,1/10/2025,0
PR,PORTO RICO,Feminicídio,1/11/2025,0
PR,PORTO RICO,Feminicídio,1/12/2025,0
PR,PORTO RICO,Tentativa de feminicídio,1/1/2025,0
PR,PORTO RICO,Tentativa de feminicídio,1/2/2025,0
PR,PORTO RICO,Tentativa de feminicídio,1/3/2025,0
PR,PORTO RICO,Tentativa de feminicídio,1/4/2025,0
PR,PORTO RICO,Tentativa de feminicídio,1/5/2025,0
PR,PORTO RICO,Tentativa de feminicídio,1/6/2025,0
PR,PORTO RICO,Tentativa de feminicídio,1/7/2025,0
PR,PORTO RICO,Tentativa de feminicídio,1/8/2025,0
PR,PORTO RICO,Tentativa de feminicídio,1/9/2025,0
PR,PORTO RICO,Tentativa de feminicídio,1/10/2025,0
PR,PORTO RICO,Tentativa de feminicídio,1/11/2025,0
PR,PORTO RICO,Tentativa de feminicídio,1/12/2025,0
PR,PORTO VITÓRIA,Feminicídio,1/1/2025,0
PR,PORTO VITÓRIA,Feminicídio,1/2/2025,0
PR,PORTO VITÓRIA,Feminicídio,1/3/2025,0
PR,PORTO VITÓRIA,Feminicídio,1/4/2025,0
PR,PORTO VITÓRIA,Feminicídio,1/5/2025,0
PR,PORTO VITÓRIA,Feminicídio,1/6/2025,0
PR,PORTO VITÓRIA,Feminicídio,1/7/2025,0
PR,PORTO VITÓRIA,Feminicídio,1/8/2025,0
PR,PORTO VITÓRIA,Feminicídio,1/9/2025,0
PR,PORTO VITÓRIA,Feminicídio,1/10/2025,0
PR,PORTO VITÓRIA,Feminicídio,1/11/2025,0
PR,PORTO VITÓRIA,Feminicídio,1/12/2025,0
PR,PORTO VITÓRIA,Tentativa de feminicídio,1/1/2025,0
PR,PORTO VITÓRIA,Tentativa de feminicídio,1/2/2025,0
PR,PORTO VITÓRIA,Tentativa de feminicídio,1/3/2025,0
PR,PORTO VITÓRIA,Tentativa de feminicídio,1/4/2025,0
PR,PORTO VITÓRIA,Tentativa de feminicídio,1/5/2025,0
PR,PORTO VITÓRIA,Tentativa de feminicídio,1/6/2025,0
PR,PORTO VITÓRIA,Tentativa de feminicídio,1/7/2025,0
PR,PORTO VITÓRIA,Tentativa de feminicídio,1/8/2025,0
PR,PORTO VITÓRIA,Tentativa de feminicídio,1/9/2025,0
PR,PORTO VITÓRIA,Tentativa de feminicídio,1/10/2025,0
PR,PORTO VITÓRIA,Tentativa de feminicídio,1/11/2025,0
PR,PORTO VITÓRIA,Tentativa de feminicídio,1/12/2025,0
PR,PRADO FERREIRA,Feminicídio,1/1/2025,0
PR,PRADO FERREIRA,Feminicídio,1/2/2025,0
PR,PRADO FERREIRA,Feminicídio,1/3/2025,0
PR,PRADO FERREIRA,Feminicídio,1/4/2025,0
PR,PRADO FERREIRA,Feminicídio,1/5/2025,0
PR,PRADO FERREIRA,Feminicídio,1/6/2025,0
PR,PRADO FERREIRA,Feminicídio,1/7/2025,0
PR,PRADO FERREIRA,Feminicídio,1/8/2025,0
PR,PRADO FERREIRA,Feminicídio,1/9/2025,0
PR,PRADO FERREIRA,Feminicídio,1/10/2025,0
PR,PRADO FERREIRA,Feminicídio,1/11/2025,0
PR,PRADO FERREIRA,Feminicídio,1/12/2025,0
PR,PRADO FERREIRA,Tentativa de feminicídio,1/1/2025,0
PR,PRADO FERREIRA,Tentativa de feminicídio,1/2/2025,0
PR,PRADO FERREIRA,Tentativa de feminicídio,1/3/2025,0
PR,PRADO FERREIRA,Tentativa de feminicídio,1/4/2025,0
PR,PRADO FERREIRA,Tentativa de feminicídio,1/5/2025,0
PR,PRADO FERREIRA,Tentativa de feminicídio,1/6/2025,0
PR,PRADO FERREIRA,Tentativa de feminicídio,1/7/2025,0
PR,PRADO FERREIRA,Tentativa de feminicídio,1/8/2025,0
PR,PRADO FERREIRA,Tentativa de feminicídio,1/9/2025,0
PR,PRADO FERREIRA,Tentativa de feminicídio,1/10/2025,0
PR,PRADO FERREIRA,Tentativa de feminicídio,1/11/2025,0
PR,PRADO FERREIRA,Tentativa de feminicídio,1/12/2025,0
PR,PRANCHITA,Feminicídio,1/1/2025,0
PR,PRANCHITA,Feminicídio,1/2/2025,0
PR,PRANCHITA,Feminicídio,1/3/2025,0
PR,PRANCHITA,Feminicídio,1/4/2025,0
PR,PRANCHITA,Feminicídio,1/5/2025,0
PR,PRANCHITA,Feminicídio,1/6/2025,0
PR,PRANCHITA,Feminicídio,1/7/2025,0
PR,PRANCHITA,Feminicídio,1/8/2025,0
PR,PRANCHITA,Feminicídio,1/9/2025,0
PR,PRANCHITA,Feminicídio,1/10/2025,0
PR,PRANCHITA,Feminicídio,1/11/2025,0
PR,PRANCHITA,Feminicídio,1/12/2025,0
PR,PRANCHITA,Tentativa de feminicídio,1/1/2025,0
PR,PRANCHITA,Tentativa de feminicídio,1/2/2025,0
PR,PRANCHITA,Tentativa de feminicídio,1/3/2025,0
PR,PRANCHITA,Tentativa de feminicídio,1/4/2025,0
PR,PRANCHITA,Tentativa de feminicídio,1/5/2025,0
PR,PRANCHITA,Tentativa de feminicídio,1/6/2025,0
PR,PRANCHITA,Tentativa de feminicídio,1/7/2025,0
PR,PRANCHITA,Tentativa de feminicídio,1/8/2025,0
PR,PRANCHITA,Tentativa de feminicídio,1/9/2025,0
PR,PRANCHITA,Tentativa de feminicídio,1/10/2025,0
PR,PRANCHITA,Tentativa de feminicídio,1/11/2025,0
PR,PRANCHITA,Tentativa de feminicídio,1/12/2025,0
PR,PRESIDENTE CASTELO BRANCO,Feminicídio,1/1/2025,0
PR,PRESIDENTE CASTELO BRANCO,Feminicídio,1/2/2025,0
PR,PRESIDENTE CASTELO BRANCO,Feminicídio,1/3/2025,0
PR,PRESIDENTE CASTELO BRANCO,Feminicídio,1/4/2025,0
PR,PRESIDENTE CASTELO BRANCO,Feminicídio,1/5/2025,0
PR,PRESIDENTE CASTELO BRANCO,Feminicídio,1/6/2025,0
PR,PRESIDENTE CASTELO BRANCO,Feminicídio,1/7/2025,0
PR,PRESIDENTE CASTELO BRANCO,Feminicídio,1/8/2025,0
PR,PRESIDENTE CASTELO BRANCO,Feminicídio,1/9/2025,0
PR,PRESIDENTE CASTELO BRANCO,Feminicídio,1/10/2025,0
PR,PRESIDENTE CASTELO BRANCO,Feminicídio,1/11/2025,0
PR,PRESIDENTE CASTELO BRANCO,Feminicídio,1/12/2025,0
PR,PRESIDENTE CASTELO BRANCO,Tentativa de feminicídio,1/1/2025,0
PR,PRESIDENTE CASTELO BRANCO,Tentativa de feminicídio,1/2/2025,0
PR,PRESIDENTE CASTELO BRANCO,Tentativa de feminicídio,1/3/2025,0
PR,PRESIDENTE CASTELO BRANCO,Tentativa de feminicídio,1/4/2025,0
PR,PRESIDENTE CASTELO BRANCO,Tentativa de feminicídio,1/5/2025,0
PR,PRESIDENTE CASTELO BRANCO,Tentativa de feminicídio,1/6/2025,0
PR,PRESIDENTE CASTELO BRANCO,Tentativa de feminicídio,1/7/2025,0
PR,PRESIDENTE CASTELO BRANCO,Tentativa de feminicídio,1/8/2025,0
PR,PRESIDENTE CASTELO BRANCO,Tentativa de feminicídio,1/9/2025,0
PR,PRESIDENTE CASTELO BRANCO,Tentativa de feminicídio,1/10/2025,0
PR,PRESIDENTE CASTELO BRANCO,Tentativa de feminicídio,1/11/2025,0
PR,PRESIDENTE CASTELO BRANCO,Tentativa de feminicídio,1/12/2025,0
PR,PRIMEIRO DE MAIO,Feminicídio,1/1/2025,0
PR,PRIMEIRO DE MAIO,Feminicídio,1/2/2025,0
PR,PRIMEIRO DE MAIO,Feminicídio,1/3/2025,0
PR,PRIMEIRO DE MAIO,Feminicídio,1/4/2025,0
PR,PRIMEIRO DE MAIO,Feminicídio,1/5/2025,0
PR,PRIMEIRO DE MAIO,Feminicídio,1/6/2025,0
PR,PRIMEIRO DE MAIO,Feminicídio,1/7/2025,0
PR,PRIMEIRO DE MAIO,Feminicídio,1/8/2025,0
PR,PRIMEIRO DE MAIO,Feminicídio,1/9/2025,0
PR,PRIMEIRO DE MAIO,Feminicídio,1/10/2025,0
PR,PRIMEIRO DE MAIO,Feminicídio,1/11/2025,0
PR,PRIMEIRO DE MAIO,Feminicídio,1/12/2025,0
PR,PRIMEIRO DE MAIO,Tentativa de feminicídio,1/1/2025,0
PR,PRIMEIRO DE MAIO,Tentativa de feminicídio,1/2/2025,0
PR,PRIMEIRO DE MAIO,Tentativa de feminicídio,1/3/2025,0
PR,PRIMEIRO DE MAIO,Tentativa de feminicídio,1/4/2025,0
PR,PRIMEIRO DE MAIO,Tentativa de feminicídio,1/5/2025,0
PR,PRIMEIRO DE MAIO,Tentativa de feminicídio,1/6/2025,0
PR,PRIMEIRO DE MAIO,Tentativa de feminicídio,1/7/2025,0
PR,PRIMEIRO DE MAIO,Tentativa de feminicídio,1/8/2025,0
PR,PRIMEIRO DE MAIO,Tentativa de feminicídio,1/9/2025,0
PR,PRIMEIRO DE MAIO,Tentativa de feminicídio,1/10/2025,0
PR,PRIMEIRO DE MAIO,Tentativa de feminicídio,1/11/2025,0
PR,PRIMEIRO DE MAIO,Tentativa de feminicídio,1/12/2025,1
PR,PRUDENTÓPOLIS,Feminicídio,1/1/2025,0
PR,PRUDENTÓPOLIS,Feminicídio,1/2/2025,0
PR,PRUDENTÓPOLIS,Feminicídio,1/3/2025,0
PR,PRUDENTÓPOLIS,Feminicídio,1/4/2025,0
PR,PRUDENTÓPOLIS,Feminicídio,1/5/2025,0
PR,PRUDENTÓPOLIS,Feminicídio,1/6/2025,0
PR,PRUDENTÓPOLIS,Feminicídio,1/7/2025,0
PR,PRUDENTÓPOLIS,Feminicídio,1/8/2025,0
PR,PRUDENTÓPOLIS,Feminicídio,1/9/2025,0
PR,PRUDENTÓPOLIS,Feminicídio,1/10/2025,0
PR,PRUDENTÓPOLIS,Feminicídio,1/11/2025,0
PR,PRUDENTÓPOLIS,Feminicídio,1/12/2025,0
PR,PRUDENTÓPOLIS,Tentativa de feminicídio,1/1/2025,0
PR,PRUDENTÓPOLIS,Tentativa de feminicídio,1/2/2025,0
PR,PRUDENTÓPOLIS,Tentativa de feminicídio,1/3/2025,0
PR,PRUDENTÓPOLIS,Tentativa de feminicídio,1/4/2025,0
PR,PRUDENTÓPOLIS,Tentativa de feminicídio,1/5/2025,0
PR,PRUDENTÓPOLIS,Tentativa de feminicídio,1/6/2025,0
PR,PRUDENTÓPOLIS,Tentativa de feminicídio,1/7/2025,0
PR,PRUDENTÓPOLIS,Tentativa de feminicídio,1/8/2025,0
PR,PRUDENTÓPOLIS,Tentativa de feminicídio,1/9/2025,0
PR,PRUDENTÓPOLIS,Tentativa de feminicídio,1/10/2025,0
PR,PRUDENTÓPOLIS,Tentativa de feminicídio,1/11/2025,0
PR,PRUDENTÓPOLIS,Tentativa de feminicídio,1/12/2025,0
PR,PÉROLA,Feminicídio,1/1/2025,0
PR,PÉROLA,Feminicídio,1/2/2025,0
PR,PÉROLA,Feminicídio,1/3/2025,0
PR,PÉROLA,Feminicídio,1/4/2025,0
PR,PÉROLA,Feminicídio,1/5/2025,0
PR,PÉROLA,Feminicídio,1/6/2025,0
PR,PÉROLA,Feminicídio,1/7/2025,0
PR,PÉROLA,Feminicídio,1/8/2025,0
PR,PÉROLA,Feminicídio,1/9/2025,0
PR,PÉROLA,Feminicídio,1/10/2025,0
PR,PÉROLA,Feminicídio,1/11/2025,0
PR,PÉROLA,Feminicídio,1/12/2025,0
PR,PÉROLA,Tentativa de feminicídio,1/1/2025,0
PR,PÉROLA,Tentativa de feminicídio,1/2/2025,0
PR,PÉROLA,Tentativa de feminicídio,1/3/2025,0
PR,PÉROLA,Tentativa de feminicídio,1/4/2025,0
PR,PÉROLA,Tentativa de feminicídio,1/5/2025,0
PR,PÉROLA,Tentativa de feminicídio,1/6/2025,0
PR,PÉROLA,Tentativa de feminicídio,1/7/2025,0
PR,PÉROLA,Tentativa de feminicídio,1/8/2025,0
PR,PÉROLA,Tentativa de feminicídio,1/9/2025,0
PR,PÉROLA,Tentativa de feminicídio,1/10/2025,0
PR,PÉROLA,Tentativa de feminicídio,1/11/2025,0
PR,PÉROLA,Tentativa de feminicídio,1/12/2025,0
PR,PÉROLA D'OESTE,Feminicídio,1/1/2025,0
PR,PÉROLA D'OESTE,Feminicídio,1/2/2025,0
PR,PÉROLA D'OESTE,Feminicídio,1/3/2025,0
PR,PÉROLA D'OESTE,Feminicídio,1/4/2025,0
PR,PÉROLA D'OESTE,Feminicídio,1/5/2025,0
PR,PÉROLA D'OESTE,Feminicídio,1/6/2025,0
PR,PÉROLA D'OESTE,Feminicídio,1/7/2025,0
PR,PÉROLA D'OESTE,Feminicídio,1/8/2025,0
PR,PÉROLA D'OESTE,Feminicídio,1/9/2025,0
PR,PÉROLA D'OESTE,Feminicídio,1/10/2025,0
PR,PÉROLA D'OESTE,Feminicídio,1/11/2025,0
PR,PÉROLA D'OESTE,Feminicídio,1/12/2025,0
PR,PÉROLA D'OESTE,Tentativa de feminicídio,1/1/2025,0
PR,PÉROLA D'OESTE,Tentativa de feminicídio,1/2/2025,0
PR,PÉROLA D'OESTE,Tentativa de feminicídio,1/3/2025,0
PR,PÉROLA D'OESTE,Tentativa de feminicídio,1/4/2025,0
PR,PÉROLA D'OESTE,Tentativa de feminicídio,1/5/2025,0
PR,PÉROLA D'OESTE,Tentativa de feminicídio,1/6/2025,0
PR,PÉROLA D'OESTE,Tentativa de feminicídio,1/7/2025,0
PR,PÉROLA D'OESTE,Tentativa de feminicídio,1/8/2025,0
PR,PÉROLA D'OESTE,Tentativa de feminicídio,1/9/2025,0
PR,PÉROLA D'OESTE,Tentativa de feminicídio,1/10/2025,0
PR,PÉROLA D'OESTE,Tentativa de feminicídio,1/11/2025,0
PR,PÉROLA D'OESTE,Tentativa de feminicídio,1/12/2025,0
PR,QUARTO CENTENÁRIO,Feminicídio,1/1/2025,0
PR,QUARTO CENTENÁRIO,Feminicídio,1/2/2025,0
PR,QUARTO CENTENÁRIO,Feminicídio,1/3/2025,0
PR,QUARTO CENTENÁRIO,Feminicídio,1/4/2025,0
PR,QUARTO CENTENÁRIO,Feminicídio,1/5/2025,0
PR,QUARTO CENTENÁRIO,Feminicídio,1/6/2025,0
PR,QUARTO CENTENÁRIO,Feminicídio,1/7/2025,0
PR,QUARTO CENTENÁRIO,Feminicídio,1/8/2025,0
PR,QUARTO CENTENÁRIO,Feminicídio,1/9/2025,0
PR,QUARTO CENTENÁRIO,Feminicídio,1/10/2025,0
PR,QUARTO CENTENÁRIO,Feminicídio,1/11/2025,0
PR,QUARTO CENTENÁRIO,Feminicídio,1/12/2025,0
PR,QUARTO CENTENÁRIO,Tentativa de feminicídio,1/1/2025,0
PR,QUARTO CENTENÁRIO,Tentativa de feminicídio,1/2/2025,0
PR,QUARTO CENTENÁRIO,Tentativa de feminicídio,1/3/2025,0
PR,QUARTO CENTENÁRIO,Tentativa de feminicídio,1/4/2025,0
PR,QUARTO CENTENÁRIO,Tentativa de feminicídio,1/5/2025,0
PR,QUARTO CENTENÁRIO,Tentativa de feminicídio,1/6/2025,0
PR,QUARTO CENTENÁRIO,Tentativa de feminicídio,1/7/2025,0
PR,QUARTO CENTENÁRIO,Tentativa de feminicídio,1/8/2025,0
PR,QUARTO CENTENÁRIO,Tentativa de feminicídio,1/9/2025,0
PR,QUARTO CENTENÁRIO,Tentativa de feminicídio,1/10/2025,0
PR,QUARTO CENTENÁRIO,Tentativa de feminicídio,1/11/2025,0
PR,QUARTO CENTENÁRIO,Tentativa de feminicídio,1/12/2025,0
PR,QUATIGUÁ,Feminicídio,1/1/2025,0
PR,QUATIGUÁ,Feminicídio,1/2/2025,0
PR,QUATIGUÁ,Feminicídio,1/3/2025,0
PR,QUATIGUÁ,Feminicídio,1/4/2025,0
PR,QUATIGUÁ,Feminicídio,1/5/2025,0
PR,QUATIGUÁ,Feminicídio,1/6/2025,0
PR,QUATIGUÁ,Feminicídio,1/7/2025,0
PR,QUATIGUÁ,Feminicídio,1/8/2025,0
PR,QUATIGUÁ,Feminicídio,1/9/2025,0
PR,QUATIGUÁ,Feminicídio,1/10/2025,0
PR,QUATIGUÁ,Feminicídio,1/11/2025,0
PR,QUATIGUÁ,Feminicídio,1/12/2025,0
PR,QUATIGUÁ,Tentativa de feminicídio,1/1/2025,0
PR,QUATIGUÁ,Tentativa de feminicídio,1/2/2025,0
PR,QUATIGUÁ,Tentativa de feminicídio,1/3/2025,0
PR,QUATIGUÁ,Tentativa de feminicídio,1/4/2025,0
PR,QUATIGUÁ,Tentativa de feminicídio,1/5/2025,0
PR,QUATIGUÁ,Tentativa de feminicídio,1/6/2025,0
PR,QUATIGUÁ,Tentativa de feminicídio,1/7/2025,0
PR,QUATIGUÁ,Tentativa de feminicídio,1/8/2025,0
PR,QUATIGUÁ,Tentativa de feminicídio,1/9/2025,0
PR,QUATIGUÁ,Tentativa de feminicídio,1/10/2025,0
PR,QUATIGUÁ,Tentativa de feminicídio,1/11/2025,0
PR,QUATIGUÁ,Tentativa de feminicídio,1/12/2025,0
PR,QUATRO BARRAS,Feminicídio,1/1/2025,0
PR,QUATRO BARRAS,Feminicídio,1/2/2025,0
PR,QUATRO BARRAS,Feminicídio,1/3/2025,0
PR,QUATRO BARRAS,Feminicídio,1/4/2025,0
PR,QUATRO BARRAS,Feminicídio,1/5/2025,0
PR,QUATRO BARRAS,Feminicídio,1/6/2025,0
PR,QUATRO BARRAS,Feminicídio,1/7/2025,0
PR,QUATRO BARRAS,Feminicídio,1/8/2025,0
PR,QUATRO BARRAS,Feminicídio,1/9/2025,0
PR,QUATRO BARRAS,Feminicídio,1/10/2025,0
PR,QUATRO BARRAS,Feminicídio,1/11/2025,0
PR,QUATRO BARRAS,Feminicídio,1/12/2025,0
PR,QUATRO BARRAS,Tentativa de feminicídio,1/1/2025,0
PR,QUATRO BARRAS,Tentativa de feminicídio,1/2/2025,0
PR,QUATRO BARRAS,Tentativa de feminicídio,1/3/2025,0
PR,QUATRO BARRAS,Tentativa de feminicídio,1/4/2025,0
PR,QUATRO BARRAS,Tentativa de feminicídio,1/5/2025,0
PR,QUATRO BARRAS,Tentativa de feminicídio,1/6/2025,0
PR,QUATRO BARRAS,Tentativa de feminicídio,1/7/2025,0
PR,QUATRO BARRAS,Tentativa de feminicídio,1/8/2025,0
PR,QUATRO BARRAS,Tentativa de feminicídio,1/9/2025,0
PR,QUATRO BARRAS,Tentativa de feminicídio,1/10/2025,0
PR,QUATRO BARRAS,Tentativa de feminicídio,1/11/2025,0
PR,QUATRO BARRAS,Tentativa de feminicídio,1/12/2025,0
PR,QUATRO PONTES,Feminicídio,1/1/2025,0
PR,QUATRO PONTES,Feminicídio,1/2/2025,0
PR,QUATRO PONTES,Feminicídio,1/3/2025,0
PR,QUATRO PONTES,Feminicídio,1/4/2025,0
PR,QUATRO PONTES,Feminicídio,1/5/2025,0
PR,QUATRO PONTES,Feminicídio,1/6/2025,0
PR,QUATRO PONTES,Feminicídio,1/7/2025,0
PR,QUATRO PONTES,Feminicídio,1/8/2025,0
PR,QUATRO PONTES,Feminicídio,1/9/2025,0
PR,QUATRO PONTES,Feminicídio,1/10/2025,0
PR,QUATRO PONTES,Feminicídio,1/11/2025,0
PR,QUATRO PONTES,Feminicídio,1/12/2025,0
PR,QUATRO PONTES,Tentativa de feminicídio,1/1/2025,0
PR,QUATRO PONTES,Tentativa de feminicídio,1/2/2025,0
PR,QUATRO PONTES,Tentativa de feminicídio,1/3/2025,0
PR,QUATRO PONTES,Tentativa de feminicídio,1/4/2025,0
PR,QUATRO PONTES,Tentativa de feminicídio,1/5/2025,0
PR,QUATRO PONTES,Tentativa de feminicídio,1/6/2025,0
PR,QUATRO PONTES,Tentativa de feminicídio,1/7/2025,0
PR,QUATRO PONTES,Tentativa de feminicídio,1/8/2025,0
PR,QUATRO PONTES,Tentativa de feminicídio,1/9/2025,0
PR,QUATRO PONTES,Tentativa de feminicídio,1/10/2025,0
PR,QUATRO PONTES,Tentativa de feminicídio,1/11/2025,0
PR,QUATRO PONTES,Tentativa de feminicídio,1/12/2025,0
PR,QUEDAS DO IGUAÇU,Feminicídio,1/1/2025,0
PR,QUEDAS DO IGUAÇU,Feminicídio,1/2/2025,0
PR,QUEDAS DO IGUAÇU,Feminicídio,1/3/2025,0
PR,QUEDAS DO IGUAÇU,Feminicídio,1/4/2025,0
PR,QUEDAS DO IGUAÇU,Feminicídio,1/5/2025,0
PR,QUEDAS DO IGUAÇU,Feminicídio,1/6/2025,0
PR,QUEDAS DO IGUAÇU,Feminicídio,1/7/2025,0
PR,QUEDAS DO IGUAÇU,Feminicídio,1/8/2025,0
PR,QUEDAS DO IGUAÇU,Feminicídio,1/9/2025,0
PR,QUEDAS DO IGUAÇU,Feminicídio,1/10/2025,0
PR,QUEDAS DO IGUAÇU,Feminicídio,1/11/2025,0
PR,QUEDAS DO IGUAÇU,Feminicídio,1/12/2025,0
PR,QUEDAS DO IGUAÇU,Tentativa de feminicídio,1/1/2025,0
PR,QUEDAS DO IGUAÇU,Tentativa de feminicídio,1/2/2025,0
PR,QUEDAS DO IGUAÇU,Tentativa de feminicídio,1/3/2025,0
PR,QUEDAS DO IGUAÇU,Tentativa de feminicídio,1/4/2025,0
PR,QUEDAS DO IGUAÇU,Tentativa de feminicídio,1/5/2025,0
PR,QUEDAS DO IGUAÇU,Tentativa de feminicídio,1/6/2025,0
PR,QUEDAS DO IGUAÇU,Tentativa de feminicídio,1/7/2025,0
PR,QUEDAS DO IGUAÇU,Tentativa de feminicídio,1/8/2025,0
PR,QUEDAS DO IGUAÇU,Tentativa de feminicídio,1/9/2025,0
PR,QUEDAS DO IGUAÇU,Tentativa de feminicídio,1/10/2025,0
PR,QUEDAS DO IGUAÇU,Tentativa de feminicídio,1/11/2025,0
PR,QUEDAS DO IGUAÇU,Tentativa de feminicídio,1/12/2025,0
PR,QUERÊNCIA DO NORTE,Feminicídio,1/1/2025,0
PR,QUERÊNCIA DO NORTE,Feminicídio,1/2/2025,0
PR,QUERÊNCIA DO NORTE,Feminicídio,1/3/2025,0
PR,QUERÊNCIA DO NORTE,Feminicídio,1/4/2025,0
PR,QUERÊNCIA DO NORTE,Feminicídio,1/5/2025,0
PR,QUERÊNCIA DO NORTE,Feminicídio,1/6/2025,0
PR,QUERÊNCIA DO NORTE,Feminicídio,1/7/2025,0
PR,QUERÊNCIA DO NORTE,Feminicídio,1/8/2025,0
PR,QUERÊNCIA DO NORTE,Feminicídio,1/9/2025,0
PR,QUERÊNCIA DO NORTE,Feminicídio,1/10/2025,0
PR,QUERÊNCIA DO NORTE,Feminicídio,1/11/2025,0
PR,QUERÊNCIA DO NORTE,Feminicídio,1/12/2025,0
PR,QUERÊNCIA DO NORTE,Tentativa de feminicídio,1/1/2025,0
PR,QUERÊNCIA DO NORTE,Tentativa de feminicídio,1/2/2025,1
PR,QUERÊNCIA DO NORTE,Tentativa de feminicídio,1/3/2025,0
PR,QUERÊNCIA DO NORTE,Tentativa de feminicídio,1/4/2025,0
PR,QUERÊNCIA DO NORTE,Tentativa de feminicídio,1/5/2025,0
PR,QUERÊNCIA DO NORTE,Tentativa de feminicídio,1/6/2025,0
PR,QUERÊNCIA DO NORTE,Tentativa de feminicídio,1/7/2025,0
PR,QUERÊNCIA DO NORTE,Tentativa de feminicídio,1/8/2025,0
PR,QUERÊNCIA DO NORTE,Tentativa de feminicídio,1/9/2025,0
PR,QUERÊNCIA DO NORTE,Tentativa de feminicídio,1/10/2025,0
PR,QUERÊNCIA DO NORTE,Tentativa de feminicídio,1/11/2025,0
PR,QUERÊNCIA DO NORTE,Tentativa de feminicídio,1/12/2025,0
PR,QUINTA DO SOL,Feminicídio,1/1/2025,0
PR,QUINTA DO SOL,Feminicídio,1/2/2025,0
PR,QUINTA DO SOL,Feminicídio,1/3/2025,0
PR,QUINTA DO SOL,Feminicídio,1/4/2025,0
PR,QUINTA DO SOL,Feminicídio,1/5/2025,0
PR,QUINTA DO SOL,Feminicídio,1/6/2025,0
PR,QUINTA DO SOL,Feminicídio,1/7/2025,0
PR,QUINTA DO SOL,Feminicídio,1/8/2025,0
PR,QUINTA DO SOL,Feminicídio,1/9/2025,0
PR,QUINTA DO SOL,Feminicídio,1/10/2025,0
PR,QUINTA DO SOL,Feminicídio,1/11/2025,0
PR,QUINTA DO SOL,Feminicídio,1/12/2025,0
PR,QUINTA DO SOL,Tentativa de feminicídio,1/1/2025,0
PR,QUINTA DO SOL,Tentativa de feminicídio,1/2/2025,0
PR,QUINTA DO SOL,Tentativa de feminicídio,1/3/2025,0
PR,QUINTA DO SOL,Tentativa de feminicídio,1/4/2025,0
PR,QUINTA DO SOL,Tentativa de feminicídio,1/5/2025,0
PR,QUINTA DO SOL,Tentativa de feminicídio,1/6/2025,0
PR,QUINTA DO SOL,Tentativa de feminicídio,1/7/2025,0
PR,QUINTA DO SOL,Tentativa de feminicídio,1/8/2025,0
PR,QUINTA DO SOL,Tentativa de feminicídio,1/9/2025,0
PR,QUINTA DO SOL,Tentativa de feminicídio,1/10/2025,0
PR,QUINTA DO SOL,Tentativa de feminicídio,1/11/2025,0
PR,QUINTA DO SOL,Tentativa de feminicídio,1/12/2025,0
PR,QUITANDINHA,Feminicídio,1/1/2025,0
PR,QUITANDINHA,Feminicídio,1/2/2025,0
PR,QUITANDINHA,Feminicídio,1/3/2025,0
PR,QUITANDINHA,Feminicídio,1/4/2025,0
PR,QUITANDINHA,Feminicídio,1/5/2025,0
PR,QUITANDINHA,Feminicídio,1/6/2025,0
PR,QUITANDINHA,Feminicídio,1/7/2025,0
PR,QUITANDINHA,Feminicídio,1/8/2025,0
PR,QUITANDINHA,Feminicídio,1/9/2025,0
PR,QUITANDINHA,Feminicídio,1/10/2025,0
PR,QUITANDINHA,Feminicídio,1/11/2025,0
PR,QUITANDINHA,Feminicídio,1/12/2025,0
PR,QUITANDINHA,Tentativa de feminicídio,1/1/2025,0
PR,QUITANDINHA,Tentativa de feminicídio,1/2/2025,0
PR,QUITANDINHA,Tentativa de feminicídio,1/3/2025,0
PR,QUITANDINHA,Tentativa de feminicídio,1/4/2025,0
PR,QUITANDINHA,Tentativa de feminicídio,1/5/2025,0
PR,QUITANDINHA,Tentativa de feminicídio,1/6/2025,0
PR,QUITANDINHA,Tentativa de feminicídio,1/7/2025,0
PR,QUITANDINHA,Tentativa de feminicídio,1/8/2025,0
PR,QUITANDINHA,Tentativa de feminicídio,1/9/2025,0
PR,QUITANDINHA,Tentativa de feminicídio,1/10/2025,0
PR,QUITANDINHA,Tentativa de feminicídio,1/11/2025,0
PR,QUITANDINHA,Tentativa de feminicídio,1/12/2025,0
PR,RAMILÂNDIA,Feminicídio,1/1/2025,0
PR,RAMILÂNDIA,Feminicídio,1/2/2025,0
PR,RAMILÂNDIA,Feminicídio,1/3/2025,0
PR,RAMILÂNDIA,Feminicídio,1/4/2025,0
PR,RAMILÂNDIA,Feminicídio,1/5/2025,0
PR,RAMILÂNDIA,Feminicídio,1/6/2025,0
PR,RAMILÂNDIA,Feminicídio,1/7/2025,0
PR,RAMILÂNDIA,Feminicídio,1/8/2025,0
PR,RAMILÂNDIA,Feminicídio,1/9/2025,0
PR,RAMILÂNDIA,Feminicídio,1/10/2025,0
PR,RAMILÂNDIA,Feminicídio,1/11/2025,0
PR,RAMILÂNDIA,Feminicídio,1/12/2025,0
PR,RAMILÂNDIA,Tentativa de feminicídio,1/1/2025,0
PR,RAMILÂNDIA,Tentativa de feminicídio,1/2/2025,0
PR,RAMILÂNDIA,Tentativa de feminicídio,1/3/2025,0
PR,RAMILÂNDIA,Tentativa de feminicídio,1/4/2025,0
PR,RAMILÂNDIA,Tentativa de feminicídio,1/5/2025,0
PR,RAMILÂNDIA,Tentativa de feminicídio,1/6/2025,0
PR,RAMILÂNDIA,Tentativa de feminicídio,1/7/2025,0
PR,RAMILÂNDIA,Tentativa de feminicídio,1/8/2025,0
PR,RAMILÂNDIA,Tentativa de feminicídio,1/9/2025,0
PR,RAMILÂNDIA,Tentativa de feminicídio,1/10/2025,0
PR,RAMILÂNDIA,Tentativa de feminicídio,1/11/2025,0
PR,RAMILÂNDIA,Tentativa de feminicídio,1/12/2025,0
PR,RANCHO ALEGRE,Feminicídio,1/1/2025,0
PR,RANCHO ALEGRE,Feminicídio,1/2/2025,0
PR,RANCHO ALEGRE,Feminicídio,1/3/2025,0
PR,RANCHO ALEGRE,Feminicídio,1/4/2025,0
PR,RANCHO ALEGRE,Feminicídio,1/5/2025,0
PR,RANCHO ALEGRE,Feminicídio,1/6/2025,0
PR,RANCHO ALEGRE,Feminicídio,1/7/2025,0
PR,RANCHO ALEGRE,Feminicídio,1/8/2025,0
PR,RANCHO ALEGRE,Feminicídio,1/9/2025,0
PR,RANCHO ALEGRE,Feminicídio,1/10/2025,0
PR,RANCHO ALEGRE,Feminicídio,1/11/2025,0
PR,RANCHO ALEGRE,Feminicídio,1/12/2025,0
PR,RANCHO ALEGRE,Tentativa de feminicídio,1/1/2025,0
PR,RANCHO ALEGRE,Tentativa de feminicídio,1/2/2025,0
PR,RANCHO ALEGRE,Tentativa de feminicídio,1/3/2025,0
PR,RANCHO ALEGRE,Tentativa de feminicídio,1/4/2025,0
PR,RANCHO ALEGRE,Tentativa de feminicídio,1/5/2025,0
PR,RANCHO ALEGRE,Tentativa de feminicídio,1/6/2025,0
PR,RANCHO ALEGRE,Tentativa de feminicídio,1/7/2025,0
PR,RANCHO ALEGRE,Tentativa de feminicídio,1/8/2025,0
PR,RANCHO ALEGRE,Tentativa de feminicídio,1/9/2025,0
PR,RANCHO ALEGRE,Tentativa de feminicídio,1/10/2025,0
PR,RANCHO ALEGRE,Tentativa de feminicídio,1/11/2025,0
PR,RANCHO ALEGRE,Tentativa de feminicídio,1/12/2025,0
PR,RANCHO ALEGRE D'OESTE,Feminicídio,1/1/2025,0
PR,RANCHO ALEGRE D'OESTE,Feminicídio,1/2/2025,0
PR,RANCHO ALEGRE D'OESTE,Feminicídio,1/3/2025,0
PR,RANCHO ALEGRE D'OESTE,Feminicídio,1/4/2025,0
PR,RANCHO ALEGRE D'OESTE,Feminicídio,1/5/2025,0
PR,RANCHO ALEGRE D'OESTE,Feminicídio,1/6/2025,0
PR,RANCHO ALEGRE D'OESTE,Feminicídio,1/7/2025,0
PR,RANCHO ALEGRE D'OESTE,Feminicídio,1/8/2025,0
PR,RANCHO ALEGRE D'OESTE,Feminicídio,1/9/2025,0
PR,RANCHO ALEGRE D'OESTE,Feminicídio,1/10/2025,0
PR,RANCHO ALEGRE D'OESTE,Feminicídio,1/11/2025,0
PR,RANCHO ALEGRE D'OESTE,Feminicídio,1/12/2025,0
PR,RANCHO ALEGRE D'OESTE,Tentativa de feminicídio,1/1/2025,0
PR,RANCHO ALEGRE D'OESTE,Tentativa de feminicídio,1/2/2025,0
PR,RANCHO ALEGRE D'OESTE,Tentativa de feminicídio,1/3/2025,0
PR,RANCHO ALEGRE D'OESTE,Tentativa de feminicídio,1/4/2025,0
PR,RANCHO ALEGRE D'OESTE,Tentativa de feminicídio,1/5/2025,0
PR,RANCHO ALEGRE D'OESTE,Tentativa de feminicídio,1/6/2025,0
PR,RANCHO ALEGRE D'OESTE,Tentativa de feminicídio,1/7/2025,0
PR,RANCHO ALEGRE D'OESTE,Tentativa de feminicídio,1/8/2025,0
PR,RANCHO ALEGRE D'OESTE,Tentativa de feminicídio,1/9/2025,0
PR,RANCHO ALEGRE D'OESTE,Tentativa de feminicídio,1/10/2025,0
PR,RANCHO ALEGRE D'OESTE,Tentativa de feminicídio,1/11/2025,0
PR,RANCHO ALEGRE D'OESTE,Tentativa de feminicídio,1/12/2025,0
PR,REALEZA,Feminicídio,1/1/2025,0
PR,REALEZA,Feminicídio,1/2/2025,0
PR,REALEZA,Feminicídio,1/3/2025,0
PR,REALEZA,Feminicídio,1/4/2025,0
PR,REALEZA,Feminicídio,1/5/2025,0
PR,REALEZA,Feminicídio,1/6/2025,0
PR,REALEZA,Feminicídio,1/7/2025,0
PR,REALEZA,Feminicídio,1/8/2025,0
PR,REALEZA,Feminicídio,1/9/2025,0
PR,REALEZA,Feminicídio,1/10/2025,0
PR,REALEZA,Feminicídio,1/11/2025,0
PR,REALEZA,Feminicídio,1/12/2025,0
PR,REALEZA,Tentativa de feminicídio,1/1/2025,0
PR,REALEZA,Tentativa de feminicídio,1/2/2025,0
PR,REALEZA,Tentativa de feminicídio,1/3/2025,0
PR,REALEZA,Tentativa de feminicídio,1/4/2025,0
PR,REALEZA,Tentativa de feminicídio,1/5/2025,0
PR,REALEZA,Tentativa de feminicídio,1/6/2025,0
PR,REALEZA,Tentativa de feminicídio,1/7/2025,0
PR,REALEZA,Tentativa de feminicídio,1/8/2025,0
PR,REALEZA,Tentativa de feminicídio,1/9/2025,0
PR,REALEZA,Tentativa de feminicídio,1/10/2025,0
PR,REALEZA,Tentativa de feminicídio,1/11/2025,0
PR,REALEZA,Tentativa de feminicídio,1/12/2025,0
PR,REBOUÇAS,Feminicídio,1/1/2025,0
PR,REBOUÇAS,Feminicídio,1/2/2025,0
PR,REBOUÇAS,Feminicídio,1/3/2025,0
PR,REBOUÇAS,Feminicídio,1/4/2025,0
PR,REBOUÇAS,Feminicídio,1/5/2025,0
PR,REBOUÇAS,Feminicídio,1/6/2025,0
PR,REBOUÇAS,Feminicídio,1/7/2025,0
PR,REBOUÇAS,Feminicídio,1/8/2025,0
PR,REBOUÇAS,Feminicídio,1/9/2025,0
PR,REBOUÇAS,Feminicídio,1/10/2025,0
PR,REBOUÇAS,Feminicídio,1/11/2025,0
PR,REBOUÇAS,Feminicídio,1/12/2025,0
PR,REBOUÇAS,Tentativa de feminicídio,1/1/2025,0
PR,REBOUÇAS,Tentativa de feminicídio,1/2/2025,0
PR,REBOUÇAS,Tentativa de feminicídio,1/3/2025,0
PR,REBOUÇAS,Tentativa de feminicídio,1/4/2025,0
PR,REBOUÇAS,Tentativa de feminicídio,1/5/2025,0
PR,REBOUÇAS,Tentativa de feminicídio,1/6/2025,0
PR,REBOUÇAS,Tentativa de feminicídio,1/7/2025,0
PR,REBOUÇAS,Tentativa de feminicídio,1/8/2025,0
PR,REBOUÇAS,Tentativa de feminicídio,1/9/2025,0
PR,REBOUÇAS,Tentativa de feminicídio,1/10/2025,0
PR,REBOUÇAS,Tentativa de feminicídio,1/11/2025,0
PR,REBOUÇAS,Tentativa de feminicídio,1/12/2025,0
PR,RENASCENÇA,Feminicídio,1/1/2025,0
PR,RENASCENÇA,Feminicídio,1/2/2025,0
PR,RENASCENÇA,Feminicídio,1/3/2025,0
PR,RENASCENÇA,Feminicídio,1/4/2025,0
PR,RENASCENÇA,Feminicídio,1/5/2025,0
PR,RENASCENÇA,Feminicídio,1/6/2025,0
PR,RENASCENÇA,Feminicídio,1/7/2025,0
PR,RENASCENÇA,Feminicídio,1/8/2025,0
PR,RENASCENÇA,Feminicídio,1/9/2025,0
PR,RENASCENÇA,Feminicídio,1/10/2025,0
PR,RENASCENÇA,Feminicídio,1/11/2025,0
PR,RENASCENÇA,Feminicídio,1/12/2025,0
PR,RENASCENÇA,Tentativa de feminicídio,1/1/2025,0
PR,RENASCENÇA,Tentativa de feminicídio,1/2/2025,0
PR,RENASCENÇA,Tentativa de feminicídio,1/3/2025,0
PR,RENASCENÇA,Tentativa de feminicídio,1/4/2025,0
PR,RENASCENÇA,Tentativa de feminicídio,1/5/2025,0
PR,RENASCENÇA,Tentativa de feminicídio,1/6/2025,0
PR,RENASCENÇA,Tentativa de feminicídio,1/7/2025,0
PR,RENASCENÇA,Tentativa de feminicídio,1/8/2025,0
PR,RENASCENÇA,Tentativa de feminicídio,1/9/2025,0
PR,RENASCENÇA,Tentativa de feminicídio,1/10/2025,0
PR,RENASCENÇA,Tentativa de feminicídio,1/11/2025,0
PR,RENASCENÇA,Tentativa de feminicídio,1/12/2025,0
PR,RESERVA,Feminicídio,1/1/2025,0
PR,RESERVA,Feminicídio,1/2/2025,0
PR,RESERVA,Feminicídio,1/3/2025,0
PR,RESERVA,Feminicídio,1/4/2025,0
PR,RESERVA,Feminicídio,1/5/2025,0
PR,RESERVA,Feminicídio,1/6/2025,0
PR,RESERVA,Feminicídio,1/7/2025,0
PR,RESERVA,Feminicídio,1/8/2025,0
PR,RESERVA,Feminicídio,1/9/2025,0
PR,RESERVA,Feminicídio,1/10/2025,1
PR,RESERVA,Feminicídio,1/11/2025,0
PR,RESERVA,Feminicídio,1/12/2025,0
PR,RESERVA,Tentativa de feminicídio,1/1/2025,0
PR,RESERVA,Tentativa de feminicídio,1/2/2025,0
PR,RESERVA,Tentativa de feminicídio,1/3/2025,0
PR,RESERVA,Tentativa de feminicídio,1/4/2025,0
PR,RESERVA,Tentativa de feminicídio,1/5/2025,0
PR,RESERVA,Tentativa de feminicídio,1/6/2025,0
PR,RESERVA,Tentativa de feminicídio,1/7/2025,0
PR,RESERVA,Tentativa de feminicídio,1/8/2025,0
PR,RESERVA,Tentativa de feminicídio,1/9/2025,0
PR,RESERVA,Tentativa de feminicídio,1/10/2025,0
PR,RESERVA,Tentativa de feminicídio,1/11/2025,0
PR,RESERVA,Tentativa de feminicídio,1/12/2025,0
PR,RESERVA DO IGUAÇU,Feminicídio,1/1/2025,0
PR,RESERVA DO IGUAÇU,Feminicídio,1/2/2025,0
PR,RESERVA DO IGUAÇU,Feminicídio,1/3/2025,0
PR,RESERVA DO IGUAÇU,Feminicídio,1/4/2025,0
PR,RESERVA DO IGUAÇU,Feminicídio,1/5/2025,0
PR,RESERVA DO IGUAÇU,Feminicídio,1/6/2025,0
PR,RESERVA DO IGUAÇU,Feminicídio,1/7/2025,0
PR,RESERVA DO IGUAÇU,Feminicídio,1/8/2025,0
PR,RESERVA DO IGUAÇU,Feminicídio,1/9/2025,0
PR,RESERVA DO IGUAÇU,Feminicídio,1/10/2025,0
PR,RESERVA DO IGUAÇU,Feminicídio,1/11/2025,0
PR,RESERVA DO IGUAÇU,Feminicídio,1/12/2025,0
PR,RESERVA DO IGUAÇU,Tentativa de feminicídio,1/1/2025,0
PR,RESERVA DO IGUAÇU,Tentativa de feminicídio,1/2/2025,0
PR,RESERVA DO IGUAÇU,Tentativa de feminicídio,1/3/2025,0
PR,RESERVA DO IGUAÇU,Tentativa de feminicídio,1/4/2025,0
PR,RESERVA DO IGUAÇU,Tentativa de feminicídio,1/5/2025,0
PR,RESERVA DO IGUAÇU,Tentativa de feminicídio,1/6/2025,0
PR,RESERVA DO IGUAÇU,Tentativa de feminicídio,1/7/2025,0
PR,RESERVA DO IGUAÇU,Tentativa de feminicídio,1/8/2025,0
PR,RESERVA DO IGUAÇU,Tentativa de feminicídio,1/9/2025,0
PR,RESERVA DO IGUAÇU,Tentativa de feminicídio,1/10/2025,0
PR,RESERVA DO IGUAÇU,Tentativa de feminicídio,1/11/2025,0
PR,RESERVA DO IGUAÇU,Tentativa de feminicídio,1/12/2025,0
PR,RIBEIRÃO CLARO,Feminicídio,1/1/2025,0
PR,RIBEIRÃO CLARO,Feminicídio,1/2/2025,0
PR,RIBEIRÃO CLARO,Feminicídio,1/3/2025,0
PR,RIBEIRÃO CLARO,Feminicídio,1/4/2025,0
PR,RIBEIRÃO CLARO,Feminicídio,1/5/2025,0
PR,RIBEIRÃO CLARO,Feminicídio,1/6/2025,0
PR,RIBEIRÃO CLARO,Feminicídio,1/7/2025,0
PR,RIBEIRÃO CLARO,Feminicídio,1/8/2025,0
PR,RIBEIRÃO CLARO,Feminicídio,1/9/2025,0
PR,RIBEIRÃO CLARO,Feminicídio,1/10/2025,0
PR,RIBEIRÃO CLARO,Feminicídio,1/11/2025,0
PR,RIBEIRÃO CLARO,Feminicídio,1/12/2025,0
PR,RIBEIRÃO CLARO,Tentativa de feminicídio,1/1/2025,0
PR,RIBEIRÃO CLARO,Tentativa de feminicídio,1/2/2025,0
PR,RIBEIRÃO CLARO,Tentativa de feminicídio,1/3/2025,0
PR,RIBEIRÃO CLARO,Tentativa de feminicídio,1/4/2025,0
PR,RIBEIRÃO CLARO,Tentativa de feminicídio,1/5/2025,0
PR,RIBEIRÃO CLARO,Tentativa de feminicídio,1/6/2025,0
PR,RIBEIRÃO CLARO,Tentativa de feminicídio,1/7/2025,0
PR,RIBEIRÃO CLARO,Tentativa de feminicídio,1/8/2025,0
PR,RIBEIRÃO CLARO,Tentativa de feminicídio,1/9/2025,0
PR,RIBEIRÃO CLARO,Tentativa de feminicídio,1/10/2025,0
PR,RIBEIRÃO CLARO,Tentativa de feminicídio,1/11/2025,0
PR,RIBEIRÃO CLARO,Tentativa de feminicídio,1/12/2025,0
PR,RIBEIRÃO DO PINHAL,Feminicídio,1/1/2025,0
PR,RIBEIRÃO DO PINHAL,Feminicídio,1/2/2025,0
PR,RIBEIRÃO DO PINHAL,Feminicídio,1/3/2025,0
PR,RIBEIRÃO DO PINHAL,Feminicídio,1/4/2025,0
PR,RIBEIRÃO DO PINHAL,Feminicídio,1/5/2025,0
PR,RIBEIRÃO DO PINHAL,Feminicídio,1/6/2025,0
PR,RIBEIRÃO DO PINHAL,Feminicídio,1/7/2025,0
PR,RIBEIRÃO DO PINHAL,Feminicídio,1/8/2025,0
PR,RIBEIRÃO DO PINHAL,Feminicídio,1/9/2025,0
PR,RIBEIRÃO DO PINHAL,Feminicídio,1/10/2025,0
PR,RIBEIRÃO DO PINHAL,Feminicídio,1/11/2025,0
PR,RIBEIRÃO DO PINHAL,Feminicídio,1/12/2025,0
PR,RIBEIRÃO DO PINHAL,Tentativa de feminicídio,1/1/2025,0
PR,RIBEIRÃO DO PINHAL,Tentativa de feminicídio,1/2/2025,0
PR,RIBEIRÃO DO PINHAL,Tentativa de feminicídio,1/3/2025,0
PR,RIBEIRÃO DO PINHAL,Tentativa de feminicídio,1/4/2025,0
PR,RIBEIRÃO DO PINHAL,Tentativa de feminicídio,1/5/2025,0
PR,RIBEIRÃO DO PINHAL,Tentativa de feminicídio,1/6/2025,0
PR,RIBEIRÃO DO PINHAL,Tentativa de feminicídio,1/7/2025,0
PR,RIBEIRÃO DO PINHAL,Tentativa de feminicídio,1/8/2025,0
PR,RIBEIRÃO DO PINHAL,Tentativa de feminicídio,1/9/2025,0
PR,RIBEIRÃO DO PINHAL,Tentativa de feminicídio,1/10/2025,0
PR,RIBEIRÃO DO PINHAL,Tentativa de feminicídio,1/11/2025,0
PR,RIBEIRÃO DO PINHAL,Tentativa de feminicídio,1/12/2025,0
PR,RIO AZUL,Feminicídio,1/1/2025,0
PR,RIO AZUL,Feminicídio,1/2/2025,0
PR,RIO AZUL,Feminicídio,1/3/2025,0
PR,RIO AZUL,Feminicídio,1/4/2025,0
PR,RIO AZUL,Feminicídio,1/5/2025,0
PR,RIO AZUL,Feminicídio,1/6/2025,0
PR,RIO AZUL,Feminicídio,1/7/2025,0
PR,RIO AZUL,Feminicídio,1/8/2025,0
PR,RIO AZUL,Feminicídio,1/9/2025,0
PR,RIO AZUL,Feminicídio,1/10/2025,0
PR,RIO AZUL,Feminicídio,1/11/2025,0
PR,RIO AZUL,Feminicídio,1/12/2025,0
PR,RIO AZUL,Tentativa de feminicídio,1/1/2025,0
PR,RIO AZUL,Tentativa de feminicídio,1/2/2025,0
PR,RIO AZUL,Tentativa de feminicídio,1/3/2025,0
PR,RIO AZUL,Tentativa de feminicídio,1/4/2025,0
PR,RIO AZUL,Tentativa de feminicídio,1/5/2025,0
PR,RIO AZUL,Tentativa de feminicídio,1/6/2025,0
PR,RIO AZUL,Tentativa de feminicídio,1/7/2025,0
PR,RIO AZUL,Tentativa de feminicídio,1/8/2025,0
PR,RIO AZUL,Tentativa de feminicídio,1/9/2025,0
PR,RIO AZUL,Tentativa de feminicídio,1/10/2025,0
PR,RIO AZUL,Tentativa de feminicídio,1/11/2025,0
PR,RIO AZUL,Tentativa de feminicídio,1/12/2025,0
PR,RIO BOM,Feminicídio,1/1/2025,0
PR,RIO BOM,Feminicídio,1/2/2025,0
PR,RIO BOM,Feminicídio,1/3/2025,0
PR,RIO BOM,Feminicídio,1/4/2025,0
PR,RIO BOM,Feminicídio,1/5/2025,0
PR,RIO BOM,Feminicídio,1/6/2025,0
PR,RIO BOM,Feminicídio,1/7/2025,0
PR,RIO BOM,Feminicídio,1/8/2025,0
PR,RIO BOM,Feminicídio,1/9/2025,0
PR,RIO BOM,Feminicídio,1/10/2025,0
PR,RIO BOM,Feminicídio,1/11/2025,0
PR,RIO BOM,Feminicídio,1/12/2025,0
PR,RIO BOM,Tentativa de feminicídio,1/1/2025,0
PR,RIO BOM,Tentativa de feminicídio,1/2/2025,0
PR,RIO BOM,Tentativa de feminicídio,1/3/2025,0
PR,RIO BOM,Tentativa de feminicídio,1/4/2025,0
PR,RIO BOM,Tentativa de feminicídio,1/5/2025,0
PR,RIO BOM,Tentativa de feminicídio,1/6/2025,0
PR,RIO BOM,Tentativa de feminicídio,1/7/2025,0
PR,RIO BOM,Tentativa de feminicídio,1/8/2025,0
PR,RIO BOM,Tentativa de feminicídio,1/9/2025,0
PR,RIO BOM,Tentativa de feminicídio,1/10/2025,0
PR,RIO BOM,Tentativa de feminicídio,1/11/2025,0
PR,RIO BOM,Tentativa de feminicídio,1/12/2025,0
PR,RIO BONITO DO IGUAÇU,Feminicídio,1/1/2025,1
PR,RIO BONITO DO IGUAÇU,Feminicídio,1/2/2025,0
PR,RIO BONITO DO IGUAÇU,Feminicídio,1/3/2025,0
PR,RIO BONITO DO IGUAÇU,Feminicídio,1/4/2025,0
PR,RIO BONITO DO IGUAÇU,Feminicídio,1/5/2025,0
PR,RIO BONITO DO IGUAÇU,Feminicídio,1/6/2025,0
PR,RIO BONITO DO IGUAÇU,Feminicídio,1/7/2025,0
PR,RIO BONITO DO IGUAÇU,Feminicídio,1/8/2025,0
PR,RIO BONITO DO IGUAÇU,Feminicídio,1/9/2025,0
PR,RIO BONITO DO IGUAÇU,Feminicídio,1/10/2025,0
PR,RIO BONITO DO IGUAÇU,Feminicídio,1/11/2025,0
PR,RIO BONITO DO IGUAÇU,Feminicídio,1/12/2025,0
PR,RIO BONITO DO IGUAÇU,Tentativa de feminicídio,1/1/2025,0
PR,RIO BONITO DO IGUAÇU,Tentativa de feminicídio,1/2/2025,0
PR,RIO BONITO DO IGUAÇU,Tentativa de feminicídio,1/3/2025,0
PR,RIO BONITO DO IGUAÇU,Tentativa de feminicídio,1/4/2025,0
PR,RIO BONITO DO IGUAÇU,Tentativa de feminicídio,1/5/2025,0
PR,RIO BONITO DO IGUAÇU,Tentativa de feminicídio,1/6/2025,0
PR,RIO BONITO DO IGUAÇU,Tentativa de feminicídio,1/7/2025,0
PR,RIO BONITO DO IGUAÇU,Tentativa de feminicídio,1/8/2025,0
PR,RIO BONITO DO IGUAÇU,Tentativa de feminicídio,1/9/2025,0
PR,RIO BONITO DO IGUAÇU,Tentativa de feminicídio,1/10/2025,0
PR,RIO BONITO DO IGUAÇU,Tentativa de feminicídio,1/11/2025,0
PR,RIO BONITO DO IGUAÇU,Tentativa de feminicídio,1/12/2025,0
PR,RIO BRANCO DO IVAÍ,Feminicídio,1/1/2025,0
PR,RIO BRANCO DO IVAÍ,Feminicídio,1/2/2025,0
PR,RIO BRANCO DO IVAÍ,Feminicídio,1/3/2025,0
PR,RIO BRANCO DO IVAÍ,Feminicídio,1/4/2025,0
PR,RIO BRANCO DO IVAÍ,Feminicídio,1/5/2025,0
PR,RIO BRANCO DO IVAÍ,Feminicídio,1/6/2025,0
PR,RIO BRANCO DO IVAÍ,Feminicídio,1/7/2025,0
PR,RIO BRANCO DO IVAÍ,Feminicídio,1/8/2025,0
PR,RIO BRANCO DO IVAÍ,Feminicídio,1/9/2025,0
PR,RIO BRANCO DO IVAÍ,Feminicídio,1/10/2025,0
PR,RIO BRANCO DO IVAÍ,Feminicídio,1/11/2025,0
PR,RIO BRANCO DO IVAÍ,Feminicídio,1/12/2025,0
PR,RIO BRANCO DO IVAÍ,Tentativa de feminicídio,1/1/2025,0
PR,RIO BRANCO DO IVAÍ,Tentativa de feminicídio,1/2/2025,0
PR,RIO BRANCO DO IVAÍ,Tentativa de feminicídio,1/3/2025,0
PR,RIO BRANCO DO IVAÍ,Tentativa de feminicídio,1/4/2025,0
PR,RIO BRANCO DO IVAÍ,Tentativa de feminicídio,1/5/2025,0
PR,RIO BRANCO DO IVAÍ,Tentativa de feminicídio,1/6/2025,0
PR,RIO BRANCO DO IVAÍ,Tentativa de feminicídio,1/7/2025,0
PR,RIO BRANCO DO IVAÍ,Tentativa de feminicídio,1/8/2025,0
PR,RIO BRANCO DO IVAÍ,Tentativa de feminicídio,1/9/2025,0
PR,RIO BRANCO DO IVAÍ,Tentativa de feminicídio,1/10/2025,0
PR,RIO BRANCO DO IVAÍ,Tentativa de feminicídio,1/11/2025,0
PR,RIO BRANCO DO IVAÍ,Tentativa de feminicídio,1/12/2025,0
PR,RIO BRANCO DO SUL,Feminicídio,1/1/2025,0
PR,RIO BRANCO DO SUL,Feminicídio,1/2/2025,0
PR,RIO BRANCO DO SUL,Feminicídio,1/3/2025,0
PR,RIO BRANCO DO SUL,Feminicídio,1/4/2025,0
PR,RIO BRANCO DO SUL,Feminicídio,1/5/2025,0
PR,RIO BRANCO DO SUL,Feminicídio,1/6/2025,1
PR,RIO BRANCO DO SUL,Feminicídio,1/7/2025,0
PR,RIO BRANCO DO SUL,Feminicídio,1/8/2025,0
PR,RIO BRANCO DO SUL,Feminicídio,1/9/2025,1
PR,RIO BRANCO DO SUL,Feminicídio,1/10/2025,0
PR,RIO BRANCO DO SUL,Feminicídio,1/11/2025,0
PR,RIO BRANCO DO SUL,Feminicídio,1/12/2025,0
PR,RIO BRANCO DO SUL,Tentativa de feminicídio,1/1/2025,0
PR,RIO BRANCO DO SUL,Tentativa de feminicídio,1/2/2025,0
PR,RIO BRANCO DO SUL,Tentativa de feminicídio,1/3/2025,0
PR,RIO BRANCO DO SUL,Tentativa de feminicídio,1/4/2025,0
PR,RIO BRANCO DO SUL,Tentativa de feminicídio,1/5/2025,0
PR,RIO BRANCO DO SUL,Tentativa de feminicídio,1/6/2025,0
PR,RIO BRANCO DO SUL,Tentativa de feminicídio,1/7/2025,0
PR,RIO BRANCO DO SUL,Tentativa de feminicídio,1/8/2025,0
PR,RIO BRANCO DO SUL,Tentativa de feminicídio,1/9/2025,0
PR,RIO BRANCO DO SUL,Tentativa de feminicídio,1/10/2025,0
PR,RIO BRANCO DO SUL,Tentativa de feminicídio,1/11/2025,0
PR,RIO BRANCO DO SUL,Tentativa de feminicídio,1/12/2025,0
PR,RIO NEGRO,Feminicídio,1/1/2025,0
PR,RIO NEGRO,Feminicídio,1/2/2025,0
PR,RIO NEGRO,Feminicídio,1/3/2025,0
PR,RIO NEGRO,Feminicídio,1/4/2025,0
PR,RIO NEGRO,Feminicídio,1/5/2025,0
PR,RIO NEGRO,Feminicídio,1/6/2025,0
PR,RIO NEGRO,Feminicídio,1/7/2025,0
PR,RIO NEGRO,Feminicídio,1/8/2025,0
PR,RIO NEGRO,Feminicídio,1/9/2025,0
PR,RIO NEGRO,Feminicídio,1/10/2025,0
PR,RIO NEGRO,Feminicídio,1/11/2025,0
PR,RIO NEGRO,Feminicídio,1/12/2025,0
PR,RIO NEGRO,Tentativa de feminicídio,1/1/2025,0
PR,RIO NEGRO,Tentativa de feminicídio,1/2/2025,0
PR,RIO NEGRO,Tentativa de feminicídio,1/3/2025,0
PR,RIO NEGRO,Tentativa de feminicídio,1/4/2025,0
PR,RIO NEGRO,Tentativa de feminicídio,1/5/2025,0
PR,RIO NEGRO,Tentativa de feminicídio,1/6/2025,0
PR,RIO NEGRO,Tentativa de feminicídio,1/7/2025,0
PR,RIO NEGRO,Tentativa de feminicídio,1/8/2025,0
PR,RIO NEGRO,Tentativa de feminicídio,1/9/2025,0
PR,RIO NEGRO,Tentativa de feminicídio,1/10/2025,0
PR,RIO NEGRO,Tentativa de feminicídio,1/11/2025,0
PR,RIO NEGRO,Tentativa de feminicídio,1/12/2025,0
PR,ROLÂNDIA,Feminicídio,1/1/2025,0
PR,ROLÂNDIA,Feminicídio,1/2/2025,0
PR,ROLÂNDIA,Feminicídio,1/3/2025,0
PR,ROLÂNDIA,Feminicídio,1/4/2025,0
PR,ROLÂNDIA,Feminicídio,1/5/2025,0
PR,ROLÂNDIA,Feminicídio,1/6/2025,0
PR,ROLÂNDIA,Feminicídio,1/7/2025,0
PR,ROLÂNDIA,Feminicídio,1/8/2025,0
PR,ROLÂNDIA,Feminicídio,1/9/2025,1
PR,ROLÂNDIA,Feminicídio,1/10/2025,0
PR,ROLÂNDIA,Feminicídio,1/11/2025,0
PR,ROLÂNDIA,Feminicídio,1/12/2025,0
PR,ROLÂNDIA,Tentativa de feminicídio,1/1/2025,0
PR,ROLÂNDIA,Tentativa de feminicídio,1/2/2025,0
PR,ROLÂNDIA,Tentativa de feminicídio,1/3/2025,0
PR,ROLÂNDIA,Tentativa de feminicídio,1/4/2025,0
PR,ROLÂNDIA,Tentativa de feminicídio,1/5/2025,0
PR,ROLÂNDIA,Tentativa de feminicídio,1/6/2025,0
PR,ROLÂNDIA,Tentativa de feminicídio,1/7/2025,0
PR,ROLÂNDIA,Tentativa de feminicídio,1/8/2025,0
PR,ROLÂNDIA,Tentativa de feminicídio,1/9/2025,1
PR,ROLÂNDIA,Tentativa de feminicídio,1/10/2025,0
PR,ROLÂNDIA,Tentativa de feminicídio,1/11/2025,0
PR,ROLÂNDIA,Tentativa de feminicídio,1/12/2025,0
PR,RONCADOR,Feminicídio,1/1/2025,0
PR,RONCADOR,Feminicídio,1/2/2025,0
PR,RONCADOR,Feminicídio,1/3/2025,0
PR,RONCADOR,Feminicídio,1/4/2025,0
PR,RONCADOR,Feminicídio,1/5/2025,0
PR,RONCADOR,Feminicídio,1/6/2025,0
PR,RONCADOR,Feminicídio,1/7/2025,0
PR,RONCADOR,Feminicídio,1/8/2025,0
PR,RONCADOR,Feminicídio,1/9/2025,0
PR,RONCADOR,Feminicídio,1/10/2025,0
PR,RONCADOR,Feminicídio,1/11/2025,0
PR,RONCADOR,Feminicídio,1/12/2025,0
PR,RONCADOR,Tentativa de feminicídio,1/1/2025,0
PR,RONCADOR,Tentativa de feminicídio,1/2/2025,0
PR,RONCADOR,Tentativa de feminicídio,1/3/2025,0
PR,RONCADOR,Tentativa de feminicídio,1/4/2025,0
PR,RONCADOR,Tentativa de feminicídio,1/5/2025,0
PR,RONCADOR,Tentativa de feminicídio,1/6/2025,0
PR,RONCADOR,Tentativa de feminicídio,1/7/2025,0
PR,RONCADOR,Tentativa de feminicídio,1/8/2025,0
PR,RONCADOR,Tentativa de feminicídio,1/9/2025,0
PR,RONCADOR,Tentativa de feminicídio,1/10/2025,0
PR,RONCADOR,Tentativa de feminicídio,1/11/2025,0
PR,RONCADOR,Tentativa de feminicídio,1/12/2025,0
PR,RONDON,Feminicídio,1/1/2025,0
PR,RONDON,Feminicídio,1/2/2025,0
PR,RONDON,Feminicídio,1/3/2025,0
PR,RONDON,Feminicídio,1/4/2025,0
PR,RONDON,Feminicídio,1/5/2025,0
PR,RONDON,Feminicídio,1/6/2025,0
PR,RONDON,Feminicídio,1/7/2025,0
PR,RONDON,Feminicídio,1/8/2025,0
PR,RONDON,Feminicídio,1/9/2025,0
PR,RONDON,Feminicídio,1/10/2025,0
PR,RONDON,Feminicídio,1/11/2025,0
PR,RONDON,Feminicídio,1/12/2025,0
PR,RONDON,Tentativa de feminicídio,1/1/2025,0
PR,RONDON,Tentativa de feminicídio,1/2/2025,0
PR,RONDON,Tentativa de feminicídio,1/3/2025,0
PR,RONDON,Tentativa de feminicídio,1/4/2025,0
PR,RONDON,Tentativa de feminicídio,1/5/2025,0
PR,RONDON,Tentativa de feminicídio,1/6/2025,0
PR,RONDON,Tentativa de feminicídio,1/7/2025,0
PR,RONDON,Tentativa de feminicídio,1/8/2025,0
PR,RONDON,Tentativa de feminicídio,1/9/2025,0
PR,RONDON,Tentativa de feminicídio,1/10/2025,0
PR,RONDON,Tentativa de feminicídio,1/11/2025,0
PR,RONDON,Tentativa de feminicídio,1/12/2025,0
PR,ROSÁRIO DO IVAÍ,Feminicídio,1/1/2025,0
PR,ROSÁRIO DO IVAÍ,Feminicídio,1/2/2025,0
PR,ROSÁRIO DO IVAÍ,Feminicídio,1/3/2025,0
PR,ROSÁRIO DO IVAÍ,Feminicídio,1/4/2025,0
PR,ROSÁRIO DO IVAÍ,Feminicídio,1/5/2025,0
PR,ROSÁRIO DO IVAÍ,Feminicídio,1/6/2025,0
PR,ROSÁRIO DO IVAÍ,Feminicídio,1/7/2025,0
PR,ROSÁRIO DO IVAÍ,Feminicídio,1/8/2025,0
PR,ROSÁRIO DO IVAÍ,Feminicídio,1/9/2025,0
PR,ROSÁRIO DO IVAÍ,Feminicídio,1/10/2025,0
PR,ROSÁRIO DO IVAÍ,Feminicídio,1/11/2025,0
PR,ROSÁRIO DO IVAÍ,Feminicídio,1/12/2025,0
PR,ROSÁRIO DO IVAÍ,Tentativa de feminicídio,1/1/2025,0
PR,ROSÁRIO DO IVAÍ,Tentativa de feminicídio,1/2/2025,0
PR,ROSÁRIO DO IVAÍ,Tentativa de feminicídio,1/3/2025,0
PR,ROSÁRIO DO IVAÍ,Tentativa de feminicídio,1/4/2025,0
PR,ROSÁRIO DO IVAÍ,Tentativa de feminicídio,1/5/2025,0
PR,ROSÁRIO DO IVAÍ,Tentativa de feminicídio,1/6/2025,0
PR,ROSÁRIO DO IVAÍ,Tentativa de feminicídio,1/7/2025,0
PR,ROSÁRIO DO IVAÍ,Tentativa de feminicídio,1/8/2025,0
PR,ROSÁRIO DO IVAÍ,Tentativa de feminicídio,1/9/2025,1
PR,ROSÁRIO DO IVAÍ,Tentativa de feminicídio,1/10/2025,0
PR,ROSÁRIO DO IVAÍ,Tentativa de feminicídio,1/11/2025,0
PR,ROSÁRIO DO IVAÍ,Tentativa de feminicídio,1/12/2025,0
PR,SABÁUDIA,Feminicídio,1/1/2025,0
PR,SABÁUDIA,Feminicídio,1/2/2025,0
PR,SABÁUDIA,Feminicídio,1/3/2025,0
PR,SABÁUDIA,Feminicídio,1/4/2025,0
PR,SABÁUDIA,Feminicídio,1/5/2025,0
PR,SABÁUDIA,Feminicídio,1/6/2025,0
PR,SABÁUDIA,Feminicídio,1/7/2025,0
PR,SABÁUDIA,Feminicídio,1/8/2025,0
PR,SABÁUDIA,Feminicídio,1/9/2025,0
PR,SABÁUDIA,Feminicídio,1/10/2025,0
PR,SABÁUDIA,Feminicídio,1/11/2025,0
PR,SABÁUDIA,Feminicídio,1/12/2025,0
PR,SABÁUDIA,Tentativa de feminicídio,1/1/2025,0
PR,SABÁUDIA,Tentativa de feminicídio,1/2/2025,0
PR,SABÁUDIA,Tentativa de feminicídio,1/3/2025,0
PR,SABÁUDIA,Tentativa de feminicídio,1/4/2025,0
PR,SABÁUDIA,Tentativa de feminicídio,1/5/2025,0
PR,SABÁUDIA,Tentativa de feminicídio,1/6/2025,0
PR,SABÁUDIA,Tentativa de feminicídio,1/7/2025,0
PR,SABÁUDIA,Tentativa de feminicídio,1/8/2025,1
PR,SABÁUDIA,Tentativa de feminicídio,1/9/2025,0
PR,SABÁUDIA,Tentativa de feminicídio,1/10/2025,0
PR,SABÁUDIA,Tentativa de feminicídio,1/11/2025,0
PR,SABÁUDIA,Tentativa de feminicídio,1/12/2025,0
PR,SALGADO FILHO,Feminicídio,1/1/2025,0
PR,SALGADO FILHO,Feminicídio,1/2/2025,0
PR,SALGADO FILHO,Feminicídio,1/3/2025,0
PR,SALGADO FILHO,Feminicídio,1/4/2025,0
PR,SALGADO FILHO,Feminicídio,1/5/2025,0
PR,SALGADO FILHO,Feminicídio,1/6/2025,0
PR,SALGADO FILHO,Feminicídio,1/7/2025,0
PR,SALGADO FILHO,Feminicídio,1/8/2025,0
PR,SALGADO FILHO,Feminicídio,1/9/2025,0
PR,SALGADO FILHO,Feminicídio,1/10/2025,0
PR,SALGADO FILHO,Feminicídio,1/11/2025,0
PR,SALGADO FILHO,Feminicídio,1/12/2025,0
PR,SALGADO FILHO,Tentativa de feminicídio,1/1/2025,0
PR,SALGADO FILHO,Tentativa de feminicídio,1/2/2025,0
PR,SALGADO FILHO,Tentativa de feminicídio,1/3/2025,0
PR,SALGADO FILHO,Tentativa de feminicídio,1/4/2025,0
PR,SALGADO FILHO,Tentativa de feminicídio,1/5/2025,0
PR,SALGADO FILHO,Tentativa de feminicídio,1/6/2025,0
PR,SALGADO FILHO,Tentativa de feminicídio,1/7/2025,0
PR,SALGADO FILHO,Tentativa de feminicídio,1/8/2025,0
PR,SALGADO FILHO,Tentativa de feminicídio,1/9/2025,0
PR,SALGADO FILHO,Tentativa de feminicídio,1/10/2025,0
PR,SALGADO FILHO,Tentativa de feminicídio,1/11/2025,0
PR,SALGADO FILHO,Tentativa de feminicídio,1/12/2025,0
PR,SALTO DO ITARARÉ,Feminicídio,1/1/2025,0
PR,SALTO DO ITARARÉ,Feminicídio,1/2/2025,0
PR,SALTO DO ITARARÉ,Feminicídio,1/3/2025,0
PR,SALTO DO ITARARÉ,Feminicídio,1/4/2025,0
PR,SALTO DO ITARARÉ,Feminicídio,1/5/2025,0
PR,SALTO DO ITARARÉ,Feminicídio,1/6/2025,0
PR,SALTO DO ITARARÉ,Feminicídio,1/7/2025,0
PR,SALTO DO ITARARÉ,Feminicídio,1/8/2025,0
PR,SALTO DO ITARARÉ,Feminicídio,1/9/2025,0
PR,SALTO DO ITARARÉ,Feminicídio,1/10/2025,0
PR,SALTO DO ITARARÉ,Feminicídio,1/11/2025,0
PR,SALTO DO ITARARÉ,Feminicídio,1/12/2025,0
PR,SALTO DO ITARARÉ,Tentativa de feminicídio,1/1/2025,0
PR,SALTO DO ITARARÉ,Tentativa de feminicídio,1/2/2025,0
PR,SALTO DO ITARARÉ,Tentativa de feminicídio,1/3/2025,0
PR,SALTO DO ITARARÉ,Tentativa de feminicídio,1/4/2025,0
PR,SALTO DO ITARARÉ,Tentativa de feminicídio,1/5/2025,0
PR,SALTO DO ITARARÉ,Tentativa de feminicídio,1/6/2025,0
PR,SALTO DO ITARARÉ,Tentativa de feminicídio,1/7/2025,0
PR,SALTO DO ITARARÉ,Tentativa de feminicídio,1/8/2025,0
PR,SALTO DO ITARARÉ,Tentativa de feminicídio,1/9/2025,0
PR,SALTO DO ITARARÉ,Tentativa de feminicídio,1/10/2025,0
PR,SALTO DO ITARARÉ,Tentativa de feminicídio,1/11/2025,0
PR,SALTO DO ITARARÉ,Tentativa de feminicídio,1/12/2025,0
PR,SALTO DO LONTRA,Feminicídio,1/1/2025,0
PR,SALTO DO LONTRA,Feminicídio,1/2/2025,0
PR,SALTO DO LONTRA,Feminicídio,1/3/2025,0
PR,SALTO DO LONTRA,Feminicídio,1/4/2025,0
PR,SALTO DO LONTRA,Feminicídio,1/5/2025,0
PR,SALTO DO LONTRA,Feminicídio,1/6/2025,0
PR,SALTO DO LONTRA,Feminicídio,1/7/2025,0
PR,SALTO DO LONTRA,Feminicídio,1/8/2025,0
PR,SALTO DO LONTRA,Feminicídio,1/9/2025,0
PR,SALTO DO LONTRA,Feminicídio,1/10/2025,0
PR,SALTO DO LONTRA,Feminicídio,1/11/2025,0
PR,SALTO DO LONTRA,Feminicídio,1/12/2025,0
PR,SALTO DO LONTRA,Tentativa de feminicídio,1/1/2025,0
PR,SALTO DO LONTRA,Tentativa de feminicídio,1/2/2025,2
PR,SALTO DO LONTRA,Tentativa de feminicídio,1/3/2025,0
PR,SALTO DO LONTRA,Tentativa de feminicídio,1/4/2025,0
PR,SALTO DO LONTRA,Tentativa de feminicídio,1/5/2025,0
PR,SALTO DO LONTRA,Tentativa de feminicídio,1/6/2025,0
PR,SALTO DO LONTRA,Tentativa de feminicídio,1/7/2025,0
PR,SALTO DO LONTRA,Tentativa de feminicídio,1/8/2025,0
PR,SALTO DO LONTRA,Tentativa de feminicídio,1/9/2025,1
PR,SALTO DO LONTRA,Tentativa de feminicídio,1/10/2025,0
PR,SALTO DO LONTRA,Tentativa de feminicídio,1/11/2025,0
PR,SALTO DO LONTRA,Tentativa de feminicídio,1/12/2025,0
PR,SANTA AMÉLIA,Feminicídio,1/1/2025,0
PR,SANTA AMÉLIA,Feminicídio,1/2/2025,0
PR,SANTA AMÉLIA,Feminicídio,1/3/2025,0
PR,SANTA AMÉLIA,Feminicídio,1/4/2025,0
PR,SANTA AMÉLIA,Feminicídio,1/5/2025,0
PR,SANTA AMÉLIA,Feminicídio,1/6/2025,0
PR,SANTA AMÉLIA,Feminicídio,1/7/2025,0
PR,SANTA AMÉLIA,Feminicídio,1/8/2025,0
PR,SANTA AMÉLIA,Feminicídio,1/9/2025,0
PR,SANTA AMÉLIA,Feminicídio,1/10/2025,0
PR,SANTA AMÉLIA,Feminicídio,1/11/2025,0
PR,SANTA AMÉLIA,Feminicídio,1/12/2025,0
PR,SANTA AMÉLIA,Tentativa de feminicídio,1/1/2025,0
PR,SANTA AMÉLIA,Tentativa de feminicídio,1/2/2025,0
PR,SANTA AMÉLIA,Tentativa de feminicídio,1/3/2025,0
PR,SANTA AMÉLIA,Tentativa de feminicídio,1/4/2025,0
PR,SANTA AMÉLIA,Tentativa de feminicídio,1/5/2025,0
PR,SANTA AMÉLIA,Tentativa de feminicídio,1/6/2025,0
PR,SANTA AMÉLIA,Tentativa de feminicídio,1/7/2025,0
PR,SANTA AMÉLIA,Tentativa de feminicídio,1/8/2025,0
PR,SANTA AMÉLIA,Tentativa de feminicídio,1/9/2025,0
PR,SANTA AMÉLIA,Tentativa de feminicídio,1/10/2025,0
PR,SANTA AMÉLIA,Tentativa de feminicídio,1/11/2025,0
PR,SANTA AMÉLIA,Tentativa de feminicídio,1/12/2025,0
PR,SANTA CECÍLIA DO PAVÃO,Feminicídio,1/1/2025,0
PR,SANTA CECÍLIA DO PAVÃO,Feminicídio,1/2/2025,0
PR,SANTA CECÍLIA DO PAVÃO,Feminicídio,1/3/2025,0
PR,SANTA CECÍLIA DO PAVÃO,Feminicídio,1/4/2025,0
PR,SANTA CECÍLIA DO PAVÃO,Feminicídio,1/5/2025,0
PR,SANTA CECÍLIA DO PAVÃO,Feminicídio,1/6/2025,0
PR,SANTA CECÍLIA DO PAVÃO,Feminicídio,1/7/2025,0
PR,SANTA CECÍLIA DO PAVÃO,Feminicídio,1/8/2025,0
PR,SANTA CECÍLIA DO PAVÃO,Feminicídio,1/9/2025,0
PR,SANTA CECÍLIA DO PAVÃO,Feminicídio,1/10/2025,0
PR,SANTA CECÍLIA DO PAVÃO,Feminicídio,1/11/2025,0
PR,SANTA CECÍLIA DO PAVÃO,Feminicídio,1/12/2025,0
PR,SANTA CECÍLIA DO PAVÃO,Tentativa de feminicídio,1/1/2025,0
PR,SANTA CECÍLIA DO PAVÃO,Tentativa de feminicídio,1/2/2025,0
PR,SANTA CECÍLIA DO PAVÃO,Tentativa de feminicídio,1/3/2025,0
PR,SANTA CECÍLIA DO PAVÃO,Tentativa de feminicídio,1/4/2025,0
PR,SANTA CECÍLIA DO PAVÃO,Tentativa de feminicídio,1/5/2025,0
PR,SANTA CECÍLIA DO PAVÃO,Tentativa de feminicídio,1/6/2025,0
PR,SANTA CECÍLIA DO PAVÃO,Tentativa de feminicídio,1/7/2025,0
PR,SANTA CECÍLIA DO PAVÃO,Tentativa de feminicídio,1/8/2025,0
PR,SANTA CECÍLIA DO PAVÃO,Tentativa de feminicídio,1/9/2025,0
PR,SANTA CECÍLIA DO PAVÃO,Tentativa de feminicídio,1/10/2025,0
PR,SANTA CECÍLIA DO PAVÃO,Tentativa de feminicídio,1/11/2025,0
PR,SANTA CECÍLIA DO PAVÃO,Tentativa de feminicídio,1/12/2025,0
PR,SANTA CRUZ DE MONTE CASTELO,Feminicídio,1/1/2025,0
PR,SANTA CRUZ DE MONTE CASTELO,Feminicídio,1/2/2025,0
PR,SANTA CRUZ DE MONTE CASTELO,Feminicídio,1/3/2025,0
PR,SANTA CRUZ DE MONTE CASTELO,Feminicídio,1/4/2025,0
PR,SANTA CRUZ DE MONTE CASTELO,Feminicídio,1/5/2025,0
PR,SANTA CRUZ DE MONTE CASTELO,Feminicídio,1/6/2025,0
PR,SANTA CRUZ DE MONTE CASTELO,Feminicídio,1/7/2025,0
PR,SANTA CRUZ DE MONTE CASTELO,Feminicídio,1/8/2025,0
PR,SANTA CRUZ DE MONTE CASTELO,Feminicídio,1/9/2025,0
PR,SANTA CRUZ DE MONTE CASTELO,Feminicídio,1/10/2025,0
PR,SANTA CRUZ DE MONTE CASTELO,Feminicídio,1/11/2025,0
PR,SANTA CRUZ DE MONTE CASTELO,Feminicídio,1/12/2025,0
PR,SANTA CRUZ DE MONTE CASTELO,Tentativa de feminicídio,1/1/2025,0
PR,SANTA CRUZ DE MONTE CASTELO,Tentativa de feminicídio,1/2/2025,0
PR,SANTA CRUZ DE MONTE CASTELO,Tentativa de feminicídio,1/3/2025,0
PR,SANTA CRUZ DE MONTE CASTELO,Tentativa de feminicídio,1/4/2025,0
PR,SANTA CRUZ DE MONTE CASTELO,Tentativa de feminicídio,1/5/2025,0
PR,SANTA CRUZ DE MONTE CASTELO,Tentativa de feminicídio,1/6/2025,0
PR,SANTA CRUZ DE MONTE CASTELO,Tentativa de feminicídio,1/7/2025,0
PR,SANTA CRUZ DE MONTE CASTELO,Tentativa de feminicídio,1/8/2025,0
PR,SANTA CRUZ DE MONTE CASTELO,Tentativa de feminicídio,1/9/2025,0
PR,SANTA CRUZ DE MONTE CASTELO,Tentativa de feminicídio,1/10/2025,0
PR,SANTA CRUZ DE MONTE CASTELO,Tentativa de feminicídio,1/11/2025,0
PR,SANTA CRUZ DE MONTE CASTELO,Tentativa de feminicídio,1/12/2025,0
PR,SANTA FÉ,Feminicídio,1/1/2025,0
PR,SANTA FÉ,Feminicídio,1/2/2025,0
PR,SANTA FÉ,Feminicídio,1/3/2025,0
PR,SANTA FÉ,Feminicídio,1/4/2025,0
PR,SANTA FÉ,Feminicídio,1/5/2025,0
PR,SANTA FÉ,Feminicídio,1/6/2025,0
PR,SANTA FÉ,Feminicídio,1/7/2025,0
PR,SANTA FÉ,Feminicídio,1/8/2025,0
PR,SANTA FÉ,Feminicídio,1/9/2025,0
PR,SANTA FÉ,Feminicídio,1/10/2025,0
PR,SANTA FÉ,Feminicídio,1/11/2025,0
PR,SANTA FÉ,Feminicídio,1/12/2025,0
PR,SANTA FÉ,Tentativa de feminicídio,1/1/2025,0
PR,SANTA FÉ,Tentativa de feminicídio,1/2/2025,0
PR,SANTA FÉ,Tentativa de feminicídio,1/3/2025,0
PR,SANTA FÉ,Tentativa de feminicídio,1/4/2025,0
PR,SANTA FÉ,Tentativa de feminicídio,1/5/2025,0
PR,SANTA FÉ,Tentativa de feminicídio,1/6/2025,0
PR,SANTA FÉ,Tentativa de feminicídio,1/7/2025,0
PR,SANTA FÉ,Tentativa de feminicídio,1/8/2025,0
PR,SANTA FÉ,Tentativa de feminicídio,1/9/2025,0
PR,SANTA FÉ,Tentativa de feminicídio,1/10/2025,0
PR,SANTA FÉ,Tentativa de feminicídio,1/11/2025,0
PR,SANTA FÉ,Tentativa de feminicídio,1/12/2025,0
PR,SANTA HELENA,Feminicídio,1/1/2025,0
PR,SANTA HELENA,Feminicídio,1/2/2025,0
PR,SANTA HELENA,Feminicídio,1/3/2025,0
PR,SANTA HELENA,Feminicídio,1/4/2025,1
PR,SANTA HELENA,Feminicídio,1/5/2025,0
PR,SANTA HELENA,Feminicídio,1/6/2025,0
PR,SANTA HELENA,Feminicídio,1/7/2025,0
PR,SANTA HELENA,Feminicídio,1/8/2025,0
PR,SANTA HELENA,Feminicídio,1/9/2025,0
PR,SANTA HELENA,Feminicídio,1/10/2025,0
PR,SANTA HELENA,Feminicídio,1/11/2025,0
PR,SANTA HELENA,Feminicídio,1/12/2025,0
PR,SANTA HELENA,Tentativa de feminicídio,1/1/2025,0
PR,SANTA HELENA,Tentativa de feminicídio,1/2/2025,0
PR,SANTA HELENA,Tentativa de feminicídio,1/3/2025,0
PR,SANTA HELENA,Tentativa de feminicídio,1/4/2025,1
PR,SANTA HELENA,Tentativa de feminicídio,1/5/2025,0
PR,SANTA HELENA,Tentativa de feminicídio,1/6/2025,0
PR,SANTA HELENA,Tentativa de feminicídio,1/7/2025,0
PR,SANTA HELENA,Tentativa de feminicídio,1/8/2025,0
PR,SANTA HELENA,Tentativa de feminicídio,1/9/2025,0
PR,SANTA HELENA,Tentativa de feminicídio,1/10/2025,0
PR,SANTA HELENA,Tentativa de feminicídio,1/11/2025,0
PR,SANTA HELENA,Tentativa de feminicídio,1/12/2025,0
PR,SANTA INÊS,Feminicídio,1/1/2025,0
PR,SANTA INÊS,Feminicídio,1/2/2025,0
PR,SANTA INÊS,Feminicídio,1/3/2025,0
PR,SANTA INÊS,Feminicídio,1/4/2025,0
PR,SANTA INÊS,Feminicídio,1/5/2025,0
PR,SANTA INÊS,Feminicídio,1/6/2025,0
PR,SANTA INÊS,Feminicídio,1/7/2025,0
PR,SANTA INÊS,Feminicídio,1/8/2025,0
PR,SANTA INÊS,Feminicídio,1/9/2025,0
PR,SANTA INÊS,Feminicídio,1/10/2025,0
PR,SANTA INÊS,Feminicídio,1/11/2025,0
PR,SANTA INÊS,Feminicídio,1/12/2025,0
PR,SANTA INÊS,Tentativa de feminicídio,1/1/2025,0
PR,SANTA INÊS,Tentativa de feminicídio,1/2/2025,0
PR,SANTA INÊS,Tentativa de feminicídio,1/3/2025,0
PR,SANTA INÊS,Tentativa de feminicídio,1/4/2025,0
PR,SANTA INÊS,Tentativa de feminicídio,1/5/2025,0
PR,SANTA INÊS,Tentativa de feminicídio,1/6/2025,0
PR,SANTA INÊS,Tentativa de feminicídio,1/7/2025,0
PR,SANTA INÊS,Tentativa de feminicídio,1/8/2025,0
PR,SANTA INÊS,Tentativa de feminicídio,1/9/2025,0
PR,SANTA INÊS,Tentativa de feminicídio,1/10/2025,0
PR,SANTA INÊS,Tentativa de feminicídio,1/11/2025,0
PR,SANTA INÊS,Tentativa de feminicídio,1/12/2025,0
PR,SANTA ISABEL DO IVAÍ,Feminicídio,1/1/2025,0
PR,SANTA ISABEL DO IVAÍ,Feminicídio,1/2/2025,0
PR,SANTA ISABEL DO IVAÍ,Feminicídio,1/3/2025,0
PR,SANTA ISABEL DO IVAÍ,Feminicídio,1/4/2025,0
PR,SANTA ISABEL DO IVAÍ,Feminicídio,1/5/2025,0
PR,SANTA ISABEL DO IVAÍ,Feminicídio,1/6/2025,0
PR,SANTA ISABEL DO IVAÍ,Feminicídio,1/7/2025,0
PR,SANTA ISABEL DO IVAÍ,Feminicídio,1/8/2025,0
PR,SANTA ISABEL DO IVAÍ,Feminicídio,1/9/2025,0
PR,SANTA ISABEL DO IVAÍ,Feminicídio,1/10/2025,0
PR,SANTA ISABEL DO IVAÍ,Feminicídio,1/11/2025,0
PR,SANTA ISABEL DO IVAÍ,Feminicídio,1/12/2025,0
PR,SANTA ISABEL DO IVAÍ,Tentativa de feminicídio,1/1/2025,0
PR,SANTA ISABEL DO IVAÍ,Tentativa de feminicídio,1/2/2025,0
PR,SANTA ISABEL DO IVAÍ,Tentativa de feminicídio,1/3/2025,0
PR,SANTA ISABEL DO IVAÍ,Tentativa de feminicídio,1/4/2025,0
PR,SANTA ISABEL DO IVAÍ,Tentativa de feminicídio,1/5/2025,0
PR,SANTA ISABEL DO IVAÍ,Tentativa de feminicídio,1/6/2025,0
PR,SANTA ISABEL DO IVAÍ,Tentativa de feminicídio,1/7/2025,0
PR,SANTA ISABEL DO IVAÍ,Tentativa de feminicídio,1/8/2025,0
PR,SANTA ISABEL DO IVAÍ,Tentativa de feminicídio,1/9/2025,0
PR,SANTA ISABEL DO IVAÍ,Tentativa de feminicídio,1/10/2025,0
PR,SANTA ISABEL DO IVAÍ,Tentativa de feminicídio,1/11/2025,0
PR,SANTA ISABEL DO IVAÍ,Tentativa de feminicídio,1/12/2025,0
PR,SANTA IZABEL DO OESTE,Feminicídio,1/1/2025,0
PR,SANTA IZABEL DO OESTE,Feminicídio,1/2/2025,0
PR,SANTA IZABEL DO OESTE,Feminicídio,1/3/2025,0
PR,SANTA IZABEL DO OESTE,Feminicídio,1/4/2025,0
PR,SANTA IZABEL DO OESTE,Feminicídio,1/5/2025,0
PR,SANTA IZABEL DO OESTE,Feminicídio,1/6/2025,0
PR,SANTA IZABEL DO OESTE,Feminicídio,1/7/2025,0
PR,SANTA IZABEL DO OESTE,Feminicídio,1/8/2025,0
PR,SANTA IZABEL DO OESTE,Feminicídio,1/9/2025,0
PR,SANTA IZABEL DO OESTE,Feminicídio,1/10/2025,0
PR,SANTA IZABEL DO OESTE,Feminicídio,1/11/2025,0
PR,SANTA IZABEL DO OESTE,Feminicídio,1/12/2025,0
PR,SANTA IZABEL DO OESTE,Tentativa de feminicídio,1/1/2025,0
PR,SANTA IZABEL DO OESTE,Tentativa de feminicídio,1/2/2025,0
PR,SANTA IZABEL DO OESTE,Tentativa de feminicídio,1/3/2025,0
PR,SANTA IZABEL DO OESTE,Tentativa de feminicídio,1/4/2025,0
PR,SANTA IZABEL DO OESTE,Tentativa de feminicídio,1/5/2025,0
PR,SANTA IZABEL DO OESTE,Tentativa de feminicídio,1/6/2025,0
PR,SANTA IZABEL DO OESTE,Tentativa de feminicídio,1/7/2025,0
PR,SANTA IZABEL DO OESTE,Tentativa de feminicídio,1/8/2025,0
PR,SANTA IZABEL DO OESTE,Tentativa de feminicídio,1/9/2025,0
PR,SANTA IZABEL DO OESTE,Tentativa de feminicídio,1/10/2025,0
PR,SANTA IZABEL DO OESTE,Tentativa de feminicídio,1/11/2025,0
PR,SANTA IZABEL DO OESTE,Tentativa de feminicídio,1/12/2025,0
PR,SANTA LÚCIA,Feminicídio,1/1/2025,0
PR,SANTA LÚCIA,Feminicídio,1/2/2025,0
PR,SANTA LÚCIA,Feminicídio,1/3/2025,0
PR,SANTA LÚCIA,Feminicídio,1/4/2025,0
PR,SANTA LÚCIA,Feminicídio,1/5/2025,0
PR,SANTA LÚCIA,Feminicídio,1/6/2025,0
PR,SANTA LÚCIA,Feminicídio,1/7/2025,0
PR,SANTA LÚCIA,Feminicídio,1/8/2025,0
PR,SANTA LÚCIA,Feminicídio,1/9/2025,0
PR,SANTA LÚCIA,Feminicídio,1/10/2025,0
PR,SANTA LÚCIA,Feminicídio,1/11/2025,0
PR,SANTA LÚCIA,Feminicídio,1/12/2025,0
PR,SANTA LÚCIA,Tentativa de feminicídio,1/1/2025,0
PR,SANTA LÚCIA,Tentativa de feminicídio,1/2/2025,0
PR,SANTA LÚCIA,Tentativa de feminicídio,1/3/2025,0
PR,SANTA LÚCIA,Tentativa de feminicídio,1/4/2025,0
PR,SANTA LÚCIA,Tentativa de feminicídio,1/5/2025,0
PR,SANTA LÚCIA,Tentativa de feminicídio,1/6/2025,0
PR,SANTA LÚCIA,Tentativa de feminicídio,1/7/2025,0
PR,SANTA LÚCIA,Tentativa de feminicídio,1/8/2025,0
PR,SANTA LÚCIA,Tentativa de feminicídio,1/9/2025,0
PR,SANTA LÚCIA,Tentativa de feminicídio,1/10/2025,0
PR,SANTA LÚCIA,Tentativa de feminicídio,1/11/2025,0
PR,SANTA LÚCIA,Tentativa de feminicídio,1/12/2025,0
PR,SANTA MARIA DO OESTE,Feminicídio,1/1/2025,0
PR,SANTA MARIA DO OESTE,Feminicídio,1/2/2025,0
PR,SANTA MARIA DO OESTE,Feminicídio,1/3/2025,0
PR,SANTA MARIA DO OESTE,Feminicídio,1/4/2025,0
PR,SANTA MARIA DO OESTE,Feminicídio,1/5/2025,0
PR,SANTA MARIA DO OESTE,Feminicídio,1/6/2025,0
PR,SANTA MARIA DO OESTE,Feminicídio,1/7/2025,0
PR,SANTA MARIA DO OESTE,Feminicídio,1/8/2025,0
PR,SANTA MARIA DO OESTE,Feminicídio,1/9/2025,0
PR,SANTA MARIA DO OESTE,Feminicídio,1/10/2025,0
PR,SANTA MARIA DO OESTE,Feminicídio,1/11/2025,0
PR,SANTA MARIA DO OESTE,Feminicídio,1/12/2025,0
PR,SANTA MARIA DO OESTE,Tentativa de feminicídio,1/1/2025,0
PR,SANTA MARIA DO OESTE,Tentativa de feminicídio,1/2/2025,0
PR,SANTA MARIA DO OESTE,Tentativa de feminicídio,1/3/2025,0
PR,SANTA MARIA DO OESTE,Tentativa de feminicídio,1/4/2025,0
PR,SANTA MARIA DO OESTE,Tentativa de feminicídio,1/5/2025,0
PR,SANTA MARIA DO OESTE,Tentativa de feminicídio,1/6/2025,0
PR,SANTA MARIA DO OESTE,Tentativa de feminicídio,1/7/2025,0
PR,SANTA MARIA DO OESTE,Tentativa de feminicídio,1/8/2025,0
PR,SANTA MARIA DO OESTE,Tentativa de feminicídio,1/9/2025,0
PR,SANTA MARIA DO OESTE,Tentativa de feminicídio,1/10/2025,0
PR,SANTA MARIA DO OESTE,Tentativa de feminicídio,1/11/2025,0
PR,SANTA MARIA DO OESTE,Tentativa de feminicídio,1/12/2025,0
PR,SANTA MARIANA,Feminicídio,1/1/2025,0
PR,SANTA MARIANA,Feminicídio,1/2/2025,0
PR,SANTA MARIANA,Feminicídio,1/3/2025,0
PR,SANTA MARIANA,Feminicídio,1/4/2025,0
PR,SANTA MARIANA,Feminicídio,1/5/2025,0
PR,SANTA MARIANA,Feminicídio,1/6/2025,0
PR,SANTA MARIANA,Feminicídio,1/7/2025,0
PR,SANTA MARIANA,Feminicídio,1/8/2025,0
PR,SANTA MARIANA,Feminicídio,1/9/2025,0
PR,SANTA MARIANA,Feminicídio,1/10/2025,0
PR,SANTA MARIANA,Feminicídio,1/11/2025,0
PR,SANTA MARIANA,Feminicídio,1/12/2025,0
PR,SANTA MARIANA,Tentativa de feminicídio,1/1/2025,0
PR,SANTA MARIANA,Tentativa de feminicídio,1/2/2025,0
PR,SANTA MARIANA,Tentativa de feminicídio,1/3/2025,0
PR,SANTA MARIANA,Tentativa de feminicídio,1/4/2025,0
PR,SANTA MARIANA,Tentativa de feminicídio,1/5/2025,0
PR,SANTA MARIANA,Tentativa de feminicídio,1/6/2025,0
PR,SANTA MARIANA,Tentativa de feminicídio,1/7/2025,0
PR,SANTA MARIANA,Tentativa de feminicídio,1/8/2025,1
PR,SANTA MARIANA,Tentativa de feminicídio,1/9/2025,0
PR,SANTA MARIANA,Tentativa de feminicídio,1/10/2025,0
PR,SANTA MARIANA,Tentativa de feminicídio,1/11/2025,0
PR,SANTA MARIANA,Tentativa de feminicídio,1/12/2025,0
PR,SANTA MÔNICA,Feminicídio,1/1/2025,0
PR,SANTA MÔNICA,Feminicídio,1/2/2025,0
PR,SANTA MÔNICA,Feminicídio,1/3/2025,0
PR,SANTA MÔNICA,Feminicídio,1/4/2025,0
PR,SANTA MÔNICA,Feminicídio,1/5/2025,0
PR,SANTA MÔNICA,Feminicídio,1/6/2025,0
PR,SANTA MÔNICA,Feminicídio,1/7/2025,0
PR,SANTA MÔNICA,Feminicídio,1/8/2025,0
PR,SANTA MÔNICA,Feminicídio,1/9/2025,0
PR,SANTA MÔNICA,Feminicídio,1/10/2025,0
PR,SANTA MÔNICA,Feminicídio,1/11/2025,0
PR,SANTA MÔNICA,Feminicídio,1/12/2025,0
PR,SANTA MÔNICA,Tentativa de feminicídio,1/1/2025,0
PR,SANTA MÔNICA,Tentativa de feminicídio,1/2/2025,0
PR,SANTA MÔNICA,Tentativa de feminicídio,1/3/2025,0
PR,SANTA MÔNICA,Tentativa de feminicídio,1/4/2025,0
PR,SANTA MÔNICA,Tentativa de feminicídio,1/5/2025,0
PR,SANTA MÔNICA,Tentativa de feminicídio,1/6/2025,0
PR,SANTA MÔNICA,Tentativa de feminicídio,1/7/2025,0
PR,SANTA MÔNICA,Tentativa de feminicídio,1/8/2025,0
PR,SANTA MÔNICA,Tentativa de feminicídio,1/9/2025,0
PR,SANTA MÔNICA,Tentativa de feminicídio,1/10/2025,0
PR,SANTA MÔNICA,Tentativa de feminicídio,1/11/2025,0
PR,SANTA MÔNICA,Tentativa de feminicídio,1/12/2025,0
PR,SANTA TEREZA DO OESTE,Feminicídio,1/1/2025,0
PR,SANTA TEREZA DO OESTE,Feminicídio,1/2/2025,0
PR,SANTA TEREZA DO OESTE,Feminicídio,1/3/2025,0
PR,SANTA TEREZA DO OESTE,Feminicídio,1/4/2025,0
PR,SANTA TEREZA DO OESTE,Feminicídio,1/5/2025,0
PR,SANTA TEREZA DO OESTE,Feminicídio,1/6/2025,0
PR,SANTA TEREZA DO OESTE,Feminicídio,1/7/2025,0
PR,SANTA TEREZA DO OESTE,Feminicídio,1/8/2025,0
PR,SANTA TEREZA DO OESTE,Feminicídio,1/9/2025,0
PR,SANTA TEREZA DO OESTE,Feminicídio,1/10/2025,0
PR,SANTA TEREZA DO OESTE,Feminicídio,1/11/2025,0
PR,SANTA TEREZA DO OESTE,Feminicídio,1/12/2025,0
PR,SANTA TEREZA DO OESTE,Tentativa de feminicídio,1/1/2025,0
PR,SANTA TEREZA DO OESTE,Tentativa de feminicídio,1/2/2025,0
PR,SANTA TEREZA DO OESTE,Tentativa de feminicídio,1/3/2025,0
PR,SANTA TEREZA DO OESTE,Tentativa de feminicídio,1/4/2025,0
PR,SANTA TEREZA DO OESTE,Tentativa de feminicídio,1/5/2025,0
PR,SANTA TEREZA DO OESTE,Tentativa de feminicídio,1/6/2025,0
PR,SANTA TEREZA DO OESTE,Tentativa de feminicídio,1/7/2025,0
PR,SANTA TEREZA DO OESTE,Tentativa de feminicídio,1/8/2025,0
PR,SANTA TEREZA DO OESTE,Tentativa de feminicídio,1/9/2025,0
PR,SANTA TEREZA DO OESTE,Tentativa de feminicídio,1/10/2025,0
PR,SANTA TEREZA DO OESTE,Tentativa de feminicídio,1/11/2025,0
PR,SANTA TEREZA DO OESTE,Tentativa de feminicídio,1/12/2025,0
PR,SANTA TEREZINHA DE ITAIPU,Feminicídio,1/1/2025,0
PR,SANTA TEREZINHA DE ITAIPU,Feminicídio,1/2/2025,0
PR,SANTA TEREZINHA DE ITAIPU,Feminicídio,1/3/2025,0
PR,SANTA TEREZINHA DE ITAIPU,Feminicídio,1/4/2025,0
PR,SANTA TEREZINHA DE ITAIPU,Feminicídio,1/5/2025,0
PR,SANTA TEREZINHA DE ITAIPU,Feminicídio,1/6/2025,0
PR,SANTA TEREZINHA DE ITAIPU,Feminicídio,1/7/2025,0
PR,SANTA TEREZINHA DE ITAIPU,Feminicídio,1/8/2025,0
PR,SANTA TEREZINHA DE ITAIPU,Feminicídio,1/9/2025,0
PR,SANTA TEREZINHA DE ITAIPU,Feminicídio,1/10/2025,0
PR,SANTA TEREZINHA DE ITAIPU,Feminicídio,1/11/2025,0
PR,SANTA TEREZINHA DE ITAIPU,Feminicídio,1/12/2025,0
PR,SANTA TEREZINHA DE ITAIPU,Tentativa de feminicídio,1/1/2025,0
PR,SANTA TEREZINHA DE ITAIPU,Tentativa de feminicídio,1/2/2025,0
PR,SANTA TEREZINHA DE ITAIPU,Tentativa de feminicídio,1/3/2025,0
PR,SANTA TEREZINHA DE ITAIPU,Tentativa de feminicídio,1/4/2025,0
PR,SANTA TEREZINHA DE ITAIPU,Tentativa de feminicídio,1/5/2025,0
PR,SANTA TEREZINHA DE ITAIPU,Tentativa de feminicídio,1/6/2025,0
PR,SANTA TEREZINHA DE ITAIPU,Tentativa de feminicídio,1/7/2025,0
PR,SANTA TEREZINHA DE ITAIPU,Tentativa de feminicídio,1/8/2025,0
PR,SANTA TEREZINHA DE ITAIPU,Tentativa de feminicídio,1/9/2025,0
PR,SANTA TEREZINHA DE ITAIPU,Tentativa de feminicídio,1/10/2025,0
PR,SANTA TEREZINHA DE ITAIPU,Tentativa de feminicídio,1/11/2025,0
PR,SANTA TEREZINHA DE ITAIPU,Tentativa de feminicídio,1/12/2025,0
PR,SANTANA DO ITARARÉ,Feminicídio,1/1/2025,0
PR,SANTANA DO ITARARÉ,Feminicídio,1/2/2025,0
PR,SANTANA DO ITARARÉ,Feminicídio,1/3/2025,0
PR,SANTANA DO ITARARÉ,Feminicídio,1/4/2025,0
PR,SANTANA DO ITARARÉ,Feminicídio,1/5/2025,0
PR,SANTANA DO ITARARÉ,Feminicídio,1/6/2025,0
PR,SANTANA DO ITARARÉ,Feminicídio,1/7/2025,0
PR,SANTANA DO ITARARÉ,Feminicídio,1/8/2025,0
PR,SANTANA DO ITARARÉ,Feminicídio,1/9/2025,0
PR,SANTANA DO ITARARÉ,Feminicídio,1/10/2025,0
PR,SANTANA DO ITARARÉ,Feminicídio,1/11/2025,0
PR,SANTANA DO ITARARÉ,Feminicídio,1/12/2025,0
PR,SANTANA DO ITARARÉ,Tentativa de feminicídio,1/1/2025,0
PR,SANTANA DO ITARARÉ,Tentativa de feminicídio,1/2/2025,0
PR,SANTANA DO ITARARÉ,Tentativa de feminicídio,1/3/2025,0
PR,SANTANA DO ITARARÉ,Tentativa de feminicídio,1/4/2025,0
PR,SANTANA DO ITARARÉ,Tentativa de feminicídio,1/5/2025,0
PR,SANTANA DO ITARARÉ,Tentativa de feminicídio,1/6/2025,0
PR,SANTANA DO ITARARÉ,Tentativa de feminicídio,1/7/2025,0
PR,SANTANA DO ITARARÉ,Tentativa de feminicídio,1/8/2025,0
PR,SANTANA DO ITARARÉ,Tentativa de feminicídio,1/9/2025,0
PR,SANTANA DO ITARARÉ,Tentativa de feminicídio,1/10/2025,0
PR,SANTANA DO ITARARÉ,Tentativa de feminicídio,1/11/2025,0
PR,SANTANA DO ITARARÉ,Tentativa de feminicídio,1/12/2025,0
PR,SANTO ANTÔNIO DA PLATINA,Feminicídio,1/1/2025,0
PR,SANTO ANTÔNIO DA PLATINA,Feminicídio,1/2/2025,0
PR,SANTO ANTÔNIO DA PLATINA,Feminicídio,1/3/2025,0
PR,SANTO ANTÔNIO DA PLATINA,Feminicídio,1/4/2025,0
PR,SANTO ANTÔNIO DA PLATINA,Feminicídio,1/5/2025,0
PR,SANTO ANTÔNIO DA PLATINA,Feminicídio,1/6/2025,0
PR,SANTO ANTÔNIO DA PLATINA,Feminicídio,1/7/2025,0
PR,SANTO ANTÔNIO DA PLATINA,Feminicídio,1/8/2025,0
PR,SANTO ANTÔNIO DA PLATINA,Feminicídio,1/9/2025,0
PR,SANTO ANTÔNIO DA PLATINA,Feminicídio,1/10/2025,0
PR,SANTO ANTÔNIO DA PLATINA,Feminicídio,1/11/2025,0
PR,SANTO ANTÔNIO DA PLATINA,Feminicídio,1/12/2025,0
PR,SANTO ANTÔNIO DA PLATINA,Tentativa de feminicídio,1/1/2025,0
PR,SANTO ANTÔNIO DA PLATINA,Tentativa de feminicídio,1/2/2025,0
PR,SANTO ANTÔNIO DA PLATINA,Tentativa de feminicídio,1/3/2025,0
PR,SANTO ANTÔNIO DA PLATINA,Tentativa de feminicídio,1/4/2025,0
PR,SANTO ANTÔNIO DA PLATINA,Tentativa de feminicídio,1/5/2025,0
PR,SANTO ANTÔNIO DA PLATINA,Tentativa de feminicídio,1/6/2025,1
PR,SANTO ANTÔNIO DA PLATINA,Tentativa de feminicídio,1/7/2025,0
PR,SANTO ANTÔNIO DA PLATINA,Tentativa de feminicídio,1/8/2025,0
PR,SANTO ANTÔNIO DA PLATINA,Tentativa de feminicídio,1/9/2025,0
PR,SANTO ANTÔNIO DA PLATINA,Tentativa de feminicídio,1/10/2025,0
PR,SANTO ANTÔNIO DA PLATINA,Tentativa de feminicídio,1/11/2025,0
PR,SANTO ANTÔNIO DA PLATINA,Tentativa de feminicídio,1/12/2025,0
PR,SANTO ANTÔNIO DO CAIUÁ,Feminicídio,1/1/2025,0
PR,SANTO ANTÔNIO DO CAIUÁ,Feminicídio,1/2/2025,0
PR,SANTO ANTÔNIO DO CAIUÁ,Feminicídio,1/3/2025,0
PR,SANTO ANTÔNIO DO CAIUÁ,Feminicídio,1/4/2025,0
PR,SANTO ANTÔNIO DO CAIUÁ,Feminicídio,1/5/2025,0
PR,SANTO ANTÔNIO DO CAIUÁ,Feminicídio,1/6/2025,0
PR,SANTO ANTÔNIO DO CAIUÁ,Feminicídio,1/7/2025,0
PR,SANTO ANTÔNIO DO CAIUÁ,Feminicídio,1/8/2025,0
PR,SANTO ANTÔNIO DO CAIUÁ,Feminicídio,1/9/2025,0
PR,SANTO ANTÔNIO DO CAIUÁ,Feminicídio,1/10/2025,0
PR,SANTO ANTÔNIO DO CAIUÁ,Feminicídio,1/11/2025,0
PR,SANTO ANTÔNIO DO CAIUÁ,Feminicídio,1/12/2025,0
PR,SANTO ANTÔNIO DO CAIUÁ,Tentativa de feminicídio,1/1/2025,0
PR,SANTO ANTÔNIO DO CAIUÁ,Tentativa de feminicídio,1/2/2025,0
PR,SANTO ANTÔNIO DO CAIUÁ,Tentativa de feminicídio,1/3/2025,0
PR,SANTO ANTÔNIO DO CAIUÁ,Tentativa de feminicídio,1/4/2025,0
PR,SANTO ANTÔNIO DO CAIUÁ,Tentativa de feminicídio,1/5/2025,0
PR,SANTO ANTÔNIO DO CAIUÁ,Tentativa de feminicídio,1/6/2025,0
PR,SANTO ANTÔNIO DO CAIUÁ,Tentativa de feminicídio,1/7/2025,0
PR,SANTO ANTÔNIO DO CAIUÁ,Tentativa de feminicídio,1/8/2025,0
PR,SANTO ANTÔNIO DO CAIUÁ,Tentativa de feminicídio,1/9/2025,0
PR,SANTO ANTÔNIO DO CAIUÁ,Tentativa de feminicídio,1/10/2025,0
PR,SANTO ANTÔNIO DO CAIUÁ,Tentativa de feminicídio,1/11/2025,0
PR,SANTO ANTÔNIO DO CAIUÁ,Tentativa de feminicídio,1/12/2025,0
PR,SANTO ANTÔNIO DO PARAÍSO,Feminicídio,1/1/2025,0
PR,SANTO ANTÔNIO DO PARAÍSO,Feminicídio,1/2/2025,0
PR,SANTO ANTÔNIO DO PARAÍSO,Feminicídio,1/3/2025,0
PR,SANTO ANTÔNIO DO PARAÍSO,Feminicídio,1/4/2025,0
PR,SANTO ANTÔNIO DO PARAÍSO,Feminicídio,1/5/2025,0
PR,SANTO ANTÔNIO DO PARAÍSO,Feminicídio,1/6/2025,0
PR,SANTO ANTÔNIO DO PARAÍSO,Feminicídio,1/7/2025,0
PR,SANTO ANTÔNIO DO PARAÍSO,Feminicídio,1/8/2025,0
PR,SANTO ANTÔNIO DO PARAÍSO,Feminicídio,1/9/2025,0
PR,SANTO ANTÔNIO DO PARAÍSO,Feminicídio,1/10/2025,0
PR,SANTO ANTÔNIO DO PARAÍSO,Feminicídio,1/11/2025,0
PR,SANTO ANTÔNIO DO PARAÍSO,Feminicídio,1/12/2025,0
PR,SANTO ANTÔNIO DO PARAÍSO,Tentativa de feminicídio,1/1/2025,0
PR,SANTO ANTÔNIO DO PARAÍSO,Tentativa de feminicídio,1/2/2025,0
PR,SANTO ANTÔNIO DO PARAÍSO,Tentativa de feminicídio,1/3/2025,0
PR,SANTO ANTÔNIO DO PARAÍSO,Tentativa de feminicídio,1/4/2025,0
PR,SANTO ANTÔNIO DO PARAÍSO,Tentativa de feminicídio,1/5/2025,0
PR,SANTO ANTÔNIO DO PARAÍSO,Tentativa de feminicídio,1/6/2025,0
PR,SANTO ANTÔNIO DO PARAÍSO,Tentativa de feminicídio,1/7/2025,0
PR,SANTO ANTÔNIO DO PARAÍSO,Tentativa de feminicídio,1/8/2025,0
PR,SANTO ANTÔNIO DO PARAÍSO,Tentativa de feminicídio,1/9/2025,0
PR,SANTO ANTÔNIO DO PARAÍSO,Tentativa de feminicídio,1/10/2025,0
PR,SANTO ANTÔNIO DO PARAÍSO,Tentativa de feminicídio,1/11/2025,0
PR,SANTO ANTÔNIO DO PARAÍSO,Tentativa de feminicídio,1/12/2025,0
PR,SANTO ANTÔNIO DO SUDOESTE,Feminicídio,1/1/2025,0
PR,SANTO ANTÔNIO DO SUDOESTE,Feminicídio,1/2/2025,0
PR,SANTO ANTÔNIO DO SUDOESTE,Feminicídio,1/3/2025,0
PR,SANTO ANTÔNIO DO SUDOESTE,Feminicídio,1/4/2025,0
PR,SANTO ANTÔNIO DO SUDOESTE,Feminicídio,1/5/2025,0
PR,SANTO ANTÔNIO DO SUDOESTE,Feminicídio,1/6/2025,0
PR,SANTO ANTÔNIO DO SUDOESTE,Feminicídio,1/7/2025,0
PR,SANTO ANTÔNIO DO SUDOESTE,Feminicídio,1/8/2025,0
PR,SANTO ANTÔNIO DO SUDOESTE,Feminicídio,1/9/2025,0
PR,SANTO ANTÔNIO DO SUDOESTE,Feminicídio,1/10/2025,0
PR,SANTO ANTÔNIO DO SUDOESTE,Feminicídio,1/11/2025,0
PR,SANTO ANTÔNIO DO SUDOESTE,Feminicídio,1/12/2025,0
PR,SANTO ANTÔNIO DO SUDOESTE,Tentativa de feminicídio,1/1/2025,0
PR,SANTO ANTÔNIO DO SUDOESTE,Tentativa de feminicídio,1/2/2025,1
PR,SANTO ANTÔNIO DO SUDOESTE,Tentativa de feminicídio,1/3/2025,0
PR,SANTO ANTÔNIO DO SUDOESTE,Tentativa de feminicídio,1/4/2025,0
PR,SANTO ANTÔNIO DO SUDOESTE,Tentativa de feminicídio,1/5/2025,0
PR,SANTO ANTÔNIO DO SUDOESTE,Tentativa de feminicídio,1/6/2025,0
PR,SANTO ANTÔNIO DO SUDOESTE,Tentativa de feminicídio,1/7/2025,0
PR,SANTO ANTÔNIO DO SUDOESTE,Tentativa de feminicídio,1/8/2025,0
PR,SANTO ANTÔNIO DO SUDOESTE,Tentativa de feminicídio,1/9/2025,0
PR,SANTO ANTÔNIO DO SUDOESTE,Tentativa de feminicídio,1/10/2025,0
PR,SANTO ANTÔNIO DO SUDOESTE,Tentativa de feminicídio,1/11/2025,0
PR,SANTO ANTÔNIO DO SUDOESTE,Tentativa de feminicídio,1/12/2025,0
PR,SANTO INÁCIO,Feminicídio,1/1/2025,0
PR,SANTO INÁCIO,Feminicídio,1/2/2025,0
PR,SANTO INÁCIO,Feminicídio,1/3/2025,0
PR,SANTO INÁCIO,Feminicídio,1/4/2025,0
PR,SANTO INÁCIO,Feminicídio,1/5/2025,0
PR,SANTO INÁCIO,Feminicídio,1/6/2025,0
PR,SANTO INÁCIO,Feminicídio,1/7/2025,0
PR,SANTO INÁCIO,Feminicídio,1/8/2025,0
PR,SANTO INÁCIO,Feminicídio,1/9/2025,0
PR,SANTO INÁCIO,Feminicídio,1/10/2025,0
PR,SANTO INÁCIO,Feminicídio,1/11/2025,0
PR,SANTO INÁCIO,Feminicídio,1/12/2025,0
PR,SANTO INÁCIO,Tentativa de feminicídio,1/1/2025,0
PR,SANTO INÁCIO,Tentativa de feminicídio,1/2/2025,0
PR,SANTO INÁCIO,Tentativa de feminicídio,1/3/2025,0
PR,SANTO INÁCIO,Tentativa de feminicídio,1/4/2025,0
PR,SANTO INÁCIO,Tentativa de feminicídio,1/5/2025,0
PR,SANTO INÁCIO,Tentativa de feminicídio,1/6/2025,0
PR,SANTO INÁCIO,Tentativa de feminicídio,1/7/2025,0
PR,SANTO INÁCIO,Tentativa de feminicídio,1/8/2025,0
PR,SANTO INÁCIO,Tentativa de feminicídio,1/9/2025,0
PR,SANTO INÁCIO,Tentativa de feminicídio,1/10/2025,0
PR,SANTO INÁCIO,Tentativa de feminicídio,1/11/2025,0
PR,SANTO INÁCIO,Tentativa de feminicídio,1/12/2025,0
PR,SAPOPEMA,Feminicídio,1/1/2025,0
PR,SAPOPEMA,Feminicídio,1/2/2025,0
PR,SAPOPEMA,Feminicídio,1/3/2025,0
PR,SAPOPEMA,Feminicídio,1/4/2025,1
PR,SAPOPEMA,Feminicídio,1/5/2025,0
PR,SAPOPEMA,Feminicídio,1/6/2025,0
PR,SAPOPEMA,Feminicídio,1/7/2025,0
PR,SAPOPEMA,Feminicídio,1/8/2025,0
PR,SAPOPEMA,Feminicídio,1/9/2025,0
PR,SAPOPEMA,Feminicídio,1/10/2025,0
PR,SAPOPEMA,Feminicídio,1/11/2025,0
PR,SAPOPEMA,Feminicídio,1/12/2025,0
PR,SAPOPEMA,Tentativa de feminicídio,1/1/2025,0
PR,SAPOPEMA,Tentativa de feminicídio,1/2/2025,0
PR,SAPOPEMA,Tentativa de feminicídio,1/3/2025,0
PR,SAPOPEMA,Tentativa de feminicídio,1/4/2025,0
PR,SAPOPEMA,Tentativa de feminicídio,1/5/2025,0
PR,SAPOPEMA,Tentativa de feminicídio,1/6/2025,0
PR,SAPOPEMA,Tentativa de feminicídio,1/7/2025,0
PR,SAPOPEMA,Tentativa de feminicídio,1/8/2025,0
PR,SAPOPEMA,Tentativa de feminicídio,1/9/2025,0
PR,SAPOPEMA,Tentativa de feminicídio,1/10/2025,0
PR,SAPOPEMA,Tentativa de feminicídio,1/11/2025,0
PR,SAPOPEMA,Tentativa de feminicídio,1/12/2025,0
PR,SARANDI,Feminicídio,1/1/2025,0
PR,SARANDI,Feminicídio,1/2/2025,0
PR,SARANDI,Feminicídio,1/3/2025,0
PR,SARANDI,Feminicídio,1/4/2025,0
PR,SARANDI,Feminicídio,1/5/2025,0
PR,SARANDI,Feminicídio,1/6/2025,0
PR,SARANDI,Feminicídio,1/7/2025,0
PR,SARANDI,Feminicídio,1/8/2025,0
PR,SARANDI,Feminicídio,1/9/2025,1
PR,SARANDI,Feminicídio,1/10/2025,0
PR,SARANDI,Feminicídio,1/11/2025,0
PR,SARANDI,Feminicídio,1/12/2025,0
PR,SARANDI,Tentativa de feminicídio,1/1/2025,0
PR,SARANDI,Tentativa de feminicídio,1/2/2025,0
PR,SARANDI,Tentativa de feminicídio,1/3/2025,1
PR,SARANDI,Tentativa de feminicídio,1/4/2025,0
PR,SARANDI,Tentativa de feminicídio,1/5/2025,0
PR,SARANDI,Tentativa de feminicídio,1/6/2025,0
PR,SARANDI,Tentativa de feminicídio,1/7/2025,0
PR,SARANDI,Tentativa de feminicídio,1/8/2025,0
PR,SARANDI,Tentativa de feminicídio,1/9/2025,0
PR,SARANDI,Tentativa de feminicídio,1/10/2025,0
PR,SARANDI,Tentativa de feminicídio,1/11/2025,0
PR,SARANDI,Tentativa de feminicídio,1/12/2025,0
PR,SAUDADE DO IGUAÇU,Feminicídio,1/1/2025,0
PR,SAUDADE DO IGUAÇU,Feminicídio,1/2/2025,0
PR,SAUDADE DO IGUAÇU,Feminicídio,1/3/2025,0
PR,SAUDADE DO IGUAÇU,Feminicídio,1/4/2025,0
PR,SAUDADE DO IGUAÇU,Feminicídio,1/5/2025,0
PR,SAUDADE DO IGUAÇU,Feminicídio,1/6/2025,0
PR,SAUDADE DO IGUAÇU,Feminicídio,1/7/2025,0
PR,SAUDADE DO IGUAÇU,Feminicídio,1/8/2025,0
PR,SAUDADE DO IGUAÇU,Feminicídio,1/9/2025,0
PR,SAUDADE DO IGUAÇU,Feminicídio,1/10/2025,0
PR,SAUDADE DO IGUAÇU,Feminicídio,1/11/2025,0
PR,SAUDADE DO IGUAÇU,Feminicídio,1/12/2025,0
PR,SAUDADE DO IGUAÇU,Tentativa de feminicídio,1/1/2025,0
PR,SAUDADE DO IGUAÇU,Tentativa de feminicídio,1/2/2025,0
PR,SAUDADE DO IGUAÇU,Tentativa de feminicídio,1/3/2025,0
PR,SAUDADE DO IGUAÇU,Tentativa de feminicídio,1/4/2025,0
PR,SAUDADE DO IGUAÇU,Tentativa de feminicídio,1/5/2025,0
PR,SAUDADE DO IGUAÇU,Tentativa de feminicídio,1/6/2025,0
PR,SAUDADE DO IGUAÇU,Tentativa de feminicídio,1/7/2025,0
PR,SAUDADE DO IGUAÇU,Tentativa de feminicídio,1/8/2025,0
PR,SAUDADE DO IGUAÇU,Tentativa de feminicídio,1/9/2025,0
PR,SAUDADE DO IGUAÇU,Tentativa de feminicídio,1/10/2025,0
PR,SAUDADE DO IGUAÇU,Tentativa de feminicídio,1/11/2025,0
PR,SAUDADE DO IGUAÇU,Tentativa de feminicídio,1/12/2025,0
PR,SENGÉS,Feminicídio,1/1/2025,0
PR,SENGÉS,Feminicídio,1/2/2025,0
PR,SENGÉS,Feminicídio,1/3/2025,0
PR,SENGÉS,Feminicídio,1/4/2025,0
PR,SENGÉS,Feminicídio,1/5/2025,0
PR,SENGÉS,Feminicídio,1/6/2025,0
PR,SENGÉS,Feminicídio,1/7/2025,0
PR,SENGÉS,Feminicídio,1/8/2025,0
PR,SENGÉS,Feminicídio,1/9/2025,0
PR,SENGÉS,Feminicídio,1/10/2025,0
PR,SENGÉS,Feminicídio,1/11/2025,0
PR,SENGÉS,Feminicídio,1/12/2025,0
PR,SENGÉS,Tentativa de feminicídio,1/1/2025,0
PR,SENGÉS,Tentativa de feminicídio,1/2/2025,0
PR,SENGÉS,Tentativa de feminicídio,1/3/2025,0
PR,SENGÉS,Tentativa de feminicídio,1/4/2025,0
PR,SENGÉS,Tentativa de feminicídio,1/5/2025,0
PR,SENGÉS,Tentativa de feminicídio,1/6/2025,0
PR,SENGÉS,Tentativa de feminicídio,1/7/2025,0
PR,SENGÉS,Tentativa de feminicídio,1/8/2025,0
PR,SENGÉS,Tentativa de feminicídio,1/9/2025,0
PR,SENGÉS,Tentativa de feminicídio,1/10/2025,0
PR,SENGÉS,Tentativa de feminicídio,1/11/2025,1
PR,SENGÉS,Tentativa de feminicídio,1/12/2025,0
PR,SERRANÓPOLIS DO IGUAÇU,Feminicídio,1/1/2025,0
PR,SERRANÓPOLIS DO IGUAÇU,Feminicídio,1/2/2025,0
PR,SERRANÓPOLIS DO IGUAÇU,Feminicídio,1/3/2025,0
PR,SERRANÓPOLIS DO IGUAÇU,Feminicídio,1/4/2025,0
PR,SERRANÓPOLIS DO IGUAÇU,Feminicídio,1/5/2025,0
PR,SERRANÓPOLIS DO IGUAÇU,Feminicídio,1/6/2025,0
PR,SERRANÓPOLIS DO IGUAÇU,Feminicídio,1/7/2025,0
PR,SERRANÓPOLIS DO IGUAÇU,Feminicídio,1/8/2025,0
PR,SERRANÓPOLIS DO IGUAÇU,Feminicídio,1/9/2025,0
PR,SERRANÓPOLIS DO IGUAÇU,Feminicídio,1/10/2025,0
PR,SERRANÓPOLIS DO IGUAÇU,Feminicídio,1/11/2025,0
PR,SERRANÓPOLIS DO IGUAÇU,Feminicídio,1/12/2025,0
PR,SERRANÓPOLIS DO IGUAÇU,Tentativa de feminicídio,1/1/2025,0
PR,SERRANÓPOLIS DO IGUAÇU,Tentativa de feminicídio,1/2/2025,0
PR,SERRANÓPOLIS DO IGUAÇU,Tentativa de feminicídio,1/3/2025,0
PR,SERRANÓPOLIS DO IGUAÇU,Tentativa de feminicídio,1/4/2025,0
PR,SERRANÓPOLIS DO IGUAÇU,Tentativa de feminicídio,1/5/2025,0
PR,SERRANÓPOLIS DO IGUAÇU,Tentativa de feminicídio,1/6/2025,0
PR,SERRANÓPOLIS DO IGUAÇU,Tentativa de feminicídio,1/7/2025,0
PR,SERRANÓPOLIS DO IGUAÇU,Tentativa de feminicídio,1/8/2025,0
PR,SERRANÓPOLIS DO IGUAÇU,Tentativa de feminicídio,1/9/2025,0
PR,SERRANÓPOLIS DO IGUAÇU,Tentativa de feminicídio,1/10/2025,0
PR,SERRANÓPOLIS DO IGUAÇU,Tentativa de feminicídio,1/11/2025,0
PR,SERRANÓPOLIS DO IGUAÇU,Tentativa de feminicídio,1/12/2025,0
PR,SERTANEJA,Feminicídio,1/1/2025,0
PR,SERTANEJA,Feminicídio,1/2/2025,0
PR,SERTANEJA,Feminicídio,1/3/2025,0
PR,SERTANEJA,Feminicídio,1/4/2025,0
PR,SERTANEJA,Feminicídio,1/5/2025,0
PR,SERTANEJA,Feminicídio,1/6/2025,0
PR,SERTANEJA,Feminicídio,1/7/2025,0
PR,SERTANEJA,Feminicídio,1/8/2025,0
PR,SERTANEJA,Feminicídio,1/9/2025,0
PR,SERTANEJA,Feminicídio,1/10/2025,0
PR,SERTANEJA,Feminicídio,1/11/2025,0
PR,SERTANEJA,Feminicídio,1/12/2025,0
PR,SERTANEJA,Tentativa de feminicídio,1/1/2025,0
PR,SERTANEJA,Tentativa de feminicídio,1/2/2025,0
PR,SERTANEJA,Tentativa de feminicídio,1/3/2025,0
PR,SERTANEJA,Tentativa de feminicídio,1/4/2025,0
PR,SERTANEJA,Tentativa de feminicídio,1/5/2025,0
PR,SERTANEJA,Tentativa de feminicídio,1/6/2025,0
PR,SERTANEJA,Tentativa de feminicídio,1/7/2025,0
PR,SERTANEJA,Tentativa de feminicídio,1/8/2025,0
PR,SERTANEJA,Tentativa de feminicídio,1/9/2025,0
PR,SERTANEJA,Tentativa de feminicídio,1/10/2025,0
PR,SERTANEJA,Tentativa de feminicídio,1/11/2025,0
PR,SERTANEJA,Tentativa de feminicídio,1/12/2025,0
PR,SERTANÓPOLIS,Feminicídio,1/1/2025,0
PR,SERTANÓPOLIS,Feminicídio,1/2/2025,0
PR,SERTANÓPOLIS,Feminicídio,1/3/2025,0
PR,SERTANÓPOLIS,Feminicídio,1/4/2025,0
PR,SERTANÓPOLIS,Feminicídio,1/5/2025,0
PR,SERTANÓPOLIS,Feminicídio,1/6/2025,0
PR,SERTANÓPOLIS,Feminicídio,1/7/2025,0
PR,SERTANÓPOLIS,Feminicídio,1/8/2025,0
PR,SERTANÓPOLIS,Feminicídio,1/9/2025,0
PR,SERTANÓPOLIS,Feminicídio,1/10/2025,0
PR,SERTANÓPOLIS,Feminicídio,1/11/2025,0
PR,SERTANÓPOLIS,Feminicídio,1/12/2025,0
PR,SERTANÓPOLIS,Tentativa de feminicídio,1/1/2025,0
PR,SERTANÓPOLIS,Tentativa de feminicídio,1/2/2025,0
PR,SERTANÓPOLIS,Tentativa de feminicídio,1/3/2025,0
PR,SERTANÓPOLIS,Tentativa de feminicídio,1/4/2025,0
PR,SERTANÓPOLIS,Tentativa de feminicídio,1/5/2025,0
PR,SERTANÓPOLIS,Tentativa de feminicídio,1/6/2025,2
PR,SERTANÓPOLIS,Tentativa de feminicídio,1/7/2025,0
PR,SERTANÓPOLIS,Tentativa de feminicídio,1/8/2025,0
PR,SERTANÓPOLIS,Tentativa de feminicídio,1/9/2025,0
PR,SERTANÓPOLIS,Tentativa de feminicídio,1/10/2025,0
PR,SERTANÓPOLIS,Tentativa de feminicídio,1/11/2025,0
PR,SERTANÓPOLIS,Tentativa de feminicídio,1/12/2025,0
PR,SIQUEIRA CAMPOS,Feminicídio,1/1/2025,0
PR,SIQUEIRA CAMPOS,Feminicídio,1/2/2025,0
PR,SIQUEIRA CAMPOS,Feminicídio,1/3/2025,0
PR,SIQUEIRA CAMPOS,Feminicídio,1/4/2025,0
PR,SIQUEIRA CAMPOS,Feminicídio,1/5/2025,0
PR,SIQUEIRA CAMPOS,Feminicídio,1/6/2025,0
PR,SIQUEIRA CAMPOS,Feminicídio,1/7/2025,0
PR,SIQUEIRA CAMPOS,Feminicídio,1/8/2025,1
PR,SIQUEIRA CAMPOS,Feminicídio,1/9/2025,0
PR,SIQUEIRA CAMPOS,Feminicídio,1/10/2025,0
PR,SIQUEIRA CAMPOS,Feminicídio,1/11/2025,0
PR,SIQUEIRA CAMPOS,Feminicídio,1/12/2025,0
PR,SIQUEIRA CAMPOS,Tentativa de feminicídio,1/1/2025,0
PR,SIQUEIRA CAMPOS,Tentativa de feminicídio,1/2/2025,0
PR,SIQUEIRA CAMPOS,Tentativa de feminicídio,1/3/2025,0
PR,SIQUEIRA CAMPOS,Tentativa de feminicídio,1/4/2025,0
PR,SIQUEIRA CAMPOS,Tentativa de feminicídio,1/5/2025,0
PR,SIQUEIRA CAMPOS,Tentativa de feminicídio,1/6/2025,0
PR,SIQUEIRA CAMPOS,Tentativa de feminicídio,1/7/2025,0
PR,SIQUEIRA CAMPOS,Tentativa de feminicídio,1/8/2025,0
PR,SIQUEIRA CAMPOS,Tentativa de feminicídio,1/9/2025,0
PR,SIQUEIRA CAMPOS,Tentativa de feminicídio,1/10/2025,0
PR,SIQUEIRA CAMPOS,Tentativa de feminicídio,1/11/2025,0
PR,SIQUEIRA CAMPOS,Tentativa de feminicídio,1/12/2025,0
PR,SULINA,Feminicídio,1/1/2025,0
PR,SULINA,Feminicídio,1/2/2025,0
PR,SULINA,Feminicídio,1/3/2025,0
PR,SULINA,Feminicídio,1/4/2025,0
PR,SULINA,Feminicídio,1/5/2025,0
PR,SULINA,Feminicídio,1/6/2025,0
PR,SULINA,Feminicídio,1/7/2025,0
PR,SULINA,Feminicídio,1/8/2025,0
PR,SULINA,Feminicídio,1/9/2025,0
PR,SULINA,Feminicídio,1/10/2025,0
PR,SULINA,Feminicídio,1/11/2025,0
PR,SULINA,Feminicídio,1/12/2025,0
PR,SULINA,Tentativa de feminicídio,1/1/2025,0
PR,SULINA,Tentativa de feminicídio,1/2/2025,0
PR,SULINA,Tentativa de feminicídio,1/3/2025,0
PR,SULINA,Tentativa de feminicídio,1/4/2025,0
PR,SULINA,Tentativa de feminicídio,1/5/2025,0
PR,SULINA,Tentativa de feminicídio,1/6/2025,0
PR,SULINA,Tentativa de feminicídio,1/7/2025,0
PR,SULINA,Tentativa de feminicídio,1/8/2025,0
PR,SULINA,Tentativa de feminicídio,1/9/2025,0
PR,SULINA,Tentativa de feminicídio,1/10/2025,0
PR,SULINA,Tentativa de feminicídio,1/11/2025,0
PR,SULINA,Tentativa de feminicídio,1/12/2025,0
PR,SÃO CARLOS DO IVAÍ,Feminicídio,1/1/2025,0
PR,SÃO CARLOS DO IVAÍ,Feminicídio,1/2/2025,0
PR,SÃO CARLOS DO IVAÍ,Feminicídio,1/3/2025,0
PR,SÃO CARLOS DO IVAÍ,Feminicídio,1/4/2025,0
PR,SÃO CARLOS DO IVAÍ,Feminicídio,1/5/2025,0
PR,SÃO CARLOS DO IVAÍ,Feminicídio,1/6/2025,0
PR,SÃO CARLOS DO IVAÍ,Feminicídio,1/7/2025,0
PR,SÃO CARLOS DO IVAÍ,Feminicídio,1/8/2025,0
PR,SÃO CARLOS DO IVAÍ,Feminicídio,1/9/2025,0
PR,SÃO CARLOS DO IVAÍ,Feminicídio,1/10/2025,0
PR,SÃO CARLOS DO IVAÍ,Feminicídio,1/11/2025,0
PR,SÃO CARLOS DO IVAÍ,Feminicídio,1/12/2025,0
PR,SÃO CARLOS DO IVAÍ,Tentativa de feminicídio,1/1/2025,0
PR,SÃO CARLOS DO IVAÍ,Tentativa de feminicídio,1/2/2025,0
PR,SÃO CARLOS DO IVAÍ,Tentativa de feminicídio,1/3/2025,0
PR,SÃO CARLOS DO IVAÍ,Tentativa de feminicídio,1/4/2025,0
PR,SÃO CARLOS DO IVAÍ,Tentativa de feminicídio,1/5/2025,0
PR,SÃO CARLOS DO IVAÍ,Tentativa de feminicídio,1/6/2025,0
PR,SÃO CARLOS DO IVAÍ,Tentativa de feminicídio,1/7/2025,0
PR,SÃO CARLOS DO IVAÍ,Tentativa de feminicídio,1/8/2025,0
PR,SÃO CARLOS DO IVAÍ,Tentativa de feminicídio,1/9/2025,0
PR,SÃO CARLOS DO IVAÍ,Tentativa de feminicídio,1/10/2025,0
PR,SÃO CARLOS DO IVAÍ,Tentativa de feminicídio,1/11/2025,0
PR,SÃO CARLOS DO IVAÍ,Tentativa de feminicídio,1/12/2025,0
PR,SÃO JERÔNIMO DA SERRA,Feminicídio,1/1/2025,1
PR,SÃO JERÔNIMO DA SERRA,Feminicídio,1/2/2025,0
PR,SÃO JERÔNIMO DA SERRA,Feminicídio,1/3/2025,0
PR,SÃO JERÔNIMO DA SERRA,Feminicídio,1/4/2025,0
PR,SÃO JERÔNIMO DA SERRA,Feminicídio,1/5/2025,0
PR,SÃO JERÔNIMO DA SERRA,Feminicídio,1/6/2025,0
PR,SÃO JERÔNIMO DA SERRA,Feminicídio,1/7/2025,0
PR,SÃO JERÔNIMO DA SERRA,Feminicídio,1/8/2025,0
PR,SÃO JERÔNIMO DA SERRA,Feminicídio,1/9/2025,0
PR,SÃO JERÔNIMO DA SERRA,Feminicídio,1/10/2025,0
PR,SÃO JERÔNIMO DA SERRA,Feminicídio,1/11/2025,0
PR,SÃO JERÔNIMO DA SERRA,Feminicídio,1/12/2025,0
PR,SÃO JERÔNIMO DA SERRA,Tentativa de feminicídio,1/1/2025,0
PR,SÃO JERÔNIMO DA SERRA,Tentativa de feminicídio,1/2/2025,0
PR,SÃO JERÔNIMO DA SERRA,Tentativa de feminicídio,1/3/2025,0
PR,SÃO JERÔNIMO DA SERRA,Tentativa de feminicídio,1/4/2025,0
PR,SÃO JERÔNIMO DA SERRA,Tentativa de feminicídio,1/5/2025,0
PR,SÃO JERÔNIMO DA SERRA,Tentativa de feminicídio,1/6/2025,0
PR,SÃO JERÔNIMO DA SERRA,Tentativa de feminicídio,1/7/2025,0
PR,SÃO JERÔNIMO DA SERRA,Tentativa de feminicídio,1/8/2025,0
PR,SÃO JERÔNIMO DA SERRA,Tentativa de feminicídio,1/9/2025,0
PR,SÃO JERÔNIMO DA SERRA,Tentativa de feminicídio,1/10/2025,0
PR,SÃO JERÔNIMO DA SERRA,Tentativa de feminicídio,1/11/2025,0
PR,SÃO JERÔNIMO DA SERRA,Tentativa de feminicídio,1/12/2025,0
PR,SÃO JORGE D'OESTE,Feminicídio,1/1/2025,0
PR,SÃO JORGE D'OESTE,Feminicídio,1/2/2025,0
PR,SÃO JORGE D'OESTE,Feminicídio,1/3/2025,0
PR,SÃO JORGE D'OESTE,Feminicídio,1/4/2025,0
PR,SÃO JORGE D'OESTE,Feminicídio,1/5/2025,0
PR,SÃO JORGE D'OESTE,Feminicídio,1/6/2025,0
PR,SÃO JORGE D'OESTE,Feminicídio,1/7/2025,0
PR,SÃO JORGE D'OESTE,Feminicídio,1/8/2025,0
PR,SÃO JORGE D'OESTE,Feminicídio,1/9/2025,0
PR,SÃO JORGE D'OESTE,Feminicídio,1/10/2025,0
PR,SÃO JORGE D'OESTE,Feminicídio,1/11/2025,0
PR,SÃO JORGE D'OESTE,Feminicídio,1/12/2025,0
PR,SÃO JORGE D'OESTE,Tentativa de feminicídio,1/1/2025,0
PR,SÃO JORGE D'OESTE,Tentativa de feminicídio,1/2/2025,0
PR,SÃO JORGE D'OESTE,Tentativa de feminicídio,1/3/2025,0
PR,SÃO JORGE D'OESTE,Tentativa de feminicídio,1/4/2025,0
PR,SÃO JORGE D'OESTE,Tentativa de feminicídio,1/5/2025,0
PR,SÃO JORGE D'OESTE,Tentativa de feminicídio,1/6/2025,0
PR,SÃO JORGE D'OESTE,Tentativa de feminicídio,1/7/2025,0
PR,SÃO JORGE D'OESTE,Tentativa de feminicídio,1/8/2025,0
PR,SÃO JORGE D'OESTE,Tentativa de feminicídio,1/9/2025,0
PR,SÃO JORGE D'OESTE,Tentativa de feminicídio,1/10/2025,0
PR,SÃO JORGE D'OESTE,Tentativa de feminicídio,1/11/2025,0
PR,SÃO JORGE D'OESTE,Tentativa de feminicídio,1/12/2025,0
PR,SÃO JORGE DO IVAÍ,Feminicídio,1/1/2025,0
PR,SÃO JORGE DO IVAÍ,Feminicídio,1/2/2025,0
PR,SÃO JORGE DO IVAÍ,Feminicídio,1/3/2025,0
PR,SÃO JORGE DO IVAÍ,Feminicídio,1/4/2025,0
PR,SÃO JORGE DO IVAÍ,Feminicídio,1/5/2025,0
PR,SÃO JORGE DO IVAÍ,Feminicídio,1/6/2025,0
PR,SÃO JORGE DO IVAÍ,Feminicídio,1/7/2025,0
PR,SÃO JORGE DO IVAÍ,Feminicídio,1/8/2025,0
PR,SÃO JORGE DO IVAÍ,Feminicídio,1/9/2025,0
PR,SÃO JORGE DO IVAÍ,Feminicídio,1/10/2025,0
PR,SÃO JORGE DO IVAÍ,Feminicídio,1/11/2025,0
PR,SÃO JORGE DO IVAÍ,Feminicídio,1/12/2025,0
PR,SÃO JORGE DO IVAÍ,Tentativa de feminicídio,1/1/2025,0
PR,SÃO JORGE DO IVAÍ,Tentativa de feminicídio,1/2/2025,0
PR,SÃO JORGE DO IVAÍ,Tentativa de feminicídio,1/3/2025,0
PR,SÃO JORGE DO IVAÍ,Tentativa de feminicídio,1/4/2025,0
PR,SÃO JORGE DO IVAÍ,Tentativa de feminicídio,1/5/2025,0
PR,SÃO JORGE DO IVAÍ,Tentativa de feminicídio,1/6/2025,0
PR,SÃO JORGE DO IVAÍ,Tentativa de feminicídio,1/7/2025,0
PR,SÃO JORGE DO IVAÍ,Tentativa de feminicídio,1/8/2025,0
PR,SÃO JORGE DO IVAÍ,Tentativa de feminicídio,1/9/2025,0
PR,SÃO JORGE DO IVAÍ,Tentativa de feminicídio,1/10/2025,0
PR,SÃO JORGE DO IVAÍ,Tentativa de feminicídio,1/11/2025,0
PR,SÃO JORGE DO IVAÍ,Tentativa de feminicídio,1/12/2025,0
PR,SÃO JORGE DO PATROCÍNIO,Feminicídio,1/1/2025,0
PR,SÃO JORGE DO PATROCÍNIO,Feminicídio,1/2/2025,0
PR,SÃO JORGE DO PATROCÍNIO,Feminicídio,1/3/2025,0
PR,SÃO JORGE DO PATROCÍNIO,Feminicídio,1/4/2025,0
PR,SÃO JORGE DO PATROCÍNIO,Feminicídio,1/5/2025,0
PR,SÃO JORGE DO PATROCÍNIO,Feminicídio,1/6/2025,0
PR,SÃO JORGE DO PATROCÍNIO,Feminicídio,1/7/2025,0
PR,SÃO JORGE DO PATROCÍNIO,Feminicídio,1/8/2025,0
PR,SÃO JORGE DO PATROCÍNIO,Feminicídio,1/9/2025,0
PR,SÃO JORGE DO PATROCÍNIO,Feminicídio,1/10/2025,0
PR,SÃO JORGE DO PATROCÍNIO,Feminicídio,1/11/2025,0
PR,SÃO JORGE DO PATROCÍNIO,Feminicídio,1/12/2025,0
PR,SÃO JORGE DO PATROCÍNIO,Tentativa de feminicídio,1/1/2025,0
PR,SÃO JORGE DO PATROCÍNIO,Tentativa de feminicídio,1/2/2025,0
PR,SÃO JORGE DO PATROCÍNIO,Tentativa de feminicídio,1/3/2025,0
PR,SÃO JORGE DO PATROCÍNIO,Tentativa de feminicídio,1/4/2025,0
PR,SÃO JORGE DO PATROCÍNIO,Tentativa de feminicídio,1/5/2025,0
PR,SÃO JORGE DO PATROCÍNIO,Tentativa de feminicídio,1/6/2025,0
PR,SÃO JORGE DO PATROCÍNIO,Tentativa de feminicídio,1/7/2025,0
PR,SÃO JORGE DO PATROCÍNIO,Tentativa de feminicídio,1/8/2025,0
PR,SÃO JORGE DO PATROCÍNIO,Tentativa de feminicídio,1/9/2025,0
PR,SÃO JORGE DO PATROCÍNIO,Tentativa de feminicídio,1/10/2025,0
PR,SÃO JORGE DO PATROCÍNIO,Tentativa de feminicídio,1/11/2025,0
PR,SÃO JORGE DO PATROCÍNIO,Tentativa de feminicídio,1/12/2025,0
PR,SÃO JOSÉ DA BOA VISTA,Feminicídio,1/1/2025,0
PR,SÃO JOSÉ DA BOA VISTA,Feminicídio,1/2/2025,0
PR,SÃO JOSÉ DA BOA VISTA,Feminicídio,1/3/2025,0
PR,SÃO JOSÉ DA BOA VISTA,Feminicídio,1/4/2025,0
PR,SÃO JOSÉ DA BOA VISTA,Feminicídio,1/5/2025,0
PR,SÃO JOSÉ DA BOA VISTA,Feminicídio,1/6/2025,0
PR,SÃO JOSÉ DA BOA VISTA,Feminicídio,1/7/2025,0
PR,SÃO JOSÉ DA BOA VISTA,Feminicídio,1/8/2025,0
PR,SÃO JOSÉ DA BOA VISTA,Feminicídio,1/9/2025,0
PR,SÃO JOSÉ DA BOA VISTA,Feminicídio,1/10/2025,0
PR,SÃO JOSÉ DA BOA VISTA,Feminicídio,1/11/2025,0
PR,SÃO JOSÉ DA BOA VISTA,Feminicídio,1/12/2025,0
PR,SÃO JOSÉ DA BOA VISTA,Tentativa de feminicídio,1/1/2025,0
PR,SÃO JOSÉ DA BOA VISTA,Tentativa de feminicídio,1/2/2025,0
PR,SÃO JOSÉ DA BOA VISTA,Tentativa de feminicídio,1/3/2025,0
PR,SÃO JOSÉ DA BOA VISTA,Tentativa de feminicídio,1/4/2025,0
PR,SÃO JOSÉ DA BOA VISTA,Tentativa de feminicídio,1/5/2025,0
PR,SÃO JOSÉ DA BOA VISTA,Tentativa de feminicídio,1/6/2025,0
PR,SÃO JOSÉ DA BOA VISTA,Tentativa de feminicídio,1/7/2025,0
PR,SÃO JOSÉ DA BOA VISTA,Tentativa de feminicídio,1/8/2025,0
PR,SÃO JOSÉ DA BOA VISTA,Tentativa de feminicídio,1/9/2025,0
PR,SÃO JOSÉ DA BOA VISTA,Tentativa de feminicídio,1/10/2025,0
PR,SÃO JOSÉ DA BOA VISTA,Tentativa de feminicídio,1/11/2025,0
PR,SÃO JOSÉ DA BOA VISTA,Tentativa de feminicídio,1/12/2025,0
PR,SÃO JOSÉ DAS PALMEIRAS,Feminicídio,1/1/2025,1
PR,SÃO JOSÉ DAS PALMEIRAS,Feminicídio,1/2/2025,0
PR,SÃO JOSÉ DAS PALMEIRAS,Feminicídio,1/3/2025,0
PR,SÃO JOSÉ DAS PALMEIRAS,Feminicídio,1/4/2025,0
PR,SÃO JOSÉ DAS PALMEIRAS,Feminicídio,1/5/2025,0
PR,SÃO JOSÉ DAS PALMEIRAS,Feminicídio,1/6/2025,0
PR,SÃO JOSÉ DAS PALMEIRAS,Feminicídio,1/7/2025,0
PR,SÃO JOSÉ DAS PALMEIRAS,Feminicídio,1/8/2025,0
PR,SÃO JOSÉ DAS PALMEIRAS,Feminicídio,1/9/2025,0
PR,SÃO JOSÉ DAS PALMEIRAS,Feminicídio,1/10/2025,0
PR,SÃO JOSÉ DAS PALMEIRAS,Feminicídio,1/11/2025,0
PR,SÃO JOSÉ DAS PALMEIRAS,Feminicídio,1/12/2025,0
PR,SÃO JOSÉ DAS PALMEIRAS,Tentativa de feminicídio,1/1/2025,1
PR,SÃO JOSÉ DAS PALMEIRAS,Tentativa de feminicídio,1/2/2025,0
PR,SÃO JOSÉ DAS PALMEIRAS,Tentativa de feminicídio,1/3/2025,0
PR,SÃO JOSÉ DAS PALMEIRAS,Tentativa de feminicídio,1/4/2025,0
PR,SÃO JOSÉ DAS PALMEIRAS,Tentativa de feminicídio,1/5/2025,0
PR,SÃO JOSÉ DAS PALMEIRAS,Tentativa de feminicídio,1/6/2025,0
PR,SÃO JOSÉ DAS PALMEIRAS,Tentativa de feminicídio,1/7/2025,0
PR,SÃO JOSÉ DAS PALMEIRAS,Tentativa de feminicídio,1/8/2025,0
PR,SÃO JOSÉ DAS PALMEIRAS,Tentativa de feminicídio,1/9/2025,0
PR,SÃO JOSÉ DAS PALMEIRAS,Tentativa de feminicídio,1/10/2025,0
PR,SÃO JOSÉ DAS PALMEIRAS,Tentativa de feminicídio,1/11/2025,0
PR,SÃO JOSÉ DAS PALMEIRAS,Tentativa de feminicídio,1/12/2025,0
PR,SÃO JOSÉ DOS PINHAIS,Feminicídio,1/1/2025,0
PR,SÃO JOSÉ DOS PINHAIS,Feminicídio,1/2/2025,1
PR,SÃO JOSÉ DOS PINHAIS,Feminicídio,1/3/2025,0
PR,SÃO JOSÉ DOS PINHAIS,Feminicídio,1/4/2025,0
PR,SÃO JOSÉ DOS PINHAIS,Feminicídio,1/5/2025,0
PR,SÃO JOSÉ DOS PINHAIS,Feminicídio,1/6/2025,1
PR,SÃO JOSÉ DOS PINHAIS,Feminicídio,1/7/2025,0
PR,SÃO JOSÉ DOS PINHAIS,Feminicídio,1/8/2025,1
PR,SÃO JOSÉ DOS PINHAIS,Feminicídio,1/9/2025,0
PR,SÃO JOSÉ DOS PINHAIS,Feminicídio,1/10/2025,0
PR,SÃO JOSÉ DOS PINHAIS,Feminicídio,1/11/2025,0
PR,SÃO JOSÉ DOS PINHAIS,Feminicídio,1/12/2025,0
PR,SÃO JOSÉ DOS PINHAIS,Tentativa de feminicídio,1/1/2025,0
PR,SÃO JOSÉ DOS PINHAIS,Tentativa de feminicídio,1/2/2025,2
PR,SÃO JOSÉ DOS PINHAIS,Tentativa de feminicídio,1/3/2025,0
PR,SÃO JOSÉ DOS PINHAIS,Tentativa de feminicídio,1/4/2025,0
PR,SÃO JOSÉ DOS PINHAIS,Tentativa de feminicídio,1/5/2025,1
PR,SÃO JOSÉ DOS PINHAIS,Tentativa de feminicídio,1/6/2025,0
PR,SÃO JOSÉ DOS PINHAIS,Tentativa de feminicídio,1/7/2025,0
PR,SÃO JOSÉ DOS PINHAIS,Tentativa de feminicídio,1/8/2025,0
PR,SÃO JOSÉ DOS PINHAIS,Tentativa de feminicídio,1/9/2025,0
PR,SÃO JOSÉ DOS PINHAIS,Tentativa de feminicídio,1/10/2025,0
PR,SÃO JOSÉ DOS PINHAIS,Tentativa de feminicídio,1/11/2025,0
PR,SÃO JOSÉ DOS PINHAIS,Tentativa de feminicídio,1/12/2025,0
PR,SÃO JOÃO,Feminicídio,1/1/2025,0
PR,SÃO JOÃO,Feminicídio,1/2/2025,0
PR,SÃO JOÃO,Feminicídio,1/3/2025,0
PR,SÃO JOÃO,Feminicídio,1/4/2025,0
PR,SÃO JOÃO,Feminicídio,1/5/2025,0
PR,SÃO JOÃO,Feminicídio,1/6/2025,0
PR,SÃO JOÃO,Feminicídio,1/7/2025,0
PR,SÃO JOÃO,Feminicídio,1/8/2025,0
PR,SÃO JOÃO,Feminicídio,1/9/2025,0
PR,SÃO JOÃO,Feminicídio,1/10/2025,0
PR,SÃO JOÃO,Feminicídio,1/11/2025,0
PR,SÃO JOÃO,Feminicídio,1/12/2025,0
PR,SÃO JOÃO,Tentativa de feminicídio,1/1/2025,0
PR,SÃO JOÃO,Tentativa de feminicídio,1/2/2025,0
PR,SÃO JOÃO,Tentativa de feminicídio,1/3/2025,0
PR,SÃO JOÃO,Tentativa de feminicídio,1/4/2025,0
PR,SÃO JOÃO,Tentativa de feminicídio,1/5/2025,0
PR,SÃO JOÃO,Tentativa de feminicídio,1/6/2025,0
PR,SÃO JOÃO,Tentativa de feminicídio,1/7/2025,0
PR,SÃO JOÃO,Tentativa de feminicídio,1/8/2025,0
PR,SÃO JOÃO,Tentativa de feminicídio,1/9/2025,0
PR,SÃO JOÃO,Tentativa de feminicídio,1/10/2025,0
PR,SÃO JOÃO,Tentativa de feminicídio,1/11/2025,0
PR,SÃO JOÃO,Tentativa de feminicídio,1/12/2025,0
PR,SÃO JOÃO DO CAIUÁ,Feminicídio,1/1/2025,0
PR,SÃO JOÃO DO CAIUÁ,Feminicídio,1/2/2025,0
PR,SÃO JOÃO DO CAIUÁ,Feminicídio,1/3/2025,0
PR,SÃO JOÃO DO CAIUÁ,Feminicídio,1/4/2025,0
PR,SÃO JOÃO DO CAIUÁ,Feminicídio,1/5/2025,0
PR,SÃO JOÃO DO CAIUÁ,Feminicídio,1/6/2025,0
PR,SÃO JOÃO DO CAIUÁ,Feminicídio,1/7/2025,0
PR,SÃO JOÃO DO CAIUÁ,Feminicídio,1/8/2025,0
PR,SÃO JOÃO DO CAIUÁ,Feminicídio,1/9/2025,0
PR,SÃO JOÃO DO CAIUÁ,Feminicídio,1/10/2025,0
PR,SÃO JOÃO DO CAIUÁ,Feminicídio,1/11/2025,0
PR,SÃO JOÃO DO CAIUÁ,Feminicídio,1/12/2025,0
PR,SÃO JOÃO DO CAIUÁ,Tentativa de feminicídio,1/1/2025,0
PR,SÃO JOÃO DO CAIUÁ,Tentativa de feminicídio,1/2/2025,0
PR,SÃO JOÃO DO CAIUÁ,Tentativa de feminicídio,1/3/2025,0
PR,SÃO JOÃO DO CAIUÁ,Tentativa de feminicídio,1/4/2025,0
PR,SÃO JOÃO DO CAIUÁ,Tentativa de feminicídio,1/5/2025,0
PR,SÃO JOÃO DO CAIUÁ,Tentativa de feminicídio,1/6/2025,2
PR,SÃO JOÃO DO CAIUÁ,Tentativa de feminicídio,1/7/2025,0
PR,SÃO JOÃO DO CAIUÁ,Tentativa de feminicídio,1/8/2025,0
PR,SÃO JOÃO DO CAIUÁ,Tentativa de feminicídio,1/9/2025,0
PR,SÃO JOÃO DO CAIUÁ,Tentativa de feminicídio,1/10/2025,0
PR,SÃO JOÃO DO CAIUÁ,Tentativa de feminicídio,1/11/2025,0
PR,SÃO JOÃO DO CAIUÁ,Tentativa de feminicídio,1/12/2025,0
PR,SÃO JOÃO DO IVAÍ,Feminicídio,1/1/2025,0
PR,SÃO JOÃO DO IVAÍ,Feminicídio,1/2/2025,0
PR,SÃO JOÃO DO IVAÍ,Feminicídio,1/3/2025,0
PR,SÃO JOÃO DO IVAÍ,Feminicídio,1/4/2025,0
PR,SÃO JOÃO DO IVAÍ,Feminicídio,1/5/2025,0
PR,SÃO JOÃO DO IVAÍ,Feminicídio,1/6/2025,0
PR,SÃO JOÃO DO IVAÍ,Feminicídio,1/7/2025,0
PR,SÃO JOÃO DO IVAÍ,Feminicídio,1/8/2025,0
PR,SÃO JOÃO DO IVAÍ,Feminicídio,1/9/2025,0
PR,SÃO JOÃO DO IVAÍ,Feminicídio,1/10/2025,0
PR,SÃO JOÃO DO IVAÍ,Feminicídio,1/11/2025,0
PR,SÃO JOÃO DO IVAÍ,Feminicídio,1/12/2025,0
PR,SÃO JOÃO DO IVAÍ,Tentativa de feminicídio,1/1/2025,0
PR,SÃO JOÃO DO IVAÍ,Tentativa de feminicídio,1/2/2025,0
PR,SÃO JOÃO DO IVAÍ,Tentativa de feminicídio,1/3/2025,0
PR,SÃO JOÃO DO IVAÍ,Tentativa de feminicídio,1/4/2025,0
PR,SÃO JOÃO DO IVAÍ,Tentativa de feminicídio,1/5/2025,0
PR,SÃO JOÃO DO IVAÍ,Tentativa de feminicídio,1/6/2025,0
PR,SÃO JOÃO DO IVAÍ,Tentativa de feminicídio,1/7/2025,0
PR,SÃO JOÃO DO IVAÍ,Tentativa de feminicídio,1/8/2025,0
PR,SÃO JOÃO DO IVAÍ,Tentativa de feminicídio,1/9/2025,0
PR,SÃO JOÃO DO IVAÍ,Tentativa de feminicídio,1/10/2025,0
PR,SÃO JOÃO DO IVAÍ,Tentativa de feminicídio,1/11/2025,0
PR,SÃO JOÃO DO IVAÍ,Tentativa de feminicídio,1/12/2025,0
PR,SÃO JOÃO DO TRIUNFO,Feminicídio,1/1/2025,0
PR,SÃO JOÃO DO TRIUNFO,Feminicídio,1/2/2025,0
PR,SÃO JOÃO DO TRIUNFO,Feminicídio,1/3/2025,0
PR,SÃO JOÃO DO TRIUNFO,Feminicídio,1/4/2025,0
PR,SÃO JOÃO DO TRIUNFO,Feminicídio,1/5/2025,0
PR,SÃO JOÃO DO TRIUNFO,Feminicídio,1/6/2025,0
PR,SÃO JOÃO DO TRIUNFO,Feminicídio,1/7/2025,0
PR,SÃO JOÃO DO TRIUNFO,Feminicídio,1/8/2025,0
PR,SÃO JOÃO DO TRIUNFO,Feminicídio,1/9/2025,0
PR,SÃO JOÃO DO TRIUNFO,Feminicídio,1/10/2025,0
PR,SÃO JOÃO DO TRIUNFO,Feminicídio,1/11/2025,0
PR,SÃO JOÃO DO TRIUNFO,Feminicídio,1/12/2025,0
PR,SÃO JOÃO DO TRIUNFO,Tentativa de feminicídio,1/1/2025,0
PR,SÃO JOÃO DO TRIUNFO,Tentativa de feminicídio,1/2/2025,0
PR,SÃO JOÃO DO TRIUNFO,Tentativa de feminicídio,1/3/2025,0
PR,SÃO JOÃO DO TRIUNFO,Tentativa de feminicídio,1/4/2025,0
PR,SÃO JOÃO DO TRIUNFO,Tentativa de feminicídio,1/5/2025,0
PR,SÃO JOÃO DO TRIUNFO,Tentativa de feminicídio,1/6/2025,0
PR,SÃO JOÃO DO TRIUNFO,Tentativa de feminicídio,1/7/2025,0
PR,SÃO JOÃO DO TRIUNFO,Tentativa de feminicídio,1/8/2025,0
PR,SÃO JOÃO DO TRIUNFO,Tentativa de feminicídio,1/9/2025,0
PR,SÃO JOÃO DO TRIUNFO,Tentativa de feminicídio,1/10/2025,0
PR,SÃO JOÃO DO TRIUNFO,Tentativa de feminicídio,1/11/2025,0
PR,SÃO JOÃO DO TRIUNFO,Tentativa de feminicídio,1/12/2025,0
PR,SÃO MANOEL DO PARANÁ,Feminicídio,1/1/2025,0
PR,SÃO MANOEL DO PARANÁ,Feminicídio,1/2/2025,0
PR,SÃO MANOEL DO PARANÁ,Feminicídio,1/3/2025,0
PR,SÃO MANOEL DO PARANÁ,Feminicídio,1/4/2025,0
PR,SÃO MANOEL DO PARANÁ,Feminicídio,1/5/2025,0
PR,SÃO MANOEL DO PARANÁ,Feminicídio,1/6/2025,0
PR,SÃO MANOEL DO PARANÁ,Feminicídio,1/7/2025,0
PR,SÃO MANOEL DO PARANÁ,Feminicídio,1/8/2025,0
PR,SÃO MANOEL DO PARANÁ,Feminicídio,1/9/2025,0
PR,SÃO MANOEL DO PARANÁ,Feminicídio,1/10/2025,0
PR,SÃO MANOEL DO PARANÁ,Feminicídio,1/11/2025,0
PR,SÃO MANOEL DO PARANÁ,Feminicídio,1/12/2025,0
PR,SÃO MANOEL DO PARANÁ,Tentativa de feminicídio,1/1/2025,0
PR,SÃO MANOEL DO PARANÁ,Tentativa de feminicídio,1/2/2025,0
PR,SÃO MANOEL DO PARANÁ,Tentativa de feminicídio,1/3/2025,0
PR,SÃO MANOEL DO PARANÁ,Tentativa de feminicídio,1/4/2025,0
PR,SÃO MANOEL DO PARANÁ,Tentativa de feminicídio,1/5/2025,0
PR,SÃO MANOEL DO PARANÁ,Tentativa de feminicídio,1/6/2025,0
PR,SÃO MANOEL DO PARANÁ,Tentativa de feminicídio,1/7/2025,0
PR,SÃO MANOEL DO PARANÁ,Tentativa de feminicídio,1/8/2025,0
PR,SÃO MANOEL DO PARANÁ,Tentativa de feminicídio,1/9/2025,0
PR,SÃO MANOEL DO PARANÁ,Tentativa de feminicídio,1/10/2025,0
PR,SÃO MANOEL DO PARANÁ,Tentativa de feminicídio,1/11/2025,0
PR,SÃO MANOEL DO PARANÁ,Tentativa de feminicídio,1/12/2025,0
PR,SÃO MATEUS DO SUL,Feminicídio,1/1/2025,0
PR,SÃO MATEUS DO SUL,Feminicídio,1/2/2025,1
PR,SÃO MATEUS DO SUL,Feminicídio,1/3/2025,0
PR,SÃO MATEUS DO SUL,Feminicídio,1/4/2025,0
PR,SÃO MATEUS DO SUL,Feminicídio,1/5/2025,0
PR,SÃO MATEUS DO SUL,Feminicídio,1/6/2025,0
PR,SÃO MATEUS DO SUL,Feminicídio,1/7/2025,0
PR,SÃO MATEUS DO SUL,Feminicídio,1/8/2025,0
PR,SÃO MATEUS DO SUL,Feminicídio,1/9/2025,0
PR,SÃO MATEUS DO SUL,Feminicídio,1/10/2025,0
PR,SÃO MATEUS DO SUL,Feminicídio,1/11/2025,0
PR,SÃO MATEUS DO SUL,Feminicídio,1/12/2025,0
PR,SÃO MATEUS DO SUL,Tentativa de feminicídio,1/1/2025,0
PR,SÃO MATEUS DO SUL,Tentativa de feminicídio,1/2/2025,0
PR,SÃO MATEUS DO SUL,Tentativa de feminicídio,1/3/2025,0
PR,SÃO MATEUS DO SUL,Tentativa de feminicídio,1/4/2025,0
PR,SÃO MATEUS DO SUL,Tentativa de feminicídio,1/5/2025,0
PR,SÃO MATEUS DO SUL,Tentativa de feminicídio,1/6/2025,0
PR,SÃO MATEUS DO SUL,Tentativa de feminicídio,1/7/2025,0
PR,SÃO MATEUS DO SUL,Tentativa de feminicídio,1/8/2025,0
PR,SÃO MATEUS DO SUL,Tentativa de feminicídio,1/9/2025,0
PR,SÃO MATEUS DO SUL,Tentativa de feminicídio,1/10/2025,0
PR,SÃO MATEUS DO SUL,Tentativa de feminicídio,1/11/2025,0
PR,SÃO MATEUS DO SUL,Tentativa de feminicídio,1/12/2025,0
PR,SÃO MIGUEL DO IGUAÇU,Feminicídio,1/1/2025,0
PR,SÃO MIGUEL DO IGUAÇU,Feminicídio,1/2/2025,0
PR,SÃO MIGUEL DO IGUAÇU,Feminicídio,1/3/2025,0
PR,SÃO MIGUEL DO IGUAÇU,Feminicídio,1/4/2025,0
PR,SÃO MIGUEL DO IGUAÇU,Feminicídio,1/5/2025,0
PR,SÃO MIGUEL DO IGUAÇU,Feminicídio,1/6/2025,0
PR,SÃO MIGUEL DO IGUAÇU,Feminicídio,1/7/2025,0
PR,SÃO MIGUEL DO IGUAÇU,Feminicídio,1/8/2025,0
PR,SÃO MIGUEL DO IGUAÇU,Feminicídio,1/9/2025,1
PR,SÃO MIGUEL DO IGUAÇU,Feminicídio,1/10/2025,0
PR,SÃO MIGUEL DO IGUAÇU,Feminicídio,1/11/2025,0
PR,SÃO MIGUEL DO IGUAÇU,Feminicídio,1/12/2025,0
PR,SÃO MIGUEL DO IGUAÇU,Tentativa de feminicídio,1/1/2025,0
PR,SÃO MIGUEL DO IGUAÇU,Tentativa de feminicídio,1/2/2025,0
PR,SÃO MIGUEL DO IGUAÇU,Tentativa de feminicídio,1/3/2025,0
PR,SÃO MIGUEL DO IGUAÇU,Tentativa de feminicídio,1/4/2025,0
PR,SÃO MIGUEL DO IGUAÇU,Tentativa de feminicídio,1/5/2025,0
PR,SÃO MIGUEL DO IGUAÇU,Tentativa de feminicídio,1/6/2025,0
PR,SÃO MIGUEL DO IGUAÇU,Tentativa de feminicídio,1/7/2025,0
PR,SÃO MIGUEL DO IGUAÇU,Tentativa de feminicídio,1/8/2025,0
PR,SÃO MIGUEL DO IGUAÇU,Tentativa de feminicídio,1/9/2025,0
PR,SÃO MIGUEL DO IGUAÇU,Tentativa de feminicídio,1/10/2025,0
PR,SÃO MIGUEL DO IGUAÇU,Tentativa de feminicídio,1/11/2025,0
PR,SÃO MIGUEL DO IGUAÇU,Tentativa de feminicídio,1/12/2025,0
PR,SÃO PEDRO DO IGUAÇU,Feminicídio,1/1/2025,0
PR,SÃO PEDRO DO IGUAÇU,Feminicídio,1/2/2025,0
PR,SÃO PEDRO DO IGUAÇU,Feminicídio,1/3/2025,0
PR,SÃO PEDRO DO IGUAÇU,Feminicídio,1/4/2025,0
PR,SÃO PEDRO DO IGUAÇU,Feminicídio,1/5/2025,0
PR,SÃO PEDRO DO IGUAÇU,Feminicídio,1/6/2025,0
PR,SÃO PEDRO DO IGUAÇU,Feminicídio,1/7/2025,0
PR,SÃO PEDRO DO IGUAÇU,Feminicídio,1/8/2025,0
PR,SÃO PEDRO DO IGUAÇU,Feminicídio,1/9/2025,0
PR,SÃO PEDRO DO IGUAÇU,Feminicídio,1/10/2025,0
PR,SÃO PEDRO DO IGUAÇU,Feminicídio,1/11/2025,0
PR,SÃO PEDRO DO IGUAÇU,Feminicídio,1/12/2025,0
PR,SÃO PEDRO DO IGUAÇU,Tentativa de feminicídio,1/1/2025,0
PR,SÃO PEDRO DO IGUAÇU,Tentativa de feminicídio,1/2/2025,0
PR,SÃO PEDRO DO IGUAÇU,Tentativa de feminicídio,1/3/2025,0
PR,SÃO PEDRO DO IGUAÇU,Tentativa de feminicídio,1/4/2025,0
PR,SÃO PEDRO DO IGUAÇU,Tentativa de feminicídio,1/5/2025,0
PR,SÃO PEDRO DO IGUAÇU,Tentativa de feminicídio,1/6/2025,0
PR,SÃO PEDRO DO IGUAÇU,Tentativa de feminicídio,1/7/2025,1
PR,SÃO PEDRO DO IGUAÇU,Tentativa de feminicídio,1/8/2025,0
PR,SÃO PEDRO DO IGUAÇU,Tentativa de feminicídio,1/9/2025,0
PR,SÃO PEDRO DO IGUAÇU,Tentativa de feminicídio,1/10/2025,0
PR,SÃO PEDRO DO IGUAÇU,Tentativa de feminicídio,1/11/2025,0
PR,SÃO PEDRO DO IGUAÇU,Tentativa de feminicídio,1/12/2025,0
PR,SÃO PEDRO DO IVAÍ,Feminicídio,1/1/2025,0
PR,SÃO PEDRO DO IVAÍ,Feminicídio,1/2/2025,0
PR,SÃO PEDRO DO IVAÍ,Feminicídio,1/3/2025,0
PR,SÃO PEDRO DO IVAÍ,Feminicídio,1/4/2025,0
PR,SÃO PEDRO DO IVAÍ,Feminicídio,1/5/2025,0
PR,SÃO PEDRO DO IVAÍ,Feminicídio,1/6/2025,0
PR,SÃO PEDRO DO IVAÍ,Feminicídio,1/7/2025,0
PR,SÃO PEDRO DO IVAÍ,Feminicídio,1/8/2025,0
PR,SÃO PEDRO DO IVAÍ,Feminicídio,1/9/2025,0
PR,SÃO PEDRO DO IVAÍ,Feminicídio,1/10/2025,0
PR,SÃO PEDRO DO IVAÍ,Feminicídio,1/11/2025,0
PR,SÃO PEDRO DO IVAÍ,Feminicídio,1/12/2025,0
PR,SÃO PEDRO DO IVAÍ,Tentativa de feminicídio,1/1/2025,0
PR,SÃO PEDRO DO IVAÍ,Tentativa de feminicídio,1/2/2025,0
PR,SÃO PEDRO DO IVAÍ,Tentativa de feminicídio,1/3/2025,0
PR,SÃO PEDRO DO IVAÍ,Tentativa de feminicídio,1/4/2025,0
PR,SÃO PEDRO DO IVAÍ,Tentativa de feminicídio,1/5/2025,0
PR,SÃO PEDRO DO IVAÍ,Tentativa de feminicídio,1/6/2025,0
PR,SÃO PEDRO DO IVAÍ,Tentativa de feminicídio,1/7/2025,0
PR,SÃO PEDRO DO IVAÍ,Tentativa de feminicídio,1/8/2025,0
PR,SÃO PEDRO DO IVAÍ,Tentativa de feminicídio,1/9/2025,0
PR,SÃO PEDRO DO IVAÍ,Tentativa de feminicídio,1/10/2025,0
PR,SÃO PEDRO DO IVAÍ,Tentativa de feminicídio,1/11/2025,0
PR,SÃO PEDRO DO IVAÍ,Tentativa de feminicídio,1/12/2025,0
PR,SÃO PEDRO DO PARANÁ,Feminicídio,1/1/2025,0
PR,SÃO PEDRO DO PARANÁ,Feminicídio,1/2/2025,0
PR,SÃO PEDRO DO PARANÁ,Feminicídio,1/3/2025,0
PR,SÃO PEDRO DO PARANÁ,Feminicídio,1/4/2025,0
PR,SÃO PEDRO DO PARANÁ,Feminicídio,1/5/2025,0
PR,SÃO PEDRO DO PARANÁ,Feminicídio,1/6/2025,0
PR,SÃO PEDRO DO PARANÁ,Feminicídio,1/7/2025,0
PR,SÃO PEDRO DO PARANÁ,Feminicídio,1/8/2025,0
PR,SÃO PEDRO DO PARANÁ,Feminicídio,1/9/2025,0
PR,SÃO PEDRO DO PARANÁ,Feminicídio,1/10/2025,0
PR,SÃO PEDRO DO PARANÁ,Feminicídio,1/11/2025,0
PR,SÃO PEDRO DO PARANÁ,Feminicídio,1/12/2025,0
PR,SÃO PEDRO DO PARANÁ,Tentativa de feminicídio,1/1/2025,0
PR,SÃO PEDRO DO PARANÁ,Tentativa de feminicídio,1/2/2025,0
PR,SÃO PEDRO DO PARANÁ,Tentativa de feminicídio,1/3/2025,0
PR,SÃO PEDRO DO PARANÁ,Tentativa de feminicídio,1/4/2025,0
PR,SÃO PEDRO DO PARANÁ,Tentativa de feminicídio,1/5/2025,0
PR,SÃO PEDRO DO PARANÁ,Tentativa de feminicídio,1/6/2025,0
PR,SÃO PEDRO DO PARANÁ,Tentativa de feminicídio,1/7/2025,0
PR,SÃO PEDRO DO PARANÁ,Tentativa de feminicídio,1/8/2025,0
PR,SÃO PEDRO DO PARANÁ,Tentativa de feminicídio,1/9/2025,0
PR,SÃO PEDRO DO PARANÁ,Tentativa de feminicídio,1/10/2025,0
PR,SÃO PEDRO DO PARANÁ,Tentativa de feminicídio,1/11/2025,0
PR,SÃO PEDRO DO PARANÁ,Tentativa de feminicídio,1/12/2025,0
PR,SÃO SEBASTIÃO DA AMOREIRA,Feminicídio,1/1/2025,0
PR,SÃO SEBASTIÃO DA AMOREIRA,Feminicídio,1/2/2025,0
PR,SÃO SEBASTIÃO DA AMOREIRA,Feminicídio,1/3/2025,0
PR,SÃO SEBASTIÃO DA AMOREIRA,Feminicídio,1/4/2025,0
PR,SÃO SEBASTIÃO DA AMOREIRA,Feminicídio,1/5/2025,0
PR,SÃO SEBASTIÃO DA AMOREIRA,Feminicídio,1/6/2025,0
PR,SÃO SEBASTIÃO DA AMOREIRA,Feminicídio,1/7/2025,0
PR,SÃO SEBASTIÃO DA AMOREIRA,Feminicídio,1/8/2025,0
PR,SÃO SEBASTIÃO DA AMOREIRA,Feminicídio,1/9/2025,0
PR,SÃO SEBASTIÃO DA AMOREIRA,Feminicídio,1/10/2025,0
PR,SÃO SEBASTIÃO DA AMOREIRA,Feminicídio,1/11/2025,0
PR,SÃO SEBASTIÃO DA AMOREIRA,Feminicídio,1/12/2025,0
PR,SÃO SEBASTIÃO DA AMOREIRA,Tentativa de feminicídio,1/1/2025,0
PR,SÃO SEBASTIÃO DA AMOREIRA,Tentativa de feminicídio,1/2/2025,0
PR,SÃO SEBASTIÃO DA AMOREIRA,Tentativa de feminicídio,1/3/2025,0
PR,SÃO SEBASTIÃO DA AMOREIRA,Tentativa de feminicídio,1/4/2025,0
PR,SÃO SEBASTIÃO DA AMOREIRA,Tentativa de feminicídio,1/5/2025,0
PR,SÃO SEBASTIÃO DA AMOREIRA,Tentativa de feminicídio,1/6/2025,0
PR,SÃO SEBASTIÃO DA AMOREIRA,Tentativa de feminicídio,1/7/2025,0
PR,SÃO SEBASTIÃO DA AMOREIRA,Tentativa de feminicídio,1/8/2025,0
PR,SÃO SEBASTIÃO DA AMOREIRA,Tentativa de feminicídio,1/9/2025,0
PR,SÃO SEBASTIÃO DA AMOREIRA,Tentativa de feminicídio,1/10/2025,0
PR,SÃO SEBASTIÃO DA AMOREIRA,Tentativa de feminicídio,1/11/2025,0
PR,SÃO SEBASTIÃO DA AMOREIRA,Tentativa de feminicídio,1/12/2025,0
PR,SÃO TOMÉ,Feminicídio,1/1/2025,0
PR,SÃO TOMÉ,Feminicídio,1/2/2025,0
PR,SÃO TOMÉ,Feminicídio,1/3/2025,0
PR,SÃO TOMÉ,Feminicídio,1/4/2025,0
PR,SÃO TOMÉ,Feminicídio,1/5/2025,0
PR,SÃO TOMÉ,Feminicídio,1/6/2025,0
PR,SÃO TOMÉ,Feminicídio,1/7/2025,0
PR,SÃO TOMÉ,Feminicídio,1/8/2025,0
PR,SÃO TOMÉ,Feminicídio,1/9/2025,0
PR,SÃO TOMÉ,Feminicídio,1/10/2025,0
PR,SÃO TOMÉ,Feminicídio,1/11/2025,0
PR,SÃO TOMÉ,Feminicídio,1/12/2025,0
PR,SÃO TOMÉ,Tentativa de feminicídio,1/1/2025,0
PR,SÃO TOMÉ,Tentativa de feminicídio,1/2/2025,0
PR,SÃO TOMÉ,Tentativa de feminicídio,1/3/2025,0
PR,SÃO TOMÉ,Tentativa de feminicídio,1/4/2025,0
PR,SÃO TOMÉ,Tentativa de feminicídio,1/5/2025,0
PR,SÃO TOMÉ,Tentativa de feminicídio,1/6/2025,0
PR,SÃO TOMÉ,Tentativa de feminicídio,1/7/2025,0
PR,SÃO TOMÉ,Tentativa de feminicídio,1/8/2025,0
PR,SÃO TOMÉ,Tentativa de feminicídio,1/9/2025,0
PR,SÃO TOMÉ,Tentativa de feminicídio,1/10/2025,0
PR,SÃO TOMÉ,Tentativa de feminicídio,1/11/2025,0
PR,SÃO TOMÉ,Tentativa de feminicídio,1/12/2025,0
PR,TAMARANA,Feminicídio,1/1/2025,0
PR,TAMARANA,Feminicídio,1/2/2025,0
PR,TAMARANA,Feminicídio,1/3/2025,0
PR,TAMARANA,Feminicídio,1/4/2025,0
PR,TAMARANA,Feminicídio,1/5/2025,0
PR,TAMARANA,Feminicídio,1/6/2025,0
PR,TAMARANA,Feminicídio,1/7/2025,0
PR,TAMARANA,Feminicídio,1/8/2025,0
PR,TAMARANA,Feminicídio,1/9/2025,0
PR,TAMARANA,Feminicídio,1/10/2025,0
PR,TAMARANA,Feminicídio,1/11/2025,0
PR,TAMARANA,Feminicídio,1/12/2025,0
PR,TAMARANA,Tentativa de feminicídio,1/1/2025,0
PR,TAMARANA,Tentativa de feminicídio,1/2/2025,0
PR,TAMARANA,Tentativa de feminicídio,1/3/2025,0
PR,TAMARANA,Tentativa de feminicídio,1/4/2025,0
PR,TAMARANA,Tentativa de feminicídio,1/5/2025,0
PR,TAMARANA,Tentativa de feminicídio,1/6/2025,0
PR,TAMARANA,Tentativa de feminicídio,1/7/2025,0
PR,TAMARANA,Tentativa de feminicídio,1/8/2025,0
PR,TAMARANA,Tentativa de feminicídio,1/9/2025,0
PR,TAMARANA,Tentativa de feminicídio,1/10/2025,0
PR,TAMARANA,Tentativa de feminicídio,1/11/2025,0
PR,TAMARANA,Tentativa de feminicídio,1/12/2025,0
PR,TAMBOARA,Feminicídio,1/1/2025,0
PR,TAMBOARA,Feminicídio,1/2/2025,0
PR,TAMBOARA,Feminicídio,1/3/2025,0
PR,TAMBOARA,Feminicídio,1/4/2025,0
PR,TAMBOARA,Feminicídio,1/5/2025,0
PR,TAMBOARA,Feminicídio,1/6/2025,0
PR,TAMBOARA,Feminicídio,1/7/2025,0
PR,TAMBOARA,Feminicídio,1/8/2025,0
PR,TAMBOARA,Feminicídio,1/9/2025,0
PR,TAMBOARA,Feminicídio,1/10/2025,0
PR,TAMBOARA,Feminicídio,1/11/2025,0
PR,TAMBOARA,Feminicídio,1/12/2025,0
PR,TAMBOARA,Tentativa de feminicídio,1/1/2025,0
PR,TAMBOARA,Tentativa de feminicídio,1/2/2025,0
PR,TAMBOARA,Tentativa de feminicídio,1/3/2025,0
PR,TAMBOARA,Tentativa de feminicídio,1/4/2025,0
PR,TAMBOARA,Tentativa de feminicídio,1/5/2025,0
PR,TAMBOARA,Tentativa de feminicídio,1/6/2025,0
PR,TAMBOARA,Tentativa de feminicídio,1/7/2025,0
PR,TAMBOARA,Tentativa de feminicídio,1/8/2025,0
PR,TAMBOARA,Tentativa de feminicídio,1/9/2025,0
PR,TAMBOARA,Tentativa de feminicídio,1/10/2025,0
PR,TAMBOARA,Tentativa de feminicídio,1/11/2025,0
PR,TAMBOARA,Tentativa de feminicídio,1/12/2025,0
PR,TAPEJARA,Feminicídio,1/1/2025,0
PR,TAPEJARA,Feminicídio,1/2/2025,0
PR,TAPEJARA,Feminicídio,1/3/2025,0
PR,TAPEJARA,Feminicídio,1/4/2025,0
PR,TAPEJARA,Feminicídio,1/5/2025,0
PR,TAPEJARA,Feminicídio,1/6/2025,0
PR,TAPEJARA,Feminicídio,1/7/2025,0
PR,TAPEJARA,Feminicídio,1/8/2025,0
PR,TAPEJARA,Feminicídio,1/9/2025,0
PR,TAPEJARA,Feminicídio,1/10/2025,0
PR,TAPEJARA,Feminicídio,1/11/2025,0
PR,TAPEJARA,Feminicídio,1/12/2025,0
PR,TAPEJARA,Tentativa de feminicídio,1/1/2025,0
PR,TAPEJARA,Tentativa de feminicídio,1/2/2025,0
PR,TAPEJARA,Tentativa de feminicídio,1/3/2025,0
PR,TAPEJARA,Tentativa de feminicídio,1/4/2025,0
PR,TAPEJARA,Tentativa de feminicídio,1/5/2025,0
PR,TAPEJARA,Tentativa de feminicídio,1/6/2025,0
PR,TAPEJARA,Tentativa de feminicídio,1/7/2025,0
PR,TAPEJARA,Tentativa de feminicídio,1/8/2025,0
PR,TAPEJARA,Tentativa de feminicídio,1/9/2025,0
PR,TAPEJARA,Tentativa de feminicídio,1/10/2025,0
PR,TAPEJARA,Tentativa de feminicídio,1/11/2025,0
PR,TAPEJARA,Tentativa de feminicídio,1/12/2025,0
PR,TAPIRA,Feminicídio,1/1/2025,0
PR,TAPIRA,Feminicídio,1/2/2025,0
PR,TAPIRA,Feminicídio,1/3/2025,0
PR,TAPIRA,Feminicídio,1/4/2025,0
PR,TAPIRA,Feminicídio,1/5/2025,0
PR,TAPIRA,Feminicídio,1/6/2025,0
PR,TAPIRA,Feminicídio,1/7/2025,0
PR,TAPIRA,Feminicídio,1/8/2025,0
PR,TAPIRA,Feminicídio,1/9/2025,0
PR,TAPIRA,Feminicídio,1/10/2025,0
PR,TAPIRA,Feminicídio,1/11/2025,0
PR,TAPIRA,Feminicídio,1/12/2025,0
PR,TAPIRA,Tentativa de feminicídio,1/1/2025,0
PR,TAPIRA,Tentativa de feminicídio,1/2/2025,0
PR,TAPIRA,Tentativa de feminicídio,1/3/2025,0
PR,TAPIRA,Tentativa de feminicídio,1/4/2025,0
PR,TAPIRA,Tentativa de feminicídio,1/5/2025,0
PR,TAPIRA,Tentativa de feminicídio,1/6/2025,0
PR,TAPIRA,Tentativa de feminicídio,1/7/2025,0
PR,TAPIRA,Tentativa de feminicídio,1/8/2025,0
PR,TAPIRA,Tentativa de feminicídio,1/9/2025,0
PR,TAPIRA,Tentativa de feminicídio,1/10/2025,0
PR,TAPIRA,Tentativa de feminicídio,1/11/2025,0
PR,TAPIRA,Tentativa de feminicídio,1/12/2025,0
PR,TEIXEIRA SOARES,Feminicídio,1/1/2025,0
PR,TEIXEIRA SOARES,Feminicídio,1/2/2025,0
PR,TEIXEIRA SOARES,Feminicídio,1/3/2025,0
PR,TEIXEIRA SOARES,Feminicídio,1/4/2025,0
PR,TEIXEIRA SOARES,Feminicídio,1/5/2025,0
PR,TEIXEIRA SOARES,Feminicídio,1/6/2025,0
PR,TEIXEIRA SOARES,Feminicídio,1/7/2025,0
PR,TEIXEIRA SOARES,Feminicídio,1/8/2025,0
PR,TEIXEIRA SOARES,Feminicídio,1/9/2025,0
PR,TEIXEIRA SOARES,Feminicídio,1/10/2025,0
PR,TEIXEIRA SOARES,Feminicídio,1/11/2025,0
PR,TEIXEIRA SOARES,Feminicídio,1/12/2025,0
PR,TEIXEIRA SOARES,Tentativa de feminicídio,1/1/2025,0
PR,TEIXEIRA SOARES,Tentativa de feminicídio,1/2/2025,0
PR,TEIXEIRA SOARES,Tentativa de feminicídio,1/3/2025,0
PR,TEIXEIRA SOARES,Tentativa de feminicídio,1/4/2025,0
PR,TEIXEIRA SOARES,Tentativa de feminicídio,1/5/2025,0
PR,TEIXEIRA SOARES,Tentativa de feminicídio,1/6/2025,0
PR,TEIXEIRA SOARES,Tentativa de feminicídio,1/7/2025,0
PR,TEIXEIRA SOARES,Tentativa de feminicídio,1/8/2025,0
PR,TEIXEIRA SOARES,Tentativa de feminicídio,1/9/2025,0
PR,TEIXEIRA SOARES,Tentativa de feminicídio,1/10/2025,0
PR,TEIXEIRA SOARES,Tentativa de feminicídio,1/11/2025,0
PR,TEIXEIRA SOARES,Tentativa de feminicídio,1/12/2025,0
PR,TELÊMACO BORBA,Feminicídio,1/1/2025,0
PR,TELÊMACO BORBA,Feminicídio,1/2/2025,0
PR,TELÊMACO BORBA,Feminicídio,1/3/2025,0
PR,TELÊMACO BORBA,Feminicídio,1/4/2025,0
PR,TELÊMACO BORBA,Feminicídio,1/5/2025,0
PR,TELÊMACO BORBA,Feminicídio,1/6/2025,0
PR,TELÊMACO BORBA,Feminicídio,1/7/2025,0
PR,TELÊMACO BORBA,Feminicídio,1/8/2025,0
PR,TELÊMACO BORBA,Feminicídio,1/9/2025,0
PR,TELÊMACO BORBA,Feminicídio,1/10/2025,0
PR,TELÊMACO BORBA,Feminicídio,1/11/2025,0
PR,TELÊMACO BORBA,Feminicídio,1/12/2025,0
PR,TELÊMACO BORBA,Tentativa de feminicídio,1/1/2025,0
PR,TELÊMACO BORBA,Tentativa de feminicídio,1/2/2025,0
PR,TELÊMACO BORBA,Tentativa de feminicídio,1/3/2025,0
PR,TELÊMACO BORBA,Tentativa de feminicídio,1/4/2025,0
PR,TELÊMACO BORBA,Tentativa de feminicídio,1/5/2025,0
PR,TELÊMACO BORBA,Tentativa de feminicídio,1/6/2025,0
PR,TELÊMACO BORBA,Tentativa de feminicídio,1/7/2025,0
PR,TELÊMACO BORBA,Tentativa de feminicídio,1/8/2025,0
PR,TELÊMACO BORBA,Tentativa de feminicídio,1/9/2025,0
PR,TELÊMACO BORBA,Tentativa de feminicídio,1/10/2025,0
PR,TELÊMACO BORBA,Tentativa de feminicídio,1/11/2025,0
PR,TELÊMACO BORBA,Tentativa de feminicídio,1/12/2025,0
PR,TERRA BOA,Feminicídio,1/1/2025,0
PR,TERRA BOA,Feminicídio,1/2/2025,0
PR,TERRA BOA,Feminicídio,1/3/2025,0
PR,TERRA BOA,Feminicídio,1/4/2025,0
PR,TERRA BOA,Feminicídio,1/5/2025,0
PR,TERRA BOA,Feminicídio,1/6/2025,0
PR,TERRA BOA,Feminicídio,1/7/2025,0
PR,TERRA BOA,Feminicídio,1/8/2025,0
PR,TERRA BOA,Feminicídio,1/9/2025,0
PR,TERRA BOA,Feminicídio,1/10/2025,0
PR,TERRA BOA,Feminicídio,1/11/2025,0
PR,TERRA BOA,Feminicídio,1/12/2025,0
PR,TERRA BOA,Tentativa de feminicídio,1/1/2025,0
PR,TERRA BOA,Tentativa de feminicídio,1/2/2025,0
PR,TERRA BOA,Tentativa de feminicídio,1/3/2025,0
PR,TERRA BOA,Tentativa de feminicídio,1/4/2025,0
PR,TERRA BOA,Tentativa de feminicídio,1/5/2025,0
PR,TERRA BOA,Tentativa de feminicídio,1/6/2025,0
PR,TERRA BOA,Tentativa de feminicídio,1/7/2025,0
PR,TERRA BOA,Tentativa de feminicídio,1/8/2025,0
PR,TERRA BOA,Tentativa de feminicídio,1/9/2025,0
PR,TERRA BOA,Tentativa de feminicídio,1/10/2025,0
PR,TERRA BOA,Tentativa de feminicídio,1/11/2025,0
PR,TERRA BOA,Tentativa de feminicídio,1/12/2025,0
PR,TERRA RICA,Feminicídio,1/1/2025,0
PR,TERRA RICA,Feminicídio,1/2/2025,0
PR,TERRA RICA,Feminicídio,1/3/2025,0
PR,TERRA RICA,Feminicídio,1/4/2025,0
PR,TERRA RICA,Feminicídio,1/5/2025,0
PR,TERRA RICA,Feminicídio,1/6/2025,0
PR,TERRA RICA,Feminicídio,1/7/2025,0
PR,TERRA RICA,Feminicídio,1/8/2025,0
PR,TERRA RICA,Feminicídio,1/9/2025,0
PR,TERRA RICA,Feminicídio,1/10/2025,0
PR,TERRA RICA,Feminicídio,1/11/2025,0
PR,TERRA RICA,Feminicídio,1/12/2025,0
PR,TERRA RICA,Tentativa de feminicídio,1/1/2025,0
PR,TERRA RICA,Tentativa de feminicídio,1/2/2025,0
PR,TERRA RICA,Tentativa de feminicídio,1/3/2025,0
PR,TERRA RICA,Tentativa de feminicídio,1/4/2025,0
PR,TERRA RICA,Tentativa de feminicídio,1/5/2025,0
PR,TERRA RICA,Tentativa de feminicídio,1/6/2025,0
PR,TERRA RICA,Tentativa de feminicídio,1/7/2025,0
PR,TERRA RICA,Tentativa de feminicídio,1/8/2025,0
PR,TERRA RICA,Tentativa de feminicídio,1/9/2025,0
PR,TERRA RICA,Tentativa de feminicídio,1/10/2025,0
PR,TERRA RICA,Tentativa de feminicídio,1/11/2025,0
PR,TERRA RICA,Tentativa de feminicídio,1/12/2025,0
PR,TERRA ROXA,Feminicídio,1/1/2025,0
PR,TERRA ROXA,Feminicídio,1/2/2025,0
PR,TERRA ROXA,Feminicídio,1/3/2025,0
PR,TERRA ROXA,Feminicídio,1/4/2025,0
PR,TERRA ROXA,Feminicídio,1/5/2025,0
PR,TERRA ROXA,Feminicídio,1/6/2025,0
PR,TERRA ROXA,Feminicídio,1/7/2025,0
PR,TERRA ROXA,Feminicídio,1/8/2025,0
PR,TERRA ROXA,Feminicídio,1/9/2025,0
PR,TERRA ROXA,Feminicídio,1/10/2025,0
PR,TERRA ROXA,Feminicídio,1/11/2025,0
PR,TERRA ROXA,Feminicídio,1/12/2025,0
PR,TERRA ROXA,Tentativa de feminicídio,1/1/2025,0
PR,TERRA ROXA,Tentativa de feminicídio,1/2/2025,0
PR,TERRA ROXA,Tentativa de feminicídio,1/3/2025,0
PR,TERRA ROXA,Tentativa de feminicídio,1/4/2025,0
PR,TERRA ROXA,Tentativa de feminicídio,1/5/2025,0
PR,TERRA ROXA,Tentativa de feminicídio,1/6/2025,0
PR,TERRA ROXA,Tentativa de feminicídio,1/7/2025,0
PR,TERRA ROXA,Tentativa de feminicídio,1/8/2025,0
PR,TERRA ROXA,Tentativa de feminicídio,1/9/2025,0
PR,TERRA ROXA,Tentativa de feminicídio,1/10/2025,0
PR,TERRA ROXA,Tentativa de feminicídio,1/11/2025,0
PR,TERRA ROXA,Tentativa de feminicídio,1/12/2025,0
PR,TIBAGI,Feminicídio,1/1/2025,0
PR,TIBAGI,Feminicídio,1/2/2025,0
PR,TIBAGI,Feminicídio,1/3/2025,0
PR,TIBAGI,Feminicídio,1/4/2025,0
PR,TIBAGI,Feminicídio,1/5/2025,0
PR,TIBAGI,Feminicídio,1/6/2025,0
PR,TIBAGI,Feminicídio,1/7/2025,0
PR,TIBAGI,Feminicídio,1/8/2025,0
PR,TIBAGI,Feminicídio,1/9/2025,0
PR,TIBAGI,Feminicídio,1/10/2025,0
PR,TIBAGI,Feminicídio,1/11/2025,0
PR,TIBAGI,Feminicídio,1/12/2025,0
PR,TIBAGI,Tentativa de feminicídio,1/1/2025,0
PR,TIBAGI,Tentativa de feminicídio,1/2/2025,0
PR,TIBAGI,Tentativa de feminicídio,1/3/2025,0
PR,TIBAGI,Tentativa de feminicídio,1/4/2025,0
PR,TIBAGI,Tentativa de feminicídio,1/5/2025,0
PR,TIBAGI,Tentativa de feminicídio,1/6/2025,0
PR,TIBAGI,Tentativa de feminicídio,1/7/2025,0
PR,TIBAGI,Tentativa de feminicídio,1/8/2025,0
PR,TIBAGI,Tentativa de feminicídio,1/9/2025,0
PR,TIBAGI,Tentativa de feminicídio,1/10/2025,0
PR,TIBAGI,Tentativa de feminicídio,1/11/2025,0
PR,TIBAGI,Tentativa de feminicídio,1/12/2025,0
PR,TIJUCAS DO SUL,Feminicídio,1/1/2025,0
PR,TIJUCAS DO SUL,Feminicídio,1/2/2025,0
PR,TIJUCAS DO SUL,Feminicídio,1/3/2025,0
PR,TIJUCAS DO SUL,Feminicídio,1/4/2025,0
PR,TIJUCAS DO SUL,Feminicídio,1/5/2025,0
PR,TIJUCAS DO SUL,Feminicídio,1/6/2025,0
PR,TIJUCAS DO SUL,Feminicídio,1/7/2025,0
PR,TIJUCAS DO SUL,Feminicídio,1/8/2025,0
PR,TIJUCAS DO SUL,Feminicídio,1/9/2025,0
PR,TIJUCAS DO SUL,Feminicídio,1/10/2025,0
PR,TIJUCAS DO SUL,Feminicídio,1/11/2025,0
PR,TIJUCAS DO SUL,Feminicídio,1/12/2025,0
PR,TIJUCAS DO SUL,Tentativa de feminicídio,1/1/2025,0
PR,TIJUCAS DO SUL,Tentativa de feminicídio,1/2/2025,0
PR,TIJUCAS DO SUL,Tentativa de feminicídio,1/3/2025,0
PR,TIJUCAS DO SUL,Tentativa de feminicídio,1/4/2025,0
PR,TIJUCAS DO SUL,Tentativa de feminicídio,1/5/2025,0
PR,TIJUCAS DO SUL,Tentativa de feminicídio,1/6/2025,0
PR,TIJUCAS DO SUL,Tentativa de feminicídio,1/7/2025,0
PR,TIJUCAS DO SUL,Tentativa de feminicídio,1/8/2025,0
PR,TIJUCAS DO SUL,Tentativa de feminicídio,1/9/2025,0
PR,TIJUCAS DO SUL,Tentativa de feminicídio,1/10/2025,0
PR,TIJUCAS DO SUL,Tentativa de feminicídio,1/11/2025,0
PR,TIJUCAS DO SUL,Tentativa de feminicídio,1/12/2025,0
PR,TOLEDO,Feminicídio,1/1/2025,0
PR,TOLEDO,Feminicídio,1/2/2025,0
PR,TOLEDO,Feminicídio,1/3/2025,1
PR,TOLEDO,Feminicídio,1/4/2025,0
PR,TOLEDO,Feminicídio,1/5/2025,0
PR,TOLEDO,Feminicídio,1/6/2025,0
PR,TOLEDO,Feminicídio,1/7/2025,0
PR,TOLEDO,Feminicídio,1/8/2025,0
PR,TOLEDO,Feminicídio,1/9/2025,0
PR,TOLEDO,Feminicídio,1/10/2025,0
PR,TOLEDO,Feminicídio,1/11/2025,1
PR,TOLEDO,Feminicídio,1/12/2025,0
PR,TOLEDO,Tentativa de feminicídio,1/1/2025,0
PR,TOLEDO,Tentativa de feminicídio,1/2/2025,0
PR,TOLEDO,Tentativa de feminicídio,1/3/2025,0
PR,TOLEDO,Tentativa de feminicídio,1/4/2025,0
PR,TOLEDO,Tentativa de feminicídio,1/5/2025,0
PR,TOLEDO,Tentativa de feminicídio,1/6/2025,0
PR,TOLEDO,Tentativa de feminicídio,1/7/2025,0
PR,TOLEDO,Tentativa de feminicídio,1/8/2025,0
PR,TOLEDO,Tentativa de feminicídio,1/9/2025,0
PR,TOLEDO,Tentativa de feminicídio,1/10/2025,0
PR,TOLEDO,Tentativa de feminicídio,1/11/2025,0
PR,TOLEDO,Tentativa de feminicídio,1/12/2025,0
PR,TOMAZINA,Feminicídio,1/1/2025,0
PR,TOMAZINA,Feminicídio,1/2/2025,0
PR,TOMAZINA,Feminicídio,1/3/2025,0
PR,TOMAZINA,Feminicídio,1/4/2025,0
PR,TOMAZINA,Feminicídio,1/5/2025,0
PR,TOMAZINA,Feminicídio,1/6/2025,0
PR,TOMAZINA,Feminicídio,1/7/2025,0
PR,TOMAZINA,Feminicídio,1/8/2025,0
PR,TOMAZINA,Feminicídio,1/9/2025,0
PR,TOMAZINA,Feminicídio,1/10/2025,0
PR,TOMAZINA,Feminicídio,1/11/2025,0
PR,TOMAZINA,Feminicídio,1/12/2025,0
PR,TOMAZINA,Tentativa de feminicídio,1/1/2025,0
PR,TOMAZINA,Tentativa de feminicídio,1/2/2025,0
PR,TOMAZINA,Tentativa de feminicídio,1/3/2025,0
PR,TOMAZINA,Tentativa de feminicídio,1/4/2025,0
PR,TOMAZINA,Tentativa de feminicídio,1/5/2025,0
PR,TOMAZINA,Tentativa de feminicídio,1/6/2025,0
PR,TOMAZINA,Tentativa de feminicídio,1/7/2025,0
PR,TOMAZINA,Tentativa de feminicídio,1/8/2025,0
PR,TOMAZINA,Tentativa de feminicídio,1/9/2025,0
PR,TOMAZINA,Tentativa de feminicídio,1/10/2025,0
PR,TOMAZINA,Tentativa de feminicídio,1/11/2025,0
PR,TOMAZINA,Tentativa de feminicídio,1/12/2025,0
PR,TRÊS BARRAS DO PARANÁ,Feminicídio,1/1/2025,0
PR,TRÊS BARRAS DO PARANÁ,Feminicídio,1/2/2025,0
PR,TRÊS BARRAS DO PARANÁ,Feminicídio,1/3/2025,0
PR,TRÊS BARRAS DO PARANÁ,Feminicídio,1/4/2025,0
PR,TRÊS BARRAS DO PARANÁ,Feminicídio,1/5/2025,0
PR,TRÊS BARRAS DO PARANÁ,Feminicídio,1/6/2025,0
PR,TRÊS BARRAS DO PARANÁ,Feminicídio,1/7/2025,0
PR,TRÊS BARRAS DO PARANÁ,Feminicídio,1/8/2025,0
PR,TRÊS BARRAS DO PARANÁ,Feminicídio,1/9/2025,0
PR,TRÊS BARRAS DO PARANÁ,Feminicídio,1/10/2025,0
PR,TRÊS BARRAS DO PARANÁ,Feminicídio,1/11/2025,0
PR,TRÊS BARRAS DO PARANÁ,Feminicídio,1/12/2025,0
PR,TRÊS BARRAS DO PARANÁ,Tentativa de feminicídio,1/1/2025,0
PR,TRÊS BARRAS DO PARANÁ,Tentativa de feminicídio,1/2/2025,0
PR,TRÊS BARRAS DO PARANÁ,Tentativa de feminicídio,1/3/2025,0
PR,TRÊS BARRAS DO PARANÁ,Tentativa de feminicídio,1/4/2025,0
PR,TRÊS BARRAS DO PARANÁ,Tentativa de feminicídio,1/5/2025,0
PR,TRÊS BARRAS DO PARANÁ,Tentativa de feminicídio,1/6/2025,0
PR,TRÊS BARRAS DO PARANÁ,Tentativa de feminicídio,1/7/2025,0
PR,TRÊS BARRAS DO PARANÁ,Tentativa de feminicídio,1/8/2025,0
PR,TRÊS BARRAS DO PARANÁ,Tentativa de feminicídio,1/9/2025,0
PR,TRÊS BARRAS DO PARANÁ,Tentativa de feminicídio,1/10/2025,1
PR,TRÊS BARRAS DO PARANÁ,Tentativa de feminicídio,1/11/2025,0
PR,TRÊS BARRAS DO PARANÁ,Tentativa de feminicídio,1/12/2025,0
PR,TUNAS DO PARANÁ,Feminicídio,1/1/2025,0
PR,TUNAS DO PARANÁ,Feminicídio,1/2/2025,0
PR,TUNAS DO PARANÁ,Feminicídio,1/3/2025,0
PR,TUNAS DO PARANÁ,Feminicídio,1/4/2025,0
PR,TUNAS DO PARANÁ,Feminicídio,1/5/2025,0
PR,TUNAS DO PARANÁ,Feminicídio,1/6/2025,0
PR,TUNAS DO PARANÁ,Feminicídio,1/7/2025,0
PR,TUNAS DO PARANÁ,Feminicídio,1/8/2025,0
PR,TUNAS DO PARANÁ,Feminicídio,1/9/2025,0
PR,TUNAS DO PARANÁ,Feminicídio,1/10/2025,0
PR,TUNAS DO PARANÁ,Feminicídio,1/11/2025,0
PR,TUNAS DO PARANÁ,Feminicídio,1/12/2025,0
PR,TUNAS DO PARANÁ,Tentativa de feminicídio,1/1/2025,0
PR,TUNAS DO PARANÁ,Tentativa de feminicídio,1/2/2025,0
PR,TUNAS DO PARANÁ,Tentativa de feminicídio,1/3/2025,0
PR,TUNAS DO PARANÁ,Tentativa de feminicídio,1/4/2025,0
PR,TUNAS DO PARANÁ,Tentativa de feminicídio,1/5/2025,0
PR,TUNAS DO PARANÁ,Tentativa de feminicídio,1/6/2025,0
PR,TUNAS DO PARANÁ,Tentativa de feminicídio,1/7/2025,0
PR,TUNAS DO PARANÁ,Tentativa de feminicídio,1/8/2025,0
PR,TUNAS DO PARANÁ,Tentativa de feminicídio,1/9/2025,0
PR,TUNAS DO PARANÁ,Tentativa de feminicídio,1/10/2025,0
PR,TUNAS DO PARANÁ,Tentativa de feminicídio,1/11/2025,0
PR,TUNAS DO PARANÁ,Tentativa de feminicídio,1/12/2025,0
PR,TUNEIRAS DO OESTE,Feminicídio,1/1/2025,0
PR,TUNEIRAS DO OESTE,Feminicídio,1/2/2025,0
PR,TUNEIRAS DO OESTE,Feminicídio,1/3/2025,0
PR,TUNEIRAS DO OESTE,Feminicídio,1/4/2025,0
PR,TUNEIRAS DO OESTE,Feminicídio,1/5/2025,0
PR,TUNEIRAS DO OESTE,Feminicídio,1/6/2025,0
PR,TUNEIRAS DO OESTE,Feminicídio,1/7/2025,0
PR,TUNEIRAS DO OESTE,Feminicídio,1/8/2025,0
PR,TUNEIRAS DO OESTE,Feminicídio,1/9/2025,0
PR,TUNEIRAS DO OESTE,Feminicídio,1/10/2025,0
PR,TUNEIRAS DO OESTE,Feminicídio,1/11/2025,0
PR,TUNEIRAS DO OESTE,Feminicídio,1/12/2025,0
PR,TUNEIRAS DO OESTE,Tentativa de feminicídio,1/1/2025,0
PR,TUNEIRAS DO OESTE,Tentativa de feminicídio,1/2/2025,0
PR,TUNEIRAS DO OESTE,Tentativa de feminicídio,1/3/2025,0
PR,TUNEIRAS DO OESTE,Tentativa de feminicídio,1/4/2025,0
PR,TUNEIRAS DO OESTE,Tentativa de feminicídio,1/5/2025,0
PR,TUNEIRAS DO OESTE,Tentativa de feminicídio,1/6/2025,0
PR,TUNEIRAS DO OESTE,Tentativa de feminicídio,1/7/2025,0
PR,TUNEIRAS DO OESTE,Tentativa de feminicídio,1/8/2025,0
PR,TUNEIRAS DO OESTE,Tentativa de feminicídio,1/9/2025,0
PR,TUNEIRAS DO OESTE,Tentativa de feminicídio,1/10/2025,0
PR,TUNEIRAS DO OESTE,Tentativa de feminicídio,1/11/2025,0
PR,TUNEIRAS DO OESTE,Tentativa de feminicídio,1/12/2025,0
PR,TUPÃSSI,Feminicídio,1/1/2025,0
PR,TUPÃSSI,Feminicídio,1/2/2025,0
PR,TUPÃSSI,Feminicídio,1/3/2025,0
PR,TUPÃSSI,Feminicídio,1/4/2025,0
PR,TUPÃSSI,Feminicídio,1/5/2025,0
PR,TUPÃSSI,Feminicídio,1/6/2025,0
PR,TUPÃSSI,Feminicídio,1/7/2025,0
PR,TUPÃSSI,Feminicídio,1/8/2025,0
PR,TUPÃSSI,Feminicídio,1/9/2025,0
PR,TUPÃSSI,Feminicídio,1/10/2025,0
PR,TUPÃSSI,Feminicídio,1/11/2025,0
PR,TUPÃSSI,Feminicídio,1/12/2025,0
PR,TUPÃSSI,Tentativa de feminicídio,1/1/2025,0
PR,TUPÃSSI,Tentativa de feminicídio,1/2/2025,0
PR,TUPÃSSI,Tentativa de feminicídio,1/3/2025,0
PR,TUPÃSSI,Tentativa de feminicídio,1/4/2025,0
PR,TUPÃSSI,Tentativa de feminicídio,1/5/2025,0
PR,TUPÃSSI,Tentativa de feminicídio,1/6/2025,0
PR,TUPÃSSI,Tentativa de feminicídio,1/7/2025,0
PR,TUPÃSSI,Tentativa de feminicídio,1/8/2025,0
PR,TUPÃSSI,Tentativa de feminicídio,1/9/2025,0
PR,TUPÃSSI,Tentativa de feminicídio,1/10/2025,0
PR,TUPÃSSI,Tentativa de feminicídio,1/11/2025,0
PR,TUPÃSSI,Tentativa de feminicídio,1/12/2025,0
PR,TURVO,Feminicídio,1/1/2025,0
PR,TURVO,Feminicídio,1/2/2025,0
PR,TURVO,Feminicídio,1/3/2025,0
PR,TURVO,Feminicídio,1/4/2025,0
PR,TURVO,Feminicídio,1/5/2025,0
PR,TURVO,Feminicídio,1/6/2025,0
PR,TURVO,Feminicídio,1/7/2025,0
PR,TURVO,Feminicídio,1/8/2025,0
PR,TURVO,Feminicídio,1/9/2025,0
PR,TURVO,Feminicídio,1/10/2025,0
PR,TURVO,Feminicídio,1/11/2025,0
PR,TURVO,Feminicídio,1/12/2025,0
PR,TURVO,Tentativa de feminicídio,1/1/2025,0
PR,TURVO,Tentativa de feminicídio,1/2/2025,0
PR,TURVO,Tentativa de feminicídio,1/3/2025,0
PR,TURVO,Tentativa de feminicídio,1/4/2025,0
PR,TURVO,Tentativa de feminicídio,1/5/2025,0
PR,TURVO,Tentativa de feminicídio,1/6/2025,0
PR,TURVO,Tentativa de feminicídio,1/7/2025,0
PR,TURVO,Tentativa de feminicídio,1/8/2025,0
PR,TURVO,Tentativa de feminicídio,1/9/2025,0
PR,TURVO,Tentativa de feminicídio,1/10/2025,0
PR,TURVO,Tentativa de feminicídio,1/11/2025,0
PR,TURVO,Tentativa de feminicídio,1/12/2025,0
PR,UBIRATÃ,Feminicídio,1/1/2025,0
PR,UBIRATÃ,Feminicídio,1/2/2025,0
PR,UBIRATÃ,Feminicídio,1/3/2025,0
PR,UBIRATÃ,Feminicídio,1/4/2025,0
PR,UBIRATÃ,Feminicídio,1/5/2025,0
PR,UBIRATÃ,Feminicídio,1/6/2025,0
PR,UBIRATÃ,Feminicídio,1/7/2025,0
PR,UBIRATÃ,Feminicídio,1/8/2025,0
PR,UBIRATÃ,Feminicídio,1/9/2025,0
PR,UBIRATÃ,Feminicídio,1/10/2025,0
PR,UBIRATÃ,Feminicídio,1/11/2025,0
PR,UBIRATÃ,Feminicídio,1/12/2025,0
PR,UBIRATÃ,Tentativa de feminicídio,1/1/2025,0
PR,UBIRATÃ,Tentativa de feminicídio,1/2/2025,0
PR,UBIRATÃ,Tentativa de feminicídio,1/3/2025,0
PR,UBIRATÃ,Tentativa de feminicídio,1/4/2025,0
PR,UBIRATÃ,Tentativa de feminicídio,1/5/2025,0
PR,UBIRATÃ,Tentativa de feminicídio,1/6/2025,0
PR,UBIRATÃ,Tentativa de feminicídio,1/7/2025,0
PR,UBIRATÃ,Tentativa de feminicídio,1/8/2025,0
PR,UBIRATÃ,Tentativa de feminicídio,1/9/2025,0
PR,UBIRATÃ,Tentativa de feminicídio,1/10/2025,0
PR,UBIRATÃ,Tentativa de feminicídio,1/11/2025,0
PR,UBIRATÃ,Tentativa de feminicídio,1/12/2025,0
PR,UMUARAMA,Feminicídio,1/1/2025,0
PR,UMUARAMA,Feminicídio,1/2/2025,0
PR,UMUARAMA,Feminicídio,1/3/2025,0
PR,UMUARAMA,Feminicídio,1/4/2025,0
PR,UMUARAMA,Feminicídio,1/5/2025,0
PR,UMUARAMA,Feminicídio,1/6/2025,0
PR,UMUARAMA,Feminicídio,1/7/2025,0
PR,UMUARAMA,Feminicídio,1/8/2025,0
PR,UMUARAMA,Feminicídio,1/9/2025,0
PR,UMUARAMA,Feminicídio,1/10/2025,0
PR,UMUARAMA,Feminicídio,1/11/2025,0
PR,UMUARAMA,Feminicídio,1/12/2025,0
PR,UMUARAMA,Tentativa de feminicídio,1/1/2025,0
PR,UMUARAMA,Tentativa de feminicídio,1/2/2025,0
PR,UMUARAMA,Tentativa de feminicídio,1/3/2025,0
PR,UMUARAMA,Tentativa de feminicídio,1/4/2025,0
PR,UMUARAMA,Tentativa de feminicídio,1/5/2025,0
PR,UMUARAMA,Tentativa de feminicídio,1/6/2025,0
PR,UMUARAMA,Tentativa de feminicídio,1/7/2025,0
PR,UMUARAMA,Tentativa de feminicídio,1/8/2025,0
PR,UMUARAMA,Tentativa de feminicídio,1/9/2025,0
PR,UMUARAMA,Tentativa de feminicídio,1/10/2025,1
PR,UMUARAMA,Tentativa de feminicídio,1/11/2025,1
PR,UMUARAMA,Tentativa de feminicídio,1/12/2025,0
PR,UNIFLOR,Feminicídio,1/1/2025,0
PR,UNIFLOR,Feminicídio,1/2/2025,0
PR,UNIFLOR,Feminicídio,1/3/2025,0
PR,UNIFLOR,Feminicídio,1/4/2025,0
PR,UNIFLOR,Feminicídio,1/5/2025,0
PR,UNIFLOR,Feminicídio,1/6/2025,0
PR,UNIFLOR,Feminicídio,1/7/2025,0
PR,UNIFLOR,Feminicídio,1/8/2025,0
PR,UNIFLOR,Feminicídio,1/9/2025,0
PR,UNIFLOR,Feminicídio,1/10/2025,0
PR,UNIFLOR,Feminicídio,1/11/2025,0
PR,UNIFLOR,Feminicídio,1/12/2025,0
PR,UNIFLOR,Tentativa de feminicídio,1/1/2025,0
PR,UNIFLOR,Tentativa de feminicídio,1/2/2025,0
PR,UNIFLOR,Tentativa de feminicídio,1/3/2025,0
PR,UNIFLOR,Tentativa de feminicídio,1/4/2025,0
PR,UNIFLOR,Tentativa de feminicídio,1/5/2025,0
PR,UNIFLOR,Tentativa de feminicídio,1/6/2025,0
PR,UNIFLOR,Tentativa de feminicídio,1/7/2025,0
PR,UNIFLOR,Tentativa de feminicídio,1/8/2025,0
PR,UNIFLOR,Tentativa de feminicídio,1/9/2025,0
PR,UNIFLOR,Tentativa de feminicídio,1/10/2025,0
PR,UNIFLOR,Tentativa de feminicídio,1/11/2025,0
PR,UNIFLOR,Tentativa de feminicídio,1/12/2025,0
PR,UNIÃO DA VITÓRIA,Feminicídio,1/1/2025,0
PR,UNIÃO DA VITÓRIA,Feminicídio,1/2/2025,0
PR,UNIÃO DA VITÓRIA,Feminicídio,1/3/2025,0
PR,UNIÃO DA VITÓRIA,Feminicídio,1/4/2025,0
PR,UNIÃO DA VITÓRIA,Feminicídio,1/5/2025,0
PR,UNIÃO DA VITÓRIA,Feminicídio,1/6/2025,0
PR,UNIÃO DA VITÓRIA,Feminicídio,1/7/2025,0
PR,UNIÃO DA VITÓRIA,Feminicídio,1/8/2025,0
PR,UNIÃO DA VITÓRIA,Feminicídio,1/9/2025,0
PR,UNIÃO DA VITÓRIA,Feminicídio,1/10/2025,0
PR,UNIÃO DA VITÓRIA,Feminicídio,1/11/2025,0
PR,UNIÃO DA VITÓRIA,Feminicídio,1/12/2025,0
PR,UNIÃO DA VITÓRIA,Tentativa de feminicídio,1/1/2025,0
PR,UNIÃO DA VITÓRIA,Tentativa de feminicídio,1/2/2025,0
PR,UNIÃO DA VITÓRIA,Tentativa de feminicídio,1/3/2025,0
PR,UNIÃO DA VITÓRIA,Tentativa de feminicídio,1/4/2025,0
PR,UNIÃO DA VITÓRIA,Tentativa de feminicídio,1/5/2025,0
PR,UNIÃO DA VITÓRIA,Tentativa de feminicídio,1/6/2025,0
PR,UNIÃO DA VITÓRIA,Tentativa de feminicídio,1/7/2025,0
PR,UNIÃO DA VITÓRIA,Tentativa de feminicídio,1/8/2025,0
PR,UNIÃO DA VITÓRIA,Tentativa de feminicídio,1/9/2025,0
PR,UNIÃO DA VITÓRIA,Tentativa de feminicídio,1/10/2025,0
PR,UNIÃO DA VITÓRIA,Tentativa de feminicídio,1/11/2025,0
PR,UNIÃO DA VITÓRIA,Tentativa de feminicídio,1/12/2025,0
PR,URAÍ,Feminicídio,1/1/2025,0
PR,URAÍ,Feminicídio,1/2/2025,0
PR,URAÍ,Feminicídio,1/3/2025,0
PR,URAÍ,Feminicídio,1/4/2025,0
PR,URAÍ,Feminicídio,1/5/2025,0
PR,URAÍ,Feminicídio,1/6/2025,0
PR,URAÍ,Feminicídio,1/7/2025,0
PR,URAÍ,Feminicídio,1/8/2025,0
PR,URAÍ,Feminicídio,1/9/2025,0
PR,URAÍ,Feminicídio,1/10/2025,0
PR,URAÍ,Feminicídio,1/11/2025,0
PR,URAÍ,Feminicídio,1/12/2025,0
PR,URAÍ,Tentativa de feminicídio,1/1/2025,0
PR,URAÍ,Tentativa de feminicídio,1/2/2025,0
PR,URAÍ,Tentativa de feminicídio,1/3/2025,0
PR,URAÍ,Tentativa de feminicídio,1/4/2025,0
PR,URAÍ,Tentativa de feminicídio,1/5/2025,0
PR,URAÍ,Tentativa de feminicídio,1/6/2025,0
PR,URAÍ,Tentativa de feminicídio,1/7/2025,0
PR,URAÍ,Tentativa de feminicídio,1/8/2025,0
PR,URAÍ,Tentativa de feminicídio,1/9/2025,0
PR,URAÍ,Tentativa de feminicídio,1/10/2025,0
PR,URAÍ,Tentativa de feminicídio,1/11/2025,0
PR,URAÍ,Tentativa de feminicídio,1/12/2025,0
PR,VENTANIA,Feminicídio,1/1/2025,0
PR,VENTANIA,Feminicídio,1/2/2025,0
PR,VENTANIA,Feminicídio,1/3/2025,0
PR,VENTANIA,Feminicídio,1/4/2025,0
PR,VENTANIA,Feminicídio,1/5/2025,0
PR,VENTANIA,Feminicídio,1/6/2025,0
PR,VENTANIA,Feminicídio,1/7/2025,0
PR,VENTANIA,Feminicídio,1/8/2025,0
PR,VENTANIA,Feminicídio,1/9/2025,0
PR,VENTANIA,Feminicídio,1/10/2025,0
PR,VENTANIA,Feminicídio,1/11/2025,0
PR,VENTANIA,Feminicídio,1/12/2025,0
PR,VENTANIA,Tentativa de feminicídio,1/1/2025,0
PR,VENTANIA,Tentativa de feminicídio,1/2/2025,0
PR,VENTANIA,Tentativa de feminicídio,1/3/2025,0
PR,VENTANIA,Tentativa de feminicídio,1/4/2025,0
PR,VENTANIA,Tentativa de feminicídio,1/5/2025,0
PR,VENTANIA,Tentativa de feminicídio,1/6/2025,0
PR,VENTANIA,Tentativa de feminicídio,1/7/2025,0
PR,VENTANIA,Tentativa de feminicídio,1/8/2025,0
PR,VENTANIA,Tentativa de feminicídio,1/9/2025,0
PR,VENTANIA,Tentativa de feminicídio,1/10/2025,0
PR,VENTANIA,Tentativa de feminicídio,1/11/2025,0
PR,VENTANIA,Tentativa de feminicídio,1/12/2025,1
PR,VERA CRUZ DO OESTE,Feminicídio,1/1/2025,0
PR,VERA CRUZ DO OESTE,Feminicídio,1/2/2025,0
PR,VERA CRUZ DO OESTE,Feminicídio,1/3/2025,0
PR,VERA CRUZ DO OESTE,Feminicídio,1/4/2025,0
PR,VERA CRUZ DO OESTE,Feminicídio,1/5/2025,0
PR,VERA CRUZ DO OESTE,Feminicídio,1/6/2025,0
PR,VERA CRUZ DO OESTE,Feminicídio,1/7/2025,0
PR,VERA CRUZ DO OESTE,Feminicídio,1/8/2025,0
PR,VERA CRUZ DO OESTE,Feminicídio,1/9/2025,0
PR,VERA CRUZ DO OESTE,Feminicídio,1/10/2025,0
PR,VERA CRUZ DO OESTE,Feminicídio,1/11/2025,0
PR,VERA CRUZ DO OESTE,Feminicídio,1/12/2025,0
PR,VERA CRUZ DO OESTE,Tentativa de feminicídio,1/1/2025,0
PR,VERA CRUZ DO OESTE,Tentativa de feminicídio,1/2/2025,0
PR,VERA CRUZ DO OESTE,Tentativa de feminicídio,1/3/2025,0
PR,VERA CRUZ DO OESTE,Tentativa de feminicídio,1/4/2025,0
PR,VERA CRUZ DO OESTE,Tentativa de feminicídio,1/5/2025,0
PR,VERA CRUZ DO OESTE,Tentativa de feminicídio,1/6/2025,0
PR,VERA CRUZ DO OESTE,Tentativa de feminicídio,1/7/2025,0
PR,VERA CRUZ DO OESTE,Tentativa de feminicídio,1/8/2025,0
PR,VERA CRUZ DO OESTE,Tentativa de feminicídio,1/9/2025,0
PR,VERA CRUZ DO OESTE,Tentativa de feminicídio,1/10/2025,0
PR,VERA CRUZ DO OESTE,Tentativa de feminicídio,1/11/2025,0
PR,VERA CRUZ DO OESTE,Tentativa de feminicídio,1/12/2025,0
PR,VERÊ,Feminicídio,1/1/2025,0
PR,VERÊ,Feminicídio,1/2/2025,0
PR,VERÊ,Feminicídio,1/3/2025,0
PR,VERÊ,Feminicídio,1/4/2025,0
PR,VERÊ,Feminicídio,1/5/2025,0
PR,VERÊ,Feminicídio,1/6/2025,0
PR,VERÊ,Feminicídio,1/7/2025,0
PR,VERÊ,Feminicídio,1/8/2025,0
PR,VERÊ,Feminicídio,1/9/2025,0
PR,VERÊ,Feminicídio,1/10/2025,0
PR,VERÊ,Feminicídio,1/11/2025,0
PR,VERÊ,Feminicídio,1/12/2025,0
PR,VERÊ,Tentativa de feminicídio,1/1/2025,0
PR,VERÊ,Tentativa de feminicídio,1/2/2025,0
PR,VERÊ,Tentativa de feminicídio,1/3/2025,0
PR,VERÊ,Tentativa de feminicídio,1/4/2025,0
PR,VERÊ,Tentativa de feminicídio,1/5/2025,0
PR,VERÊ,Tentativa de feminicídio,1/6/2025,0
PR,VERÊ,Tentativa de feminicídio,1/7/2025,0
PR,VERÊ,Tentativa de feminicídio,1/8/2025,0
PR,VERÊ,Tentativa de feminicídio,1/9/2025,0
PR,VERÊ,Tentativa de feminicídio,1/10/2025,0
PR,VERÊ,Tentativa de feminicídio,1/11/2025,0
PR,VERÊ,Tentativa de feminicídio,1/12/2025,0
PR,VIRMOND,Feminicídio,1/1/2025,0
PR,VIRMOND,Feminicídio,1/2/2025,0
PR,VIRMOND,Feminicídio,1/3/2025,0
PR,VIRMOND,Feminicídio,1/4/2025,0
PR,VIRMOND,Feminicídio,1/5/2025,0
PR,VIRMOND,Feminicídio,1/6/2025,0
PR,VIRMOND,Feminicídio,1/7/2025,0
PR,VIRMOND,Feminicídio,1/8/2025,0
PR,VIRMOND,Feminicídio,1/9/2025,0
PR,VIRMOND,Feminicídio,1/10/2025,0
PR,VIRMOND,Feminicídio,1/11/2025,0
PR,VIRMOND,Feminicídio,1/12/2025,0
PR,VIRMOND,Tentativa de feminicídio,1/1/2025,0
PR,VIRMOND,Tentativa de feminicídio,1/2/2025,0
PR,VIRMOND,Tentativa de feminicídio,1/3/2025,0
PR,VIRMOND,Tentativa de feminicídio,1/4/2025,0
PR,VIRMOND,Tentativa de feminicídio,1/5/2025,0
PR,VIRMOND,Tentativa de feminicídio,1/6/2025,0
PR,VIRMOND,Tentativa de feminicídio,1/7/2025,0
PR,VIRMOND,Tentativa de feminicídio,1/8/2025,0
PR,VIRMOND,Tentativa de feminicídio,1/9/2025,0
PR,VIRMOND,Tentativa de feminicídio,1/10/2025,0
PR,VIRMOND,Tentativa de feminicídio,1/11/2025,0
PR,VIRMOND,Tentativa de feminicídio,1/12/2025,0
PR,VITORINO,Feminicídio,1/1/2025,0
PR,VITORINO,Feminicídio,1/2/2025,0
PR,VITORINO,Feminicídio,1/3/2025,0
PR,VITORINO,Feminicídio,1/4/2025,0
PR,VITORINO,Feminicídio,1/5/2025,0
PR,VITORINO,Feminicídio,1/6/2025,0
PR,VITORINO,Feminicídio,1/7/2025,0
PR,VITORINO,Feminicídio,1/8/2025,0
PR,VITORINO,Feminicídio,1/9/2025,0
PR,VITORINO,Feminicídio,1/10/2025,0
PR,VITORINO,Feminicídio,1/11/2025,0
PR,VITORINO,Feminicídio,1/12/2025,0
PR,VITORINO,Tentativa de feminicídio,1/1/2025,0
PR,VITORINO,Tentativa de feminicídio,1/2/2025,0
PR,VITORINO,Tentativa de feminicídio,1/3/2025,0
PR,VITORINO,Tentativa de feminicídio,1/4/2025,0
PR,VITORINO,Tentativa de feminicídio,1/5/2025,0
PR,VITORINO,Tentativa de feminicídio,1/6/2025,0
PR,VITORINO,Tentativa de feminicídio,1/7/2025,0
PR,VITORINO,Tentativa de feminicídio,1/8/2025,0
PR,VITORINO,Tentativa de feminicídio,1/9/2025,0
PR,VITORINO,Tentativa de feminicídio,1/10/2025,0
PR,VITORINO,Tentativa de feminicídio,1/11/2025,0
PR,VITORINO,Tentativa de feminicídio,1/12/2025,0
PR,WENCESLAU BRAZ,Feminicídio,1/1/2025,0
PR,WENCESLAU BRAZ,Feminicídio,1/2/2025,0
PR,WENCESLAU BRAZ,Feminicídio,1/3/2025,0
PR,WENCESLAU BRAZ,Feminicídio,1/4/2025,0
PR,WENCESLAU BRAZ,Feminicídio,1/5/2025,0
PR,WENCESLAU BRAZ,Feminicídio,1/6/2025,0
PR,WENCESLAU BRAZ,Feminicídio,1/7/2025,0
PR,WENCESLAU BRAZ,Feminicídio,1/8/2025,0
PR,WENCESLAU BRAZ,Feminicídio,1/9/2025,0
PR,WENCESLAU BRAZ,Feminicídio,1/10/2025,0
PR,WENCESLAU BRAZ,Feminicídio,1/11/2025,0
PR,WENCESLAU BRAZ,Feminicídio,1/12/2025,0
PR,WENCESLAU BRAZ,Tentativa de feminicídio,1/1/2025,0
PR,WENCESLAU BRAZ,Tentativa de feminicídio,1/2/2025,0
PR,WENCESLAU BRAZ,Tentativa de feminicídio,1/3/2025,0
PR,WENCESLAU BRAZ,Tentativa de feminicídio,1/4/2025,0
PR,WENCESLAU BRAZ,Tentativa de feminicídio,1/5/2025,0
PR,WENCESLAU BRAZ,Tentativa de feminicídio,1/6/2025,0
PR,WENCESLAU BRAZ,Tentativa de feminicídio,1/7/2025,0
PR,WENCESLAU BRAZ,Tentativa de feminicídio,1/8/2025,0
PR,WENCESLAU BRAZ,Tentativa de feminicídio,1/9/2025,0
PR,WENCESLAU BRAZ,Tentativa de feminicídio,1/10/2025,0
PR,WENCESLAU BRAZ,Tentativa de feminicídio,1/11/2025,0
PR,WENCESLAU BRAZ,Tentativa de feminicídio,1/12/2025,0
PR,XAMBRÊ,Feminicídio,1/1/2025,0
PR,XAMBRÊ,Feminicídio,1/2/2025,0
PR,XAMBRÊ,Feminicídio,1/3/2025,0
PR,XAMBRÊ,Feminicídio,1/4/2025,0
PR,XAMBRÊ,Feminicídio,1/5/2025,0
PR,XAMBRÊ,Feminicídio,1/6/2025,0
PR,XAMBRÊ,Feminicídio,1/7/2025,0
PR,XAMBRÊ,Feminicídio,1/8/2025,0
PR,XAMBRÊ,Feminicídio,1/9/2025,0
PR,XAMBRÊ,Feminicídio,1/10/2025,0
PR,XAMBRÊ,Feminicídio,1/11/2025,0
PR,XAMBRÊ,Feminicídio,1/12/2025,0
PR,XAMBRÊ,Tentativa de feminicídio,1/1/2025,0
PR,XAMBRÊ,Tentativa de feminicídio,1/2/2025,0
PR,XAMBRÊ,Tentativa de feminicídio,1/3/2025,0
PR,XAMBRÊ,Tentativa de feminicídio,1/4/2025,0
PR,XAMBRÊ,Tentativa de feminicídio,1/5/2025,0
PR,XAMBRÊ,Tentativa de feminicídio,1/6/2025,0
PR,XAMBRÊ,Tentativa de feminicídio,1/7/2025,0
PR,XAMBRÊ,Tentativa de feminicídio,1/8/2025,0
PR,XAMBRÊ,Tentativa de feminicídio,1/9/2025,0
PR,XAMBRÊ,Tentativa de feminicídio,1/10/2025,0
PR,XAMBRÊ,Tentativa de feminicídio,1/11/2025,0
PR,XAMBRÊ,Tentativa de feminicídio,1/12/2025,0
PR,ÂNGULO,Feminicídio,1/1/2025,0
PR,ÂNGULO,Feminicídio,1/2/2025,0
PR,ÂNGULO,Feminicídio,1/3/2025,0
PR,ÂNGULO,Feminicídio,1/4/2025,0
PR,ÂNGULO,Feminicídio,1/5/2025,0
PR,ÂNGULO,Feminicídio,1/6/2025,0
PR,ÂNGULO,Feminicídio,1/7/2025,0
PR,ÂNGULO,Feminicídio,1/8/2025,0
PR,ÂNGULO,Feminicídio,1/9/2025,0
PR,ÂNGULO,Feminicídio,1/10/2025,0
PR,ÂNGULO,Feminicídio,1/11/2025,0
PR,ÂNGULO,Feminicídio,1/12/2025,0
PR,ÂNGULO,Tentativa de feminicídio,1/1/2025,0
PR,ÂNGULO,Tentativa de feminicídio,1/2/2025,0
PR,ÂNGULO,Tentativa de feminicídio,1/3/2025,0
PR,ÂNGULO,Tentativa de feminicídio,1/4/2025,0
PR,ÂNGULO,Tentativa de feminicídio,1/5/2025,0
PR,ÂNGULO,Tentativa de feminicídio,1/6/2025,0
PR,ÂNGULO,Tentativa de feminicídio,1/7/2025,0
PR,ÂNGULO,Tentativa de feminicídio,1/8/2025,0
PR,ÂNGULO,Tentativa de feminicídio,1/9/2025,0
PR,ÂNGULO,Tentativa de feminicídio,1/10/2025,0
PR,ÂNGULO,Tentativa de feminicídio,1/11/2025,0
PR,ÂNGULO,Tentativa de feminicídio,1/12/2025,0